MSG:1005,0,1,"MakeMKV v1.18.4 linux(x64-release) started","%1 started","MakeMKV v1.18.4 linux(x64-release)"
PRGT:5018,0,"Scanning CD-ROM devices"
PRGC:5018,0,"Scanning CD-ROM devices"
PRGV:0,0,65536
PRGV:0,0,65536
PRGV:16384,0,65536
PRGV:16384,16384,65536
PRGV:65536,16384,65536
PRGV:65536,65536,65536
DRV:0,0,999,0,"DVD+R-DL PLDS DVD-RW DH16AFSH DL31 8SSDX0F17036L1CB5800MGJ","","/dev/sr1"
DRV:1,0,999,0,"BD-RE ASUS SBW-06D5H-U E101 AFDL222859WL","","/dev/sr2"
DRV:2,0,999,0,"BD-RE ASUS BW-16D1HT 3.10 KL1OBDB4635","","/dev/sr0"
DRV:3,256,999,0,"","",""
DRV:4,256,999,0,"","",""
DRV:5,256,999,0,"","",""
DRV:6,256,999,0,"","",""
DRV:7,256,999,0,"","",""
DRV:8,256,999,0,"","",""
DRV:9,256,999,0,"","",""
DRV:10,256,999,0,"","",""
DRV:11,256,999,0,"","",""
DRV:12,256,999,0,"","",""
DRV:13,256,999,0,"","",""
DRV:14,256,999,0,"","",""
DRV:15,256,999,0,"","",""
PRGV:0,65536,65536
PRGV:0,0,65536
MSG:5072,131072,1,"Backing up disc into folder \"file:///media/backup/dump/_dev5/OTAKU_NO_VIDEO_3ed3dd1f5f5f5f4d.iso\"","Backing up disc into folder \"%1\"","file:///media/backup/dump/_dev5/OTAKU_NO_VIDEO_3ed3dd1f5f5f5f4d.iso"
PRGT:5047,0,"Copying all files"
PRGC:3102,0,"Processing title sets"
PRGV:0,0,65536
PRGV:0,0,65536
PRGV:3449,0,65536
PRGV:6898,0,65536
PRGV:10347,0,65536
PRGV:13797,0,65536
PRGV:17246,0,65536
PRGV:20695,0,65536
PRGV:24144,0,65536
PRGV:27594,0,65536
PRGV:31043,0,65536
PRGV:34492,0,65536
PRGV:37941,0,65536
PRGV:41391,0,65536
PRGV:44840,0,65536
PRGV:48289,0,65536
PRGV:51738,0,65536
PRGV:55188,0,65536
PRGV:58637,0,65536
PRGV:62086,0,65536
PRGC:3120,1,"Scanning contents"
PRGV:0,0,65536
PRGV:655,0,65536
PRGV:1310,0,65536
PRGV:1966,0,65536
PRGV:7864,0,65536
PRGV:9830,0,65536
PRGV:10485,0,65536
PRGV:11141,0,65536
PRGV:12451,0,65536
PRGV:13762,0,65536
PRGV:17039,0,65536
PRGV:21626,0,65536
PRGV:22937,0,65536
PRGV:23592,0,65536
PRGV:25559,0,65536
PRGV:28835,0,65536
PRGV:28835,1,65536
PRGV:30146,1,65536
PRGV:30801,1,65536
PRGV:31457,1,65536
PRGV:32112,1,65536
PRGV:32768,1,65536
PRGV:33423,1,65536
PRGV:34078,1,65536
PRGV:34734,1,65536
PRGV:35389,1,65536
PRGV:36044,1,65536
PRGV:36700,1,65536
PRGV:37355,1,65536
PRGC:5046,0,"Copying file"
PRGV:0,1,65536
PRGV:1,1,65536
PRGV:1,2,65536
PRGV:3,2,65536
PRGV:3,5,65536
PRGV:6,5,65536
PRGV:6,7,65536
PRGV:7,7,65536
PRGV:7,9,65536
PRGV:9,9,65536
PRGV:9,11,65536
PRGV:11,11,65536
PRGV:11,12,65536
PRGV:13,12,65536
PRGV:13,15,65536
PRGV:15,15,65536
PRGV:15,16,65536
PRGV:17,16,65536
PRGV:17,18,65536
PRGV:19,18,65536
PRGV:19,21,65536
PRGV:21,21,65536
PRGV:21,22,65536
PRGV:23,22,65536
PRGV:23,24,65536
PRGV:25,24,65536
PRGV:25,26,65536
PRGV:27,26,65536
PRGV:27,28,65536
PRGV:29,28,65536
PRGV:29,30,65536
PRGV:29,31,65536
PRGV:31,31,65536
PRGV:31,32,65536
PRGV:33,32,65536
PRGV:33,34,65536
PRGV:35,34,65536
PRGV:35,36,65536
PRGV:37,36,65536
PRGV:37,38,65536
PRGV:39,38,65536
PRGV:39,40,65536
PRGV:41,40,65536
PRGV:41,42,65536
PRGV:43,42,65536
PRGV:43,44,65536
PRGV:45,44,65536
PRGV:45,46,65536
PRGV:47,46,65536
PRGV:47,48,65536
PRGV:49,48,65536
PRGV:49,50,65536
PRGV:51,50,65536
PRGV:51,52,65536
PRGV:53,52,65536
PRGV:53,54,65536
PRGV:55,54,65536
PRGV:55,56,65536
PRGV:57,56,65536
PRGV:57,58,65536
PRGV:59,58,65536
PRGV:59,60,65536
PRGV:61,60,65536
PRGV:61,62,65536
PRGV:62,62,65536
PRGV:62,64,65536
PRGV:64,64,65536
PRGV:64,66,65536
PRGV:67,66,65536
PRGV:67,68,65536
PRGV:68,68,65536
PRGV:68,70,65536
PRGV:71,70,65536
PRGV:71,72,65536
PRGV:73,72,65536
PRGV:73,74,65536
PRGV:74,74,65536
PRGV:74,76,65536
PRGV:77,76,65536
PRGV:77,78,65536
PRGV:79,78,65536
PRGV:79,80,65536
PRGV:80,80,65536
PRGV:80,82,65536
PRGV:83,82,65536
PRGV:83,84,65536
PRGV:84,84,65536
PRGV:84,86,65536
PRGV:87,86,65536
PRGV:87,88,65536
PRGV:88,88,65536
PRGV:88,89,65536
PRGV:90,89,65536
PRGV:90,92,65536
PRGV:93,92,65536
PRGV:93,94,65536
PRGV:95,94,65536
PRGV:95,96,65536
PRGV:96,96,65536
PRGV:96,98,65536
PRGV:98,98,65536
PRGV:98,99,65536
PRGV:100,99,65536
PRGV:100,102,65536
PRGV:103,102,65536
PRGV:103,104,65536
PRGV:104,104,65536
PRGV:104,105,65536
PRGV:106,105,65536
PRGV:106,108,65536
PRGV:109,108,65536
PRGV:109,110,65536
PRGV:110,110,65536
PRGV:110,112,65536
PRGV:112,112,65536
PRGV:112,114,65536
PRGV:114,114,65536
PRGV:114,115,65536
PRGV:116,115,65536
PRGV:116,118,65536
PRGV:118,118,65536
PRGV:118,120,65536
PRGV:120,120,65536
PRGV:120,121,65536
PRGV:122,121,65536
PRGV:122,124,65536
PRGV:124,124,65536
PRGV:124,125,65536
PRGV:126,125,65536
PRGV:126,127,65536
PRGV:128,127,65536
PRGV:128,130,65536
PRGV:131,130,65536
PRGV:131,132,65536
PRGV:132,132,65536
PRGV:132,134,65536
PRGV:134,134,65536
PRGV:134,135,65536
PRGV:136,135,65536
PRGV:136,137,65536
PRGV:138,137,65536
PRGV:138,140,65536
PRGV:141,140,65536
PRGV:141,142,65536
PRGV:142,142,65536
PRGV:142,143,65536
PRGV:144,143,65536
PRGV:144,145,65536
PRGV:146,145,65536
PRGV:146,147,65536
PRGV:148,147,65536
PRGV:148,150,65536
PRGV:150,150,65536
PRGV:150,151,65536
PRGV:152,151,65536
PRGV:152,153,65536
PRGV:154,153,65536
PRGV:154,155,65536
PRGV:156,155,65536
PRGV:156,157,65536
PRGV:158,157,65536
PRGV:158,159,65536
PRGV:160,159,65536
PRGV:160,162,65536
PRGV:162,162,65536
PRGV:162,163,65536
PRGV:164,163,65536
PRGV:164,165,65536
PRGV:166,165,65536
PRGV:166,167,65536
PRGV:166,168,65536
PRGV:168,168,65536
PRGV:168,169,65536
PRGV:170,169,65536
PRGV:170,172,65536
PRGV:172,172,65536
PRGV:172,173,65536
PRGV:174,173,65536
PRGV:174,175,65536
PRGV:176,175,65536
PRGV:176,178,65536
PRGV:178,178,65536
PRGV:178,179,65536
PRGV:180,179,65536
PRGV:180,181,65536
PRGV:182,181,65536
PRGV:182,183,65536
PRGV:184,183,65536
PRGV:184,185,65536
PRGV:186,185,65536
PRGV:186,188,65536
PRGV:188,188,65536
PRGV:188,189,65536
PRGV:190,189,65536
PRGV:190,191,65536
PRGV:192,191,65536
PRGV:192,194,65536
PRGV:194,194,65536
PRGV:194,195,65536
PRGV:196,195,65536
PRGV:196,197,65536
PRGV:198,197,65536
PRGV:198,200,65536
PRGV:200,200,65536
PRGV:200,201,65536
PRGV:202,201,65536
PRGV:202,203,65536
PRGV:204,203,65536
PRGV:204,205,65536
PRGV:206,205,65536
PRGV:206,207,65536
PRGV:208,207,65536
PRGV:208,210,65536
PRGV:210,210,65536
PRGV:210,211,65536
PRGV:212,211,65536
PRGV:212,213,65536
PRGV:214,213,65536
PRGV:214,215,65536
PRGV:216,215,65536
PRGV:216,217,65536
PRGV:218,217,65536
PRGV:218,219,65536
PRGV:220,219,65536
PRGV:220,222,65536
PRGV:222,222,65536
PRGV:222,223,65536
PRGV:224,223,65536
PRGV:224,226,65536
PRGV:226,226,65536
PRGV:226,227,65536
PRGV:228,227,65536
PRGV:228,229,65536
PRGV:230,229,65536
PRGV:230,232,65536
PRGV:233,232,65536
PRGV:233,234,65536
PRGV:234,234,65536
PRGV:234,235,65536
PRGV:236,235,65536
PRGV:236,237,65536
PRGV:238,237,65536
PRGV:238,239,65536
PRGV:240,239,65536
PRGV:240,241,65536
PRGV:242,241,65536
PRGV:242,244,65536
PRGV:244,244,65536
PRGV:244,245,65536
PRGV:246,245,65536
PRGV:246,247,65536
PRGV:248,247,65536
PRGV:248,249,65536
PRGV:250,249,65536
PRGV:250,251,65536
PRGV:252,251,65536
PRGV:252,254,65536
PRGV:255,254,65536
PRGV:255,256,65536
PRGV:256,256,65536
PRGV:256,257,65536
PRGV:258,257,65536
PRGV:258,259,65536
PRGV:260,259,65536
PRGV:260,261,65536
PRGV:262,261,65536
PRGV:262,264,65536
PRGV:264,264,65536
PRGV:264,266,65536
PRGV:266,266,65536
PRGV:266,267,65536
PRGV:268,267,65536
PRGV:268,270,65536
PRGV:270,270,65536
PRGV:270,271,65536
PRGV:272,271,65536
PRGV:272,273,65536
PRGV:274,273,65536
PRGV:274,276,65536
PRGV:276,276,65536
PRGV:276,277,65536
PRGV:278,277,65536
PRGV:278,280,65536
PRGV:280,280,65536
PRGV:280,282,65536
PRGV:283,282,65536
PRGV:283,284,65536
PRGV:284,284,65536
PRGV:284,286,65536
PRGV:286,286,65536
PRGV:286,287,65536
PRGV:288,287,65536
PRGV:288,289,65536
PRGV:290,289,65536
PRGV:290,292,65536
PRGV:293,292,65536
PRGV:293,294,65536
PRGV:294,294,65536
PRGV:294,295,65536
PRGV:296,295,65536
PRGV:296,298,65536
PRGV:298,298,65536
PRGV:298,299,65536
PRGV:300,299,65536
PRGV:300,302,65536
PRGV:302,302,65536
PRGV:302,304,65536
PRGV:305,304,65536
PRGV:305,306,65536
PRGV:306,306,65536
PRGV:306,308,65536
PRGV:309,308,65536
PRGV:309,310,65536
PRGV:310,310,65536
PRGV:310,311,65536
PRGV:312,311,65536
PRGV:312,314,65536
PRGV:315,314,65536
PRGV:315,316,65536
PRGV:317,316,65536
PRGV:317,318,65536
PRGV:318,318,65536
PRGV:318,320,65536
PRGV:320,320,65536
PRGV:320,321,65536
PRGV:322,321,65536
PRGV:322,324,65536
PRGV:324,324,65536
PRGV:324,326,65536
PRGV:327,326,65536
PRGV:327,328,65536
PRGV:329,328,65536
PRGV:329,330,65536
PRGV:331,330,65536
PRGV:331,332,65536
PRGV:333,332,65536
PRGV:333,334,65536
PRGV:334,334,65536
PRGV:334,336,65536
PRGV:337,336,65536
PRGV:337,338,65536
PRGV:339,338,65536
PRGV:339,340,65536
PRGV:341,340,65536
PRGV:341,342,65536
PRGV:343,342,65536
PRGV:343,344,65536
PRGV:345,344,65536
PRGV:345,346,65536
PRGV:347,346,65536
PRGV:347,348,65536
PRGV:349,348,65536
PRGV:349,350,65536
PRGV:351,350,65536
PRGV:351,352,65536
PRGV:353,352,65536
PRGV:353,354,65536
PRGV:355,354,65536
PRGV:355,356,65536
PRGV:357,356,65536
PRGV:357,358,65536
PRGV:359,358,65536
PRGV:359,360,65536
PRGV:361,360,65536
PRGV:361,362,65536
PRGV:363,362,65536
PRGV:363,364,65536
PRGV:365,364,65536
PRGV:365,366,65536
PRGV:367,366,65536
PRGV:367,368,65536
PRGV:369,368,65536
PRGV:369,370,65536
PRGV:371,370,65536
PRGV:371,373,65536
PRGV:373,373,65536
PRGV:373,374,65536
PRGV:375,374,65536
PRGV:375,376,65536
PRGV:377,376,65536
PRGV:377,378,65536
PRGV:379,378,65536
PRGV:379,380,65536
PRGV:381,380,65536
PRGV:381,383,65536
PRGV:383,383,65536
PRGV:383,385,65536
PRGV:385,385,65536
PRGV:385,386,65536
PRGV:387,386,65536
PRGV:387,388,65536
PRGV:389,388,65536
PRGV:389,390,65536
PRGV:391,390,65536
PRGV:391,392,65536
PRGV:393,392,65536
PRGV:393,395,65536
PRGV:396,395,65536
PRGV:396,397,65536
PRGV:397,397,65536
PRGV:397,398,65536
PRGV:399,398,65536
PRGV:399,400,65536
PRGV:401,400,65536
PRGV:401,402,65536
PRGV:403,402,65536
PRGV:403,405,65536
PRGV:405,405,65536
PRGV:405,407,65536
PRGV:407,407,65536
PRGV:407,408,65536
PRGV:409,408,65536
PRGV:409,411,65536
PRGV:412,411,65536
PRGV:412,413,65536
PRGV:414,413,65536
PRGV:414,415,65536
PRGV:415,415,65536
PRGV:415,417,65536
PRGV:418,417,65536
PRGV:418,419,65536
PRGV:419,419,65536
PRGV:419,421,65536
PRGV:421,421,65536
PRGV:421,423,65536
PRGV:424,423,65536
PRGV:424,425,65536
PRGV:426,425,65536
PRGV:426,427,65536
PRGV:428,427,65536
PRGV:428,429,65536
PRGV:430,429,65536
PRGV:430,431,65536
PRGV:432,431,65536
PRGV:432,433,65536
PRGV:434,433,65536
PRGV:434,435,65536
PRGV:436,435,65536
PRGV:436,437,65536
PRGV:438,437,65536
PRGV:438,439,65536
PRGV:440,439,65536
PRGV:440,441,65536
PRGV:442,441,65536
PRGV:442,444,65536
PRGV:444,444,65536
PRGV:444,445,65536
PRGV:446,445,65536
PRGV:446,447,65536
PRGV:448,447,65536
PRGV:448,449,65536
PRGV:450,449,65536
PRGV:450,451,65536
PRGV:452,451,65536
PRGV:452,454,65536
PRGV:454,454,65536
PRGV:454,456,65536
PRGV:456,456,65536
PRGV:456,457,65536
PRGV:458,457,65536
PRGV:458,460,65536
PRGV:461,460,65536
PRGV:461,462,65536
PRGV:462,462,65536
PRGV:462,463,65536
PRGV:464,463,65536
PRGV:464,466,65536
PRGV:467,466,65536
PRGV:467,468,65536
PRGV:468,468,65536
PRGV:468,470,65536
PRGV:470,470,65536
PRGV:470,472,65536
PRGV:473,472,65536
PRGV:473,474,65536
PRGV:475,474,65536
PRGV:475,476,65536
PRGV:477,476,65536
PRGV:477,478,65536
PRGV:479,478,65536
PRGV:479,480,65536
PRGV:480,480,65536
PRGV:480,482,65536
PRGV:483,482,65536
PRGV:483,484,65536
PRGV:485,484,65536
PRGV:485,486,65536
PRGV:487,486,65536
PRGV:487,488,65536
PRGV:489,488,65536
PRGV:489,490,65536
PRGV:491,490,65536
PRGV:491,492,65536
PRGV:493,492,65536
PRGV:493,494,65536
PRGV:495,494,65536
PRGV:495,497,65536
PRGV:497,497,65536
PRGV:497,498,65536
PRGV:499,498,65536
PRGV:499,500,65536
PRGV:501,500,65536
PRGV:501,502,65536
PRGV:503,502,65536
PRGV:503,504,65536
PRGV:505,504,65536
PRGV:505,506,65536
PRGV:507,506,65536
PRGV:507,509,65536
PRGV:509,509,65536
PRGV:509,510,65536
PRGV:511,510,65536
PRGV:511,513,65536
PRGV:513,513,65536
PRGV:513,515,65536
PRGV:515,515,65536
PRGV:515,516,65536
PRGV:517,516,65536
PRGV:517,519,65536
PRGV:519,519,65536
PRGV:519,521,65536
PRGV:522,521,65536
PRGV:522,523,65536
PRGV:523,523,65536
PRGV:523,525,65536
PRGV:526,525,65536
PRGV:526,527,65536
PRGV:527,527,65536
PRGV:527,528,65536
PRGV:529,528,65536
PRGV:529,531,65536
PRGV:532,531,65536
PRGV:532,533,65536
PRGV:534,533,65536
PRGV:534,535,65536
PRGV:535,535,65536
PRGV:535,537,65536
PRGV:538,537,65536
PRGV:538,539,65536
PRGV:540,539,65536
PRGV:540,541,65536
PRGV:542,541,65536
PRGV:542,543,65536
PRGV:544,543,65536
PRGV:544,545,65536
PRGV:546,545,65536
PRGV:546,547,65536
PRGV:548,547,65536
PRGV:548,549,65536
PRGV:550,549,65536
PRGV:550,551,65536
PRGV:552,551,65536
PRGV:552,553,65536
PRGV:554,553,65536
PRGV:554,555,65536
PRGV:556,555,65536
PRGV:556,558,65536
PRGV:559,558,65536
PRGV:559,560,65536
PRGV:560,560,65536
PRGV:560,562,65536
PRGV:562,562,65536
PRGV:562,563,65536
PRGV:564,563,65536
PRGV:564,565,65536
PRGV:566,565,65536
PRGV:566,568,65536
PRGV:569,568,65536
PRGV:569,570,65536
PRGV:571,570,65536
PRGV:571,572,65536
PRGV:572,572,65536
PRGV:572,574,65536
PRGV:575,574,65536
PRGV:575,576,65536
PRGV:577,576,65536
PRGV:577,578,65536
PRGV:579,578,65536
PRGV:579,580,65536
PRGV:581,580,65536
PRGV:581,582,65536
PRGV:583,582,65536
PRGV:583,584,65536
PRGV:584,584,65536
PRGV:584,586,65536
PRGV:587,586,65536
PRGV:587,588,65536
PRGV:589,588,65536
PRGV:589,590,65536
PRGV:591,590,65536
PRGV:591,592,65536
PRGV:593,592,65536
PRGV:593,595,65536
PRGV:595,595,65536
PRGV:595,596,65536
PRGV:597,596,65536
PRGV:597,598,65536
PRGV:599,598,65536
PRGV:599,601,65536
PRGV:602,601,65536
PRGV:602,603,65536
PRGV:603,603,65536
PRGV:603,604,65536
PRGV:605,604,65536
PRGV:605,607,65536
PRGV:607,607,65536
PRGV:607,608,65536
PRGV:609,608,65536
PRGV:609,611,65536
PRGV:611,611,65536
PRGV:611,613,65536
PRGV:614,613,65536
PRGV:614,615,65536
PRGV:616,615,65536
PRGV:616,617,65536
PRGV:618,617,65536
PRGV:618,619,65536
PRGV:620,619,65536
PRGV:620,621,65536
PRGV:621,621,65536
PRGV:621,623,65536
PRGV:624,623,65536
PRGV:624,625,65536
PRGV:626,625,65536
PRGV:626,627,65536
PRGV:628,627,65536
PRGV:628,629,65536
PRGV:630,629,65536
PRGV:630,631,65536
PRGV:632,631,65536
PRGV:632,634,65536
PRGV:634,634,65536
PRGV:634,635,65536
PRGV:636,635,65536
PRGV:636,638,65536
PRGV:638,638,65536
PRGV:638,640,65536
PRGV:641,640,65536
PRGV:641,642,65536
PRGV:642,642,65536
PRGV:642,644,65536
PRGV:644,644,65536
PRGV:644,645,65536
PRGV:646,645,65536
PRGV:646,647,65536
PRGV:648,647,65536
PRGV:648,650,65536
PRGV:651,650,65536
PRGV:651,652,65536
PRGV:653,652,65536
PRGV:653,654,65536
PRGV:655,654,65536
PRGV:655,656,65536
PRGV:657,656,65536
PRGV:657,658,65536
PRGV:659,658,65536
PRGV:659,660,65536
PRGV:661,660,65536
PRGV:661,662,65536
PRGV:663,662,65536
PRGV:663,664,65536
PRGV:665,664,65536
PRGV:665,666,65536
PRGV:667,666,65536
PRGV:667,668,65536
PRGV:669,668,65536
PRGV:669,671,65536
PRGV:672,671,65536
PRGV:672,673,65536
PRGV:673,673,65536
PRGV:673,674,65536
PRGV:675,674,65536
PRGV:675,677,65536
PRGV:678,677,65536
PRGV:678,679,65536
PRGV:680,679,65536
PRGV:680,681,65536
PRGV:681,681,65536
PRGV:681,683,65536
PRGV:684,683,65536
PRGV:684,685,65536
PRGV:686,685,65536
PRGV:686,687,65536
PRGV:687,687,65536
PRGV:687,689,65536
PRGV:690,689,65536
PRGV:690,691,65536
PRGV:692,691,65536
PRGV:692,693,65536
PRGV:694,693,65536
PRGV:694,695,65536
PRGV:696,695,65536
PRGV:696,698,65536
PRGV:699,698,65536
PRGV:699,700,65536
PRGV:700,700,65536
PRGV:700,701,65536
PRGV:702,701,65536
PRGV:702,704,65536
PRGV:704,704,65536
PRGV:704,705,65536
PRGV:706,705,65536
PRGV:706,707,65536
PRGV:708,707,65536
PRGV:708,710,65536
PRGV:711,710,65536
PRGV:711,712,65536
PRGV:713,712,65536
PRGV:713,714,65536
PRGV:714,714,65536
PRGV:714,716,65536
PRGV:717,716,65536
PRGV:717,718,65536
PRGV:719,718,65536
PRGV:719,720,65536
PRGV:721,720,65536
PRGV:721,722,65536
PRGV:723,722,65536
PRGV:723,724,65536
PRGV:725,724,65536
PRGV:725,726,65536
PRGV:727,726,65536
PRGV:727,728,65536
PRGV:729,728,65536
PRGV:729,731,65536
PRGV:731,731,65536
PRGV:731,732,65536
PRGV:733,732,65536
PRGV:733,734,65536
PRGV:735,734,65536
PRGV:735,737,65536
PRGV:737,737,65536
PRGV:737,738,65536
PRGV:738,738,65536
PRGV:738,739,65536
PRGV:739,739,65536
PRGV:739,741,65536
PRGV:741,741,65536
PRGV:741,743,65536
PRGV:744,743,65536
PRGV:744,745,65536
PRGV:746,745,65536
PRGV:746,747,65536
PRGV:748,747,65536
PRGV:748,749,65536
PRGV:750,749,65536
PRGV:750,751,65536
PRGV:752,751,65536
PRGV:752,753,65536
PRGV:754,753,65536
PRGV:754,755,65536
PRGV:756,755,65536
PRGV:756,758,65536
PRGV:758,758,65536
PRGV:758,759,65536
PRGV:760,759,65536
PRGV:760,761,65536
PRGV:762,761,65536
PRGV:762,763,65536
PRGV:764,763,65536
PRGV:764,765,65536
PRGV:766,765,65536
PRGV:766,768,65536
PRGV:768,768,65536
PRGV:768,770,65536
PRGV:771,770,65536
PRGV:771,772,65536
PRGV:773,772,65536
PRGV:773,774,65536
PRGV:775,774,65536
PRGV:775,776,65536
PRGV:777,776,65536
PRGV:777,778,65536
PRGV:779,778,65536
PRGV:779,780,65536
PRGV:781,780,65536
PRGV:781,782,65536
PRGV:783,782,65536
PRGV:783,784,65536
PRGV:785,784,65536
PRGV:785,786,65536
PRGV:787,786,65536
PRGV:787,788,65536
PRGV:789,788,65536
PRGV:789,791,65536
PRGV:792,791,65536
PRGV:792,793,65536
PRGV:794,793,65536
PRGV:794,795,65536
PRGV:795,795,65536
PRGV:795,797,65536
PRGV:797,797,65536
PRGV:797,798,65536
PRGV:798,798,65536
PRGV:798,799,65536
PRGV:799,799,65536
PRGV:799,801,65536
PRGV:802,801,65536
PRGV:802,803,65536
PRGV:804,803,65536
PRGV:804,805,65536
PRGV:806,805,65536
PRGV:806,807,65536
PRGV:808,807,65536
PRGV:808,809,65536
PRGV:810,809,65536
PRGV:810,812,65536
PRGV:813,812,65536
PRGV:813,814,65536
PRGV:814,814,65536
PRGV:814,815,65536
PRGV:816,815,65536
PRGV:816,818,65536
PRGV:818,818,65536
PRGV:818,819,65536
PRGV:820,819,65536
PRGV:820,822,65536
PRGV:822,822,65536
PRGV:822,824,65536
PRGV:825,824,65536
PRGV:825,826,65536
PRGV:827,826,65536
PRGV:827,828,65536
PRGV:829,828,65536
PRGV:829,830,65536
PRGV:831,830,65536
PRGV:831,833,65536
PRGV:833,833,65536
PRGV:833,834,65536
PRGV:835,834,65536
PRGV:835,836,65536
PRGV:837,836,65536
PRGV:837,838,65536
PRGV:839,838,65536
PRGV:839,840,65536
PRGV:841,840,65536
PRGV:841,842,65536
PRGV:843,842,65536
PRGV:843,845,65536
PRGV:846,845,65536
PRGV:846,847,65536
PRGV:848,847,65536
PRGV:848,849,65536
PRGV:850,849,65536
PRGV:850,851,65536
PRGV:852,851,65536
PRGV:852,853,65536
PRGV:854,853,65536
PRGV:854,855,65536
PRGV:856,855,65536
PRGV:856,857,65536
PRGV:858,857,65536
PRGV:858,859,65536
PRGV:860,859,65536
PRGV:860,861,65536
PRGV:862,861,65536
PRGV:862,863,65536
PRGV:864,863,65536
PRGV:864,866,65536
PRGV:867,866,65536
PRGV:867,868,65536
PRGV:869,868,65536
PRGV:869,870,65536
PRGV:871,870,65536
PRGV:871,872,65536
PRGV:873,872,65536
PRGV:873,874,65536
PRGV:875,874,65536
PRGV:875,876,65536
PRGV:877,876,65536
PRGV:877,878,65536
PRGV:879,878,65536
PRGV:879,880,65536
PRGV:881,880,65536
PRGV:881,882,65536
PRGV:883,882,65536
PRGV:883,884,65536
PRGV:885,884,65536
PRGV:885,887,65536
PRGV:887,887,65536
PRGV:887,889,65536
PRGV:890,889,65536
PRGV:890,891,65536
PRGV:892,891,65536
PRGV:892,893,65536
PRGV:894,893,65536
PRGV:894,895,65536
PRGV:896,895,65536
PRGV:896,897,65536
PRGV:897,897,65536
PRGV:897,899,65536
PRGV:900,899,65536
PRGV:900,901,65536
PRGV:902,901,65536
PRGV:902,903,65536
PRGV:904,903,65536
PRGV:904,905,65536
PRGV:906,905,65536
PRGV:906,907,65536
PRGV:908,907,65536
PRGV:908,910,65536
PRGV:911,910,65536
PRGV:911,912,65536
PRGV:912,912,65536
PRGV:912,913,65536
PRGV:914,913,65536
PRGV:914,916,65536
PRGV:917,916,65536
PRGV:917,918,65536
PRGV:919,918,65536
PRGV:919,920,65536
PRGV:921,920,65536
PRGV:921,922,65536
PRGV:923,922,65536
PRGV:923,925,65536
PRGV:925,925,65536
PRGV:925,926,65536
PRGV:927,926,65536
PRGV:927,928,65536
PRGV:929,928,65536
PRGV:929,930,65536
PRGV:931,930,65536
PRGV:931,932,65536
PRGV:933,932,65536
PRGV:933,934,65536
PRGV:935,934,65536
PRGV:935,937,65536
PRGV:938,937,65536
PRGV:938,939,65536
PRGV:940,939,65536
PRGV:940,941,65536
PRGV:942,941,65536
PRGV:942,943,65536
PRGV:944,943,65536
PRGV:944,945,65536
PRGV:946,945,65536
PRGV:946,947,65536
PRGV:948,947,65536
PRGV:948,949,65536
PRGV:950,949,65536
PRGV:950,952,65536
PRGV:952,952,65536
PRGV:952,954,65536
PRGV:955,954,65536
PRGV:955,956,65536
PRGV:956,956,65536
PRGV:956,958,65536
PRGV:959,958,65536
PRGV:959,960,65536
PRGV:960,960,65536
PRGV:960,961,65536
PRGV:962,961,65536
PRGV:962,964,65536
PRGV:965,964,65536
PRGV:965,966,65536
PRGV:967,966,65536
PRGV:967,968,65536
PRGV:969,968,65536
PRGV:969,970,65536
PRGV:971,970,65536
PRGV:971,972,65536
PRGV:973,972,65536
PRGV:973,975,65536
PRGV:976,975,65536
PRGV:976,977,65536
PRGV:977,977,65536
PRGV:977,978,65536
PRGV:979,978,65536
PRGV:979,981,65536
PRGV:982,981,65536
PRGV:982,983,65536
PRGV:984,983,65536
PRGV:984,985,65536
PRGV:986,985,65536
PRGV:986,987,65536
PRGV:988,987,65536
PRGV:988,990,65536
PRGV:990,990,65536
PRGV:990,991,65536
PRGV:992,991,65536
PRGV:992,993,65536
PRGV:994,993,65536
PRGV:994,996,65536
PRGV:996,996,65536
PRGV:996,997,65536
PRGV:998,997,65536
PRGV:998,999,65536
PRGV:1000,999,65536
PRGV:1000,1002,65536
PRGV:1003,1002,65536
PRGV:1003,1004,65536
PRGV:1005,1004,65536
PRGV:1005,1006,65536
PRGV:1007,1006,65536
PRGV:1007,1008,65536
PRGV:1009,1008,65536
PRGV:1009,1010,65536
PRGV:1011,1010,65536
PRGV:1011,1012,65536
PRGV:1013,1012,65536
PRGV:1013,1014,65536
PRGV:1015,1014,65536
PRGV:1015,1016,65536
PRGV:1017,1016,65536
PRGV:1017,1019,65536
PRGV:1020,1019,65536
PRGV:1020,1021,65536
PRGV:1022,1021,65536
PRGV:1022,1023,65536
PRGV:1024,1023,65536
PRGV:1024,1025,65536
PRGV:1026,1025,65536
PRGV:1026,1027,65536
PRGV:1028,1027,65536
PRGV:1028,1029,65536
PRGV:1030,1029,65536
PRGV:1030,1031,65536
PRGV:1032,1031,65536
PRGV:1032,1033,65536
PRGV:1032,1034,65536
PRGV:1034,1034,65536
PRGV:1034,1035,65536
PRGV:1036,1035,65536
PRGV:1036,1037,65536
PRGV:1038,1037,65536
PRGV:1038,1040,65536
PRGV:1041,1040,65536
PRGV:1041,1042,65536
PRGV:1043,1042,65536
PRGV:1043,1044,65536
PRGV:1045,1044,65536
PRGV:1045,1046,65536
PRGV:1047,1046,65536
PRGV:1047,1048,65536
PRGV:1049,1048,65536
PRGV:1049,1050,65536
PRGV:1051,1050,65536
PRGV:1051,1052,65536
PRGV:1053,1052,65536
PRGV:1053,1055,65536
PRGV:1055,1055,65536
PRGV:1055,1057,65536
PRGV:1058,1057,65536
PRGV:1058,1059,65536
PRGV:1060,1059,65536
PRGV:1060,1061,65536
PRGV:1062,1061,65536
PRGV:1062,1063,65536
PRGV:1064,1063,65536
PRGV:1064,1065,65536
PRGV:1066,1065,65536
PRGV:1066,1067,65536
PRGV:1068,1067,65536
PRGV:1068,1069,65536
PRGV:1070,1069,65536
PRGV:1070,1071,65536
PRGV:1072,1071,65536
PRGV:1072,1073,65536
PRGV:1074,1073,65536
PRGV:1074,1075,65536
PRGV:1076,1075,65536
PRGV:1076,1078,65536
PRGV:1079,1078,65536
PRGV:1079,1080,65536
PRGV:1081,1080,65536
PRGV:1081,1082,65536
PRGV:1082,1082,65536
PRGV:1082,1084,65536
PRGV:1085,1084,65536
PRGV:1085,1086,65536
PRGV:1087,1086,65536
PRGV:1087,1088,65536
PRGV:1089,1088,65536
PRGV:1089,1090,65536
PRGV:1091,1090,65536
PRGV:1091,1093,65536
PRGV:1093,1093,65536
PRGV:1093,1095,65536
PRGV:1096,1095,65536
PRGV:1096,1097,65536
PRGV:1098,1097,65536
PRGV:1098,1099,65536
PRGV:1100,1099,65536
PRGV:1100,1101,65536
PRGV:1102,1101,65536
PRGV:1102,1103,65536
PRGV:1104,1103,65536
PRGV:1104,1105,65536
PRGV:1106,1105,65536
PRGV:1106,1107,65536
PRGV:1108,1107,65536
PRGV:1108,1110,65536
PRGV:1111,1110,65536
PRGV:1111,1112,65536
PRGV:1113,1112,65536
PRGV:1113,1114,65536
PRGV:1115,1114,65536
PRGV:1115,1116,65536
PRGV:1117,1116,65536
PRGV:1117,1118,65536
PRGV:1119,1118,65536
PRGV:1119,1120,65536
PRGV:1121,1120,65536
PRGV:1121,1122,65536
PRGV:1123,1122,65536
PRGV:1123,1124,65536
PRGV:1125,1124,65536
PRGV:1125,1127,65536
PRGV:1127,1127,65536
PRGV:1127,1128,65536
PRGV:1129,1128,65536
PRGV:1129,1131,65536
PRGV:1131,1131,65536
PRGV:1131,1133,65536
PRGV:1134,1133,65536
PRGV:1134,1135,65536
PRGV:1136,1135,65536
PRGV:1136,1137,65536
PRGV:1138,1137,65536
PRGV:1138,1139,65536
PRGV:1140,1139,65536
PRGV:1140,1141,65536
PRGV:1142,1141,65536
PRGV:1142,1143,65536
PRGV:1144,1143,65536
PRGV:1144,1145,65536
PRGV:1146,1145,65536
PRGV:1146,1148,65536
PRGV:1149,1148,65536
PRGV:1149,1150,65536
PRGV:1151,1150,65536
PRGV:1151,1152,65536
PRGV:1153,1152,65536
PRGV:1153,1154,65536
PRGV:1155,1154,65536
PRGV:1155,1156,65536
PRGV:1157,1156,65536
PRGV:1157,1159,65536
PRGV:1159,1159,65536
PRGV:1159,1160,65536
PRGV:1161,1160,65536
PRGV:1161,1162,65536
PRGV:1163,1162,65536
PRGV:1163,1165,65536
PRGV:1166,1165,65536
PRGV:1166,1167,65536
PRGV:1168,1167,65536
PRGV:1168,1169,65536
PRGV:1170,1169,65536
PRGV:1170,1171,65536
PRGV:1172,1171,65536
PRGV:1172,1173,65536
PRGV:1174,1173,65536
PRGV:1174,1175,65536
PRGV:1176,1175,65536
PRGV:1176,1177,65536
PRGV:1178,1177,65536
PRGV:1178,1180,65536
PRGV:1181,1180,65536
PRGV:1181,1182,65536
PRGV:1183,1182,65536
PRGV:1183,1184,65536
PRGV:1185,1184,65536
PRGV:1185,1186,65536
PRGV:1187,1186,65536
PRGV:1187,1188,65536
PRGV:1189,1188,65536
PRGV:1189,1191,65536
PRGV:1192,1191,65536
PRGV:1192,1193,65536
PRGV:1193,1193,65536
PRGV:1193,1194,65536
PRGV:1195,1194,65536
PRGV:1195,1197,65536
PRGV:1198,1197,65536
PRGV:1198,1199,65536
PRGV:1200,1199,65536
PRGV:1200,1201,65536
PRGV:1201,1201,65536
PRGV:1201,1203,65536
PRGV:1204,1203,65536
PRGV:1204,1205,65536
PRGV:1206,1205,65536
PRGV:1206,1207,65536
PRGV:1208,1207,65536
PRGV:1208,1209,65536
PRGV:1210,1209,65536
PRGV:1210,1211,65536
PRGV:1212,1211,65536
PRGV:1212,1214,65536
PRGV:1215,1214,65536
PRGV:1215,1216,65536
PRGV:1217,1216,65536
PRGV:1217,1218,65536
PRGV:1219,1218,65536
PRGV:1219,1220,65536
PRGV:1221,1220,65536
PRGV:1221,1222,65536
PRGV:1223,1222,65536
PRGV:1223,1224,65536
PRGV:1225,1224,65536
PRGV:1225,1226,65536
PRGV:1227,1226,65536
PRGV:1227,1229,65536
PRGV:1230,1229,65536
PRGV:1230,1231,65536
PRGV:1232,1231,65536
PRGV:1232,1233,65536
PRGV:1234,1233,65536
PRGV:1234,1235,65536
PRGV:1236,1235,65536
PRGV:1236,1237,65536
PRGV:1238,1237,65536
PRGV:1238,1239,65536
PRGV:1240,1239,65536
PRGV:1240,1241,65536
PRGV:1242,1241,65536
PRGV:1242,1243,65536
PRGV:1244,1243,65536
PRGV:1244,1246,65536
PRGV:1247,1246,65536
PRGV:1247,1248,65536
PRGV:1249,1248,65536
PRGV:1249,1250,65536
PRGV:1251,1250,65536
PRGV:1251,1252,65536
PRGV:1253,1252,65536
PRGV:1253,1254,65536
PRGV:1255,1254,65536
PRGV:1255,1257,65536
PRGV:1258,1257,65536
PRGV:1258,1259,65536
PRGV:1259,1259,65536
PRGV:1259,1261,65536
PRGV:1261,1261,65536
PRGV:1261,1263,65536
PRGV:1264,1263,65536
PRGV:1264,1265,65536
PRGV:1266,1265,65536
PRGV:1266,1267,65536
PRGV:1268,1267,65536
PRGV:1268,1269,65536
PRGV:1270,1269,65536
PRGV:1270,1272,65536
PRGV:1272,1272,65536
PRGV:1272,1273,65536
PRGV:1274,1273,65536
PRGV:1274,1275,65536
PRGV:1276,1275,65536
PRGV:1276,1278,65536
PRGV:1279,1278,65536
PRGV:1279,1280,65536
PRGV:1281,1280,65536
PRGV:1281,1282,65536
PRGV:1283,1282,65536
PRGV:1283,1284,65536
PRGV:1285,1284,65536
PRGV:1285,1286,65536
PRGV:1287,1286,65536
PRGV:1287,1288,65536
PRGV:1289,1288,65536
PRGV:1289,1290,65536
PRGV:1291,1290,65536
PRGV:1291,1292,65536
PRGV:1293,1292,65536
PRGV:1293,1295,65536
PRGV:1296,1295,65536
PRGV:1296,1297,65536
PRGV:1297,1297,65536
PRGV:1297,1299,65536
PRGV:1299,1299,65536
PRGV:1299,1301,65536
PRGV:1302,1301,65536
PRGV:1302,1303,65536
PRGV:1304,1303,65536
PRGV:1304,1305,65536
PRGV:1306,1305,65536
PRGV:1306,1307,65536
PRGV:1308,1307,65536
PRGV:1308,1310,65536
PRGV:1311,1310,65536
PRGV:1311,1312,65536
PRGV:1313,1312,65536
PRGV:1313,1314,65536
PRGV:1315,1314,65536
PRGV:1315,1316,65536
PRGV:1317,1316,65536
PRGV:1317,1318,65536
PRGV:1319,1318,65536
PRGV:1319,1321,65536
PRGV:1322,1321,65536
PRGV:1322,1323,65536
PRGV:1323,1323,65536
PRGV:1323,1324,65536
PRGV:1325,1324,65536
PRGV:1325,1327,65536
PRGV:1328,1327,65536
PRGV:1328,1329,65536
PRGV:1330,1329,65536
PRGV:1330,1331,65536
PRGV:1332,1331,65536
PRGV:1332,1333,65536
PRGV:1334,1333,65536
PRGV:1334,1335,65536
PRGV:1336,1335,65536
PRGV:1336,1338,65536
PRGV:1339,1338,65536
PRGV:1339,1340,65536
PRGV:1341,1340,65536
PRGV:1341,1342,65536
PRGV:1343,1342,65536
PRGV:1343,1344,65536
PRGV:1345,1344,65536
PRGV:1345,1346,65536
PRGV:1347,1346,65536
PRGV:1347,1348,65536
PRGV:1349,1348,65536
PRGV:1349,1350,65536
PRGV:1351,1350,65536
PRGV:1351,1352,65536
PRGV:1353,1352,65536
PRGV:1353,1355,65536
PRGV:1356,1355,65536
PRGV:1356,1357,65536
PRGV:1358,1357,65536
PRGV:1358,1359,65536
PRGV:1360,1359,65536
PRGV:1360,1361,65536
PRGV:1362,1361,65536
PRGV:1362,1364,65536
PRGV:1364,1364,65536
PRGV:1364,1365,65536
PRGV:1366,1365,65536
PRGV:1366,1367,65536
PRGV:1368,1367,65536
PRGV:1368,1370,65536
PRGV:1371,1370,65536
PRGV:1371,1372,65536
PRGV:1373,1372,65536
PRGV:1373,1374,65536
PRGV:1375,1374,65536
PRGV:1375,1376,65536
PRGV:1377,1376,65536
PRGV:1377,1378,65536
PRGV:1379,1378,65536
PRGV:1379,1381,65536
PRGV:1381,1381,65536
PRGV:1381,1382,65536
PRGV:1383,1382,65536
PRGV:1383,1384,65536
PRGV:1385,1384,65536
PRGV:1385,1387,65536
PRGV:1388,1387,65536
PRGV:1388,1389,65536
PRGV:1390,1389,65536
PRGV:1390,1391,65536
PRGV:1393,1391,65536
PRGV:1393,1394,65536
PRGV:1395,1394,65536
PRGV:1395,1396,65536
PRGV:1396,1396,65536
PRGV:1396,1398,65536
PRGV:1399,1398,65536
PRGV:1399,1400,65536
PRGV:1401,1400,65536
PRGV:1401,1402,65536
PRGV:1403,1402,65536
PRGV:1403,1404,65536
PRGV:1405,1404,65536
PRGV:1405,1406,65536
PRGV:1407,1406,65536
PRGV:1407,1409,65536
PRGV:1410,1409,65536
PRGV:1410,1411,65536
PRGV:1411,1411,65536
PRGV:1411,1413,65536
PRGV:1414,1413,65536
PRGV:1414,1415,65536
PRGV:1416,1415,65536
PRGV:1416,1417,65536
PRGV:1418,1417,65536
PRGV:1418,1419,65536
PRGV:1420,1419,65536
PRGV:1420,1421,65536
PRGV:1422,1421,65536
PRGV:1422,1424,65536
PRGV:1425,1424,65536
PRGV:1425,1426,65536
PRGV:1427,1426,65536
PRGV:1427,1428,65536
PRGV:1429,1428,65536
PRGV:1429,1430,65536
PRGV:1431,1430,65536
PRGV:1431,1432,65536
PRGV:1433,1432,65536
PRGV:1433,1434,65536
PRGV:1435,1434,65536
PRGV:1435,1436,65536
PRGV:1437,1436,65536
PRGV:1437,1438,65536
PRGV:1439,1438,65536
PRGV:1439,1441,65536
PRGV:1442,1441,65536
PRGV:1442,1443,65536
PRGV:1444,1443,65536
PRGV:1444,1445,65536
PRGV:1446,1445,65536
PRGV:1446,1447,65536
PRGV:1448,1447,65536
PRGV:1448,1449,65536
PRGV:1450,1449,65536
PRGV:1450,1452,65536
PRGV:1453,1452,65536
PRGV:1453,1454,65536
PRGV:1455,1454,65536
PRGV:1455,1456,65536
PRGV:1457,1456,65536
PRGV:1457,1458,65536
PRGV:1459,1458,65536
PRGV:1459,1460,65536
PRGV:1461,1460,65536
PRGV:1461,1463,65536
PRGV:1464,1463,65536
PRGV:1464,1465,65536
PRGV:1466,1465,65536
PRGV:1466,1467,65536
PRGV:1467,1467,65536
PRGV:1467,1469,65536
PRGV:1470,1469,65536
PRGV:1470,1471,65536
PRGV:1472,1471,65536
PRGV:1472,1473,65536
PRGV:1474,1473,65536
PRGV:1474,1475,65536
PRGV:1476,1475,65536
PRGV:1476,1478,65536
PRGV:1479,1478,65536
PRGV:1479,1480,65536
PRGV:1481,1480,65536
PRGV:1481,1482,65536
PRGV:1483,1482,65536
PRGV:1483,1484,65536
PRGV:1485,1484,65536
PRGV:1485,1486,65536
PRGV:1487,1486,65536
PRGV:1487,1489,65536
PRGV:1489,1489,65536
PRGV:1489,1490,65536
PRGV:1492,1490,65536
PRGV:1492,1493,65536
PRGV:1494,1493,65536
PRGV:1494,1495,65536
PRGV:1496,1495,65536
PRGV:1496,1497,65536
PRGV:1498,1497,65536
PRGV:1498,1500,65536
PRGV:1501,1500,65536
PRGV:1501,1502,65536
PRGV:1503,1502,65536
PRGV:1503,1504,65536
PRGV:1504,1504,65536
PRGV:1504,1506,65536
PRGV:1507,1506,65536
PRGV:1507,1508,65536
PRGV:1509,1508,65536
PRGV:1509,1510,65536
PRGV:1511,1510,65536
PRGV:1511,1512,65536
PRGV:1513,1512,65536
PRGV:1513,1514,65536
PRGV:1515,1514,65536
PRGV:1515,1516,65536
PRGV:1518,1516,65536
PRGV:1518,1519,65536
PRGV:1520,1519,65536
PRGV:1520,1521,65536
PRGV:1522,1521,65536
PRGV:1522,1523,65536
PRGV:1524,1523,65536
PRGV:1524,1525,65536
PRGV:1526,1525,65536
PRGV:1526,1527,65536
PRGV:1528,1527,65536
PRGV:1528,1529,65536
PRGV:1530,1529,65536
PRGV:1530,1532,65536
PRGV:1532,1532,65536
PRGV:1532,1534,65536
PRGV:1535,1534,65536
PRGV:1535,1536,65536
PRGV:1537,1536,65536
PRGV:1537,1538,65536
PRGV:1539,1538,65536
PRGV:1539,1540,65536
PRGV:1541,1540,65536
PRGV:1541,1543,65536
PRGV:1544,1543,65536
PRGV:1544,1545,65536
PRGV:1546,1545,65536
PRGV:1546,1547,65536
PRGV:1548,1547,65536
PRGV:1548,1549,65536
PRGV:1550,1549,65536
PRGV:1550,1551,65536
PRGV:1552,1551,65536
PRGV:1552,1554,65536
PRGV:1555,1554,65536
PRGV:1555,1556,65536
PRGV:1557,1556,65536
PRGV:1557,1558,65536
PRGV:1559,1558,65536
PRGV:1559,1560,65536
PRGV:1561,1560,65536
PRGV:1561,1562,65536
PRGV:1563,1562,65536
PRGV:1563,1564,65536
PRGV:1565,1564,65536
PRGV:1565,1566,65536
PRGV:1567,1566,65536
PRGV:1567,1568,65536
PRGV:1569,1568,65536
PRGV:1569,1571,65536
PRGV:1572,1571,65536
PRGV:1572,1573,65536
PRGV:1574,1573,65536
PRGV:1574,1575,65536
PRGV:1577,1575,65536
PRGV:1577,1578,65536
PRGV:1579,1578,65536
PRGV:1579,1580,65536
PRGV:1581,1580,65536
PRGV:1581,1582,65536
PRGV:1583,1582,65536
PRGV:1583,1584,65536
PRGV:1585,1584,65536
PRGV:1585,1586,65536
PRGV:1587,1586,65536
PRGV:1587,1588,65536
PRGV:1589,1588,65536
PRGV:1589,1590,65536
PRGV:1591,1590,65536
PRGV:1591,1593,65536
PRGV:1594,1593,65536
PRGV:1594,1595,65536
PRGV:1596,1595,65536
PRGV:1596,1597,65536
PRGV:1598,1597,65536
PRGV:1598,1599,65536
PRGV:1600,1599,65536
PRGV:1600,1601,65536
PRGV:1602,1601,65536
PRGV:1602,1604,65536
PRGV:1605,1604,65536
PRGV:1605,1606,65536
PRGV:1607,1606,65536
PRGV:1607,1608,65536
PRGV:1609,1608,65536
PRGV:1609,1610,65536
PRGV:1611,1610,65536
PRGV:1611,1612,65536
PRGV:1613,1612,65536
PRGV:1613,1614,65536
PRGV:1615,1614,65536
PRGV:1615,1616,65536
PRGV:1617,1616,65536
PRGV:1617,1619,65536
PRGV:1620,1619,65536
PRGV:1620,1621,65536
PRGV:1622,1621,65536
PRGV:1622,1623,65536
PRGV:1624,1623,65536
PRGV:1624,1626,65536
PRGV:1627,1626,65536
PRGV:1627,1628,65536
PRGV:1629,1628,65536
PRGV:1629,1630,65536
PRGV:1631,1630,65536
PRGV:1631,1632,65536
PRGV:1633,1632,65536
PRGV:1633,1634,65536
PRGV:1635,1634,65536
PRGV:1635,1636,65536
PRGV:1637,1636,65536
PRGV:1637,1638,65536
PRGV:1639,1638,65536
PRGV:1639,1641,65536
PRGV:1642,1641,65536
PRGV:1642,1643,65536
PRGV:1644,1643,65536
PRGV:1644,1645,65536
PRGV:1646,1645,65536
PRGV:1646,1647,65536
PRGV:1648,1647,65536
PRGV:1648,1649,65536
PRGV:1650,1649,65536
PRGV:1650,1652,65536
PRGV:1653,1652,65536
PRGV:1653,1654,65536
PRGV:1655,1654,65536
PRGV:1655,1656,65536
PRGV:1657,1656,65536
PRGV:1657,1658,65536
PRGV:1659,1658,65536
PRGV:1659,1660,65536
PRGV:1661,1660,65536
PRGV:1661,1663,65536
PRGV:1664,1663,65536
PRGV:1664,1665,65536
PRGV:1666,1665,65536
PRGV:1666,1667,65536
PRGV:1668,1667,65536
PRGV:1668,1669,65536
PRGV:1670,1669,65536
PRGV:1670,1671,65536
PRGV:1672,1671,65536
PRGV:1672,1673,65536
PRGV:1674,1673,65536
PRGV:1674,1675,65536
PRGV:1676,1675,65536
PRGV:1676,1677,65536
PRGV:1678,1677,65536
PRGV:1678,1680,65536
PRGV:1681,1680,65536
PRGV:1681,1682,65536
PRGV:1683,1682,65536
PRGV:1683,1685,65536
PRGV:1686,1685,65536
PRGV:1686,1687,65536
PRGV:1688,1687,65536
PRGV:1688,1689,65536
PRGV:1690,1689,65536
PRGV:1690,1691,65536
PRGV:1692,1691,65536
PRGV:1692,1693,65536
PRGV:1694,1693,65536
PRGV:1694,1695,65536
PRGV:1696,1695,65536
PRGV:1696,1697,65536
PRGV:1698,1697,65536
PRGV:1698,1700,65536
PRGV:1700,1700,65536
PRGV:1700,1702,65536
PRGV:1703,1702,65536
PRGV:1703,1704,65536
PRGV:1705,1704,65536
PRGV:1705,1706,65536
PRGV:1707,1706,65536
PRGV:1707,1708,65536
PRGV:1709,1708,65536
PRGV:1709,1711,65536
PRGV:1712,1711,65536
PRGV:1712,1713,65536
PRGV:1714,1713,65536
PRGV:1714,1715,65536
PRGV:1716,1715,65536
PRGV:1716,1718,65536
PRGV:1718,1718,65536
PRGV:1718,1719,65536
PRGV:1720,1719,65536
PRGV:1720,1722,65536
PRGV:1723,1722,65536
PRGV:1723,1724,65536
PRGV:1725,1724,65536
PRGV:1725,1726,65536
PRGV:1727,1726,65536
PRGV:1727,1728,65536
PRGV:1729,1728,65536
PRGV:1729,1730,65536
PRGV:1731,1730,65536
PRGV:1731,1733,65536
PRGV:1734,1733,65536
PRGV:1734,1735,65536
PRGV:1736,1735,65536
PRGV:1736,1737,65536
PRGV:1738,1737,65536
PRGV:1738,1739,65536
PRGV:1740,1739,65536
PRGV:1740,1741,65536
PRGV:1742,1741,65536
PRGV:1742,1744,65536
PRGV:1745,1744,65536
PRGV:1745,1746,65536
PRGV:1747,1746,65536
PRGV:1747,1748,65536
PRGV:1749,1748,65536
PRGV:1749,1750,65536
PRGV:1751,1750,65536
PRGV:1751,1752,65536
PRGV:1753,1752,65536
PRGV:1753,1755,65536
PRGV:1756,1755,65536
PRGV:1756,1757,65536
PRGV:1758,1757,65536
PRGV:1758,1759,65536
PRGV:1760,1759,65536
PRGV:1760,1761,65536
PRGV:1762,1761,65536
PRGV:1762,1763,65536
PRGV:1764,1763,65536
PRGV:1764,1766,65536
PRGV:1767,1766,65536
PRGV:1767,1768,65536
PRGV:1769,1768,65536
PRGV:1769,1770,65536
PRGV:1771,1770,65536
PRGV:1771,1772,65536
PRGV:1773,1772,65536
PRGV:1773,1774,65536
PRGV:1775,1774,65536
PRGV:1775,1777,65536
PRGV:1778,1777,65536
PRGV:1778,1779,65536
PRGV:1780,1779,65536
PRGV:1780,1781,65536
PRGV:1782,1781,65536
PRGV:1782,1783,65536
PRGV:1784,1783,65536
PRGV:1784,1785,65536
PRGV:1786,1785,65536
PRGV:1786,1788,65536
PRGV:1789,1788,65536
PRGV:1789,1790,65536
PRGV:1791,1790,65536
PRGV:1791,1792,65536
PRGV:1793,1792,65536
PRGV:1793,1794,65536
PRGV:1795,1794,65536
PRGV:1795,1796,65536
PRGV:1797,1796,65536
PRGV:1797,1799,65536
PRGV:1800,1799,65536
PRGV:1800,1801,65536
PRGV:1802,1801,65536
PRGV:1802,1803,65536
PRGV:1804,1803,65536
PRGV:1804,1805,65536
PRGV:1806,1805,65536
PRGV:1806,1807,65536
PRGV:1808,1807,65536
PRGV:1808,1810,65536
PRGV:1811,1810,65536
PRGV:1811,1812,65536
PRGV:1813,1812,65536
PRGV:1813,1814,65536
PRGV:1815,1814,65536
PRGV:1815,1816,65536
PRGV:1817,1816,65536
PRGV:1817,1818,65536
PRGV:1819,1818,65536
PRGV:1819,1821,65536
PRGV:1822,1821,65536
PRGV:1822,1823,65536
PRGV:1824,1823,65536
PRGV:1824,1825,65536
PRGV:1826,1825,65536
PRGV:1826,1827,65536
PRGV:1828,1827,65536
PRGV:1828,1830,65536
PRGV:1830,1830,65536
PRGV:1830,1832,65536
PRGV:1833,1832,65536
PRGV:1833,1834,65536
PRGV:1835,1834,65536
PRGV:1835,1836,65536
PRGV:1837,1836,65536
PRGV:1837,1838,65536
PRGV:1839,1838,65536
PRGV:1839,1841,65536
PRGV:1842,1841,65536
PRGV:1842,1843,65536
PRGV:1844,1843,65536
PRGV:1844,1845,65536
PRGV:1846,1845,65536
PRGV:1846,1847,65536
PRGV:1848,1847,65536
PRGV:1848,1849,65536
PRGV:1850,1849,65536
PRGV:1850,1852,65536
PRGV:1853,1852,65536
PRGV:1853,1854,65536
PRGV:1855,1854,65536
PRGV:1855,1856,65536
PRGV:1857,1856,65536
PRGV:1857,1858,65536
PRGV:1859,1858,65536
PRGV:1859,1860,65536
PRGV:1861,1860,65536
PRGV:1861,1863,65536
PRGV:1864,1863,65536
PRGV:1864,1865,65536
PRGV:1866,1865,65536
PRGV:1866,1867,65536
PRGV:1868,1867,65536
PRGV:1868,1869,65536
PRGV:1870,1869,65536
PRGV:1870,1871,65536
PRGV:1872,1871,65536
PRGV:1872,1874,65536
PRGV:1875,1874,65536
PRGV:1875,1876,65536
PRGV:1877,1876,65536
PRGV:1877,1878,65536
PRGV:1879,1878,65536
PRGV:1879,1880,65536
PRGV:1882,1880,65536
PRGV:1882,1883,65536
PRGV:1884,1883,65536
PRGV:1884,1885,65536
PRGV:1886,1885,65536
PRGV:1886,1887,65536
PRGV:1888,1887,65536
PRGV:1888,1889,65536
PRGV:1890,1889,65536
PRGV:1890,1891,65536
PRGV:1892,1891,65536
PRGV:1892,1893,65536
PRGV:1894,1893,65536
PRGV:1894,1896,65536
PRGV:1897,1896,65536
PRGV:1897,1898,65536
PRGV:1899,1898,65536
PRGV:1899,1901,65536
PRGV:1902,1901,65536
PRGV:1902,1903,65536
PRGV:1904,1903,65536
PRGV:1904,1905,65536
PRGV:1905,1905,65536
PRGV:1905,1907,65536
PRGV:1908,1907,65536
PRGV:1908,1909,65536
PRGV:1910,1909,65536
PRGV:1910,1911,65536
PRGV:1913,1911,65536
PRGV:1913,1914,65536
PRGV:1915,1914,65536
PRGV:1915,1916,65536
PRGV:1917,1916,65536
PRGV:1917,1918,65536
PRGV:1919,1918,65536
PRGV:1919,1920,65536
PRGV:1921,1920,65536
PRGV:1921,1922,65536
PRGV:1924,1922,65536
PRGV:1924,1925,65536
PRGV:1926,1925,65536
PRGV:1926,1927,65536
PRGV:1928,1927,65536
PRGV:1928,1929,65536
PRGV:1930,1929,65536
PRGV:1930,1931,65536
PRGV:1932,1931,65536
PRGV:1932,1934,65536
PRGV:1935,1934,65536
PRGV:1935,1936,65536
PRGV:1937,1936,65536
PRGV:1937,1938,65536
PRGV:1939,1938,65536
PRGV:1939,1940,65536
PRGV:1941,1940,65536
PRGV:1941,1942,65536
PRGV:1943,1942,65536
PRGV:1943,1945,65536
PRGV:1946,1945,65536
PRGV:1946,1947,65536
PRGV:1948,1947,65536
PRGV:1948,1949,65536
PRGV:1950,1949,65536
PRGV:1950,1951,65536
PRGV:1952,1951,65536
PRGV:1952,1953,65536
PRGV:1954,1953,65536
PRGV:1954,1956,65536
PRGV:1957,1956,65536
PRGV:1957,1958,65536
PRGV:1959,1958,65536
PRGV:1959,1960,65536
PRGV:1961,1960,65536
PRGV:1961,1962,65536
PRGV:1963,1962,65536
PRGV:1963,1964,65536
PRGV:1965,1964,65536
PRGV:1965,1967,65536
PRGV:1968,1967,65536
PRGV:1968,1969,65536
PRGV:1970,1969,65536
PRGV:1970,1972,65536
PRGV:1973,1972,65536
PRGV:1973,1974,65536
PRGV:1975,1974,65536
PRGV:1975,1976,65536
PRGV:1976,1976,65536
PRGV:1976,1978,65536
PRGV:1979,1978,65536
PRGV:1979,1980,65536
PRGV:1981,1980,65536
PRGV:1981,1982,65536
PRGV:1983,1982,65536
PRGV:1983,1984,65536
PRGV:1985,1984,65536
PRGV:1985,1986,65536
PRGV:1988,1986,65536
PRGV:1988,1989,65536
PRGV:1990,1989,65536
PRGV:1990,1991,65536
PRGV:1992,1991,65536
PRGV:1992,1994,65536
PRGV:1995,1994,65536
PRGV:1995,1996,65536
PRGV:1997,1996,65536
PRGV:1997,1998,65536
PRGV:1999,1998,65536
PRGV:1999,2000,65536
PRGV:2001,2000,65536
PRGV:2001,2002,65536
PRGV:2003,2002,65536
PRGV:2003,2005,65536
PRGV:2006,2005,65536
PRGV:2006,2007,65536
PRGV:2008,2007,65536
PRGV:2008,2009,65536
PRGV:2010,2009,65536
PRGV:2010,2011,65536
PRGV:2012,2011,65536
PRGV:2012,2013,65536
PRGV:2014,2013,65536
PRGV:2014,2016,65536
PRGV:2017,2016,65536
PRGV:2017,2018,65536
PRGV:2019,2018,65536
PRGV:2019,2020,65536
PRGV:2021,2020,65536
PRGV:2021,2022,65536
PRGV:2024,2022,65536
PRGV:2024,2025,65536
PRGV:2026,2025,65536
PRGV:2026,2027,65536
PRGV:2028,2027,65536
PRGV:2028,2029,65536
PRGV:2030,2029,65536
PRGV:2030,2031,65536
PRGV:2032,2031,65536
PRGV:2032,2033,65536
PRGV:2034,2033,65536
PRGV:2034,2036,65536
PRGV:2037,2036,65536
PRGV:2037,2038,65536
PRGV:2039,2038,65536
PRGV:2039,2040,65536
PRGV:2041,2040,65536
PRGV:2041,2043,65536
PRGV:2044,2043,65536
PRGV:2044,2045,65536
PRGV:2046,2045,65536
PRGV:2046,2047,65536
PRGV:2048,2047,65536
PRGV:2048,2049,65536
PRGV:2050,2049,65536
PRGV:2050,2051,65536
PRGV:2052,2051,65536
PRGV:2052,2054,65536
PRGV:2055,2054,65536
PRGV:2055,2056,65536
PRGV:2057,2056,65536
PRGV:2057,2058,65536
PRGV:2059,2058,65536
PRGV:2059,2060,65536
PRGV:2061,2060,65536
PRGV:2061,2063,65536
PRGV:2063,2063,65536
PRGV:2063,2065,65536
PRGV:2066,2065,65536
PRGV:2066,2067,65536
PRGV:2068,2067,65536
PRGV:2068,2070,65536
PRGV:2071,2070,65536
PRGV:2071,2072,65536
PRGV:2072,2072,65536
PRGV:2072,2074,65536
PRGV:2075,2074,65536
PRGV:2075,2076,65536
PRGV:2077,2076,65536
PRGV:2077,2078,65536
PRGV:2079,2078,65536
PRGV:2079,2080,65536
PRGV:2082,2080,65536
PRGV:2082,2083,65536
PRGV:2084,2083,65536
PRGV:2084,2085,65536
PRGV:2086,2085,65536
PRGV:2086,2087,65536
PRGV:2088,2087,65536
PRGV:2088,2089,65536
PRGV:2090,2089,65536
PRGV:2090,2092,65536
PRGV:2093,2092,65536
PRGV:2093,2094,65536
PRGV:2095,2094,65536
PRGV:2095,2096,65536
PRGV:2097,2096,65536
PRGV:2097,2098,65536
PRGV:2099,2098,65536
PRGV:2099,2101,65536
PRGV:2102,2101,65536
PRGV:2102,2103,65536
PRGV:2104,2103,65536
PRGV:2104,2105,65536
PRGV:2106,2105,65536
PRGV:2106,2108,65536
PRGV:2109,2108,65536
PRGV:2109,2110,65536
PRGV:2111,2110,65536
PRGV:2111,2112,65536
PRGV:2113,2112,65536
PRGV:2113,2114,65536
PRGV:2115,2114,65536
PRGV:2115,2116,65536
PRGV:2117,2116,65536
PRGV:2117,2118,65536
PRGV:2120,2118,65536
PRGV:2120,2121,65536
PRGV:2122,2121,65536
PRGV:2122,2123,65536
PRGV:2124,2123,65536
PRGV:2124,2125,65536
PRGV:2126,2125,65536
PRGV:2126,2127,65536
PRGV:2128,2127,65536
PRGV:2128,2130,65536
PRGV:2131,2130,65536
PRGV:2131,2132,65536
PRGV:2133,2132,65536
PRGV:2133,2134,65536
PRGV:2135,2134,65536
PRGV:2135,2136,65536
PRGV:2137,2136,65536
PRGV:2137,2139,65536
PRGV:2140,2139,65536
PRGV:2140,2141,65536
PRGV:2142,2141,65536
PRGV:2142,2143,65536
PRGV:2144,2143,65536
PRGV:2144,2146,65536
PRGV:2147,2146,65536
PRGV:2147,2148,65536
PRGV:2149,2148,65536
PRGV:2149,2150,65536
PRGV:2151,2150,65536
PRGV:2151,2152,65536
PRGV:2153,2152,65536
PRGV:2153,2154,65536
PRGV:2155,2154,65536
PRGV:2155,2157,65536
PRGV:2158,2157,65536
PRGV:2158,2159,65536
PRGV:2160,2159,65536
PRGV:2160,2161,65536
PRGV:2162,2161,65536
PRGV:2162,2163,65536
PRGV:2165,2163,65536
PRGV:2165,2166,65536
PRGV:2167,2166,65536
PRGV:2167,2168,65536
PRGV:2169,2168,65536
PRGV:2169,2170,65536
PRGV:2171,2170,65536
PRGV:2171,2172,65536
PRGV:2173,2172,65536
PRGV:2173,2174,65536
PRGV:2176,2174,65536
PRGV:2176,2177,65536
PRGV:2178,2177,65536
PRGV:2178,2179,65536
PRGV:2180,2179,65536
PRGV:2180,2181,65536
PRGV:2182,2181,65536
PRGV:2182,2184,65536
PRGV:2185,2184,65536
PRGV:2185,2186,65536
PRGV:2187,2186,65536
PRGV:2187,2188,65536
PRGV:2190,2188,65536
PRGV:2190,2191,65536
PRGV:2191,2191,65536
PRGV:2191,2192,65536
PRGV:2193,2192,65536
PRGV:2193,2195,65536
PRGV:2196,2195,65536
PRGV:2196,2197,65536
PRGV:2198,2197,65536
PRGV:2198,2199,65536
PRGV:2201,2199,65536
PRGV:2201,2202,65536
PRGV:2203,2202,65536
PRGV:2203,2204,65536
PRGV:2205,2204,65536
PRGV:2205,2206,65536
PRGV:2207,2206,65536
PRGV:2207,2208,65536
PRGV:2209,2208,65536
PRGV:2209,2211,65536
PRGV:2212,2211,65536
PRGV:2212,2213,65536
PRGV:2214,2213,65536
PRGV:2214,2215,65536
PRGV:2216,2215,65536
PRGV:2216,2217,65536
PRGV:2219,2217,65536
PRGV:2219,2220,65536
PRGV:2221,2220,65536
PRGV:2221,2222,65536
PRGV:2223,2222,65536
PRGV:2223,2224,65536
PRGV:2225,2224,65536
PRGV:2225,2226,65536
PRGV:2228,2226,65536
PRGV:2228,2229,65536
PRGV:2230,2229,65536
PRGV:2230,2231,65536
PRGV:2232,2231,65536
PRGV:2232,2233,65536
PRGV:2234,2233,65536
PRGV:2234,2235,65536
PRGV:2236,2235,65536
PRGV:2236,2238,65536
PRGV:2239,2238,65536
PRGV:2239,2240,65536
PRGV:2241,2240,65536
PRGV:2241,2242,65536
PRGV:2243,2242,65536
PRGV:2243,2244,65536
PRGV:2245,2244,65536
PRGV:2245,2246,65536
PRGV:2248,2246,65536
PRGV:2248,2249,65536
PRGV:2250,2249,65536
PRGV:2250,2251,65536
PRGV:2252,2251,65536
PRGV:2252,2254,65536
PRGV:2255,2254,65536
PRGV:2255,2256,65536
PRGV:2256,2256,65536
PRGV:2256,2257,65536
PRGV:2259,2257,65536
PRGV:2259,2260,65536
PRGV:2261,2260,65536
PRGV:2261,2262,65536
PRGV:2263,2262,65536
PRGV:2263,2265,65536
PRGV:2266,2265,65536
PRGV:2266,2267,65536
PRGV:2268,2267,65536
PRGV:2268,2269,65536
PRGV:2271,2269,65536
PRGV:2271,2272,65536
PRGV:2273,2272,65536
PRGV:2273,2274,65536
PRGV:2275,2274,65536
PRGV:2275,2276,65536
PRGV:2277,2276,65536
PRGV:2277,2278,65536
PRGV:2279,2278,65536
PRGV:2279,2281,65536
PRGV:2282,2281,65536
PRGV:2282,2283,65536
PRGV:2284,2283,65536
PRGV:2284,2285,65536
PRGV:2287,2285,65536
PRGV:2287,2288,65536
PRGV:2288,2288,65536
PRGV:2288,2289,65536
PRGV:2290,2289,65536
PRGV:2290,2292,65536
PRGV:2293,2292,65536
PRGV:2293,2294,65536
PRGV:2295,2294,65536
PRGV:2295,2297,65536
PRGV:2298,2297,65536
PRGV:2298,2299,65536
PRGV:2300,2299,65536
PRGV:2300,2301,65536
PRGV:2302,2301,65536
PRGV:2302,2303,65536
PRGV:2305,2303,65536
PRGV:2305,2306,65536
PRGV:2307,2306,65536
PRGV:2307,2308,65536
PRGV:2309,2308,65536
PRGV:2309,2310,65536
PRGV:2311,2310,65536
PRGV:2311,2313,65536
PRGV:2313,2313,65536
PRGV:2313,2314,65536
PRGV:2316,2314,65536
PRGV:2316,2317,65536
PRGV:2318,2317,65536
PRGV:2318,2319,65536
PRGV:2320,2319,65536
PRGV:2320,2321,65536
PRGV:2322,2321,65536
PRGV:2322,2324,65536
PRGV:2325,2324,65536
PRGV:2325,2326,65536
PRGV:2327,2326,65536
PRGV:2327,2329,65536
PRGV:2330,2329,65536
PRGV:2330,2331,65536
PRGV:2332,2331,65536
PRGV:2332,2333,65536
PRGV:2334,2333,65536
PRGV:2334,2335,65536
PRGV:2336,2335,65536
PRGV:2336,2337,65536
PRGV:2338,2337,65536
PRGV:2338,2340,65536
PRGV:2341,2340,65536
PRGV:2341,2342,65536
PRGV:2343,2342,65536
PRGV:2343,2344,65536
PRGV:2346,2344,65536
PRGV:2346,2347,65536
PRGV:2348,2347,65536
PRGV:2348,2349,65536
PRGV:2350,2349,65536
PRGV:2350,2351,65536
PRGV:2352,2351,65536
PRGV:2352,2353,65536
PRGV:2354,2353,65536
PRGV:2354,2356,65536
PRGV:2357,2356,65536
PRGV:2357,2358,65536
PRGV:2359,2358,65536
PRGV:2359,2360,65536
PRGV:2361,2360,65536
PRGV:2361,2362,65536
PRGV:2363,2362,65536
PRGV:2363,2364,65536
PRGV:2365,2364,65536
PRGV:2365,2367,65536
PRGV:2368,2367,65536
PRGV:2368,2369,65536
PRGV:2370,2369,65536
PRGV:2370,2372,65536
PRGV:2373,2372,65536
PRGV:2373,2374,65536
PRGV:2375,2374,65536
PRGV:2375,2376,65536
PRGV:2377,2376,65536
PRGV:2377,2378,65536
PRGV:2380,2378,65536
PRGV:2380,2381,65536
PRGV:2381,2381,65536
PRGV:2381,2383,65536
PRGV:2384,2383,65536
PRGV:2384,2385,65536
PRGV:2386,2385,65536
PRGV:2386,2387,65536
PRGV:2388,2387,65536
PRGV:2388,2390,65536
PRGV:2391,2390,65536
PRGV:2391,2392,65536
PRGV:2393,2392,65536
PRGV:2393,2394,65536
PRGV:2395,2394,65536
PRGV:2395,2396,65536
PRGV:2398,2396,65536
PRGV:2398,2399,65536
PRGV:2400,2399,65536
PRGV:2400,2401,65536
PRGV:2402,2401,65536
PRGV:2402,2403,65536
PRGV:2404,2403,65536
PRGV:2404,2405,65536
PRGV:2407,2405,65536
PRGV:2407,2408,65536
PRGV:2409,2408,65536
PRGV:2409,2410,65536
PRGV:2411,2410,65536
PRGV:2411,2412,65536
PRGV:2413,2412,65536
PRGV:2413,2414,65536
PRGV:2415,2414,65536
PRGV:2415,2417,65536
PRGV:2418,2417,65536
PRGV:2418,2419,65536
PRGV:2420,2419,65536
PRGV:2420,2422,65536
PRGV:2422,2422,65536
PRGV:2422,2423,65536
PRGV:2425,2423,65536
PRGV:2425,2426,65536
PRGV:2427,2426,65536
PRGV:2427,2428,65536
PRGV:2429,2428,65536
PRGV:2429,2430,65536
PRGV:2431,2430,65536
PRGV:2431,2433,65536
PRGV:2434,2433,65536
PRGV:2434,2435,65536
PRGV:2436,2435,65536
PRGV:2436,2438,65536
PRGV:2439,2438,65536
PRGV:2439,2440,65536
PRGV:2441,2440,65536
PRGV:2441,2442,65536
PRGV:2442,2442,65536
PRGV:2442,2444,65536
PRGV:2445,2444,65536
PRGV:2445,2446,65536
PRGV:2447,2446,65536
PRGV:2447,2449,65536
PRGV:2450,2449,65536
PRGV:2450,2451,65536
PRGV:2452,2451,65536
PRGV:2452,2454,65536
PRGV:2455,2454,65536
PRGV:2455,2456,65536
PRGV:2457,2456,65536
PRGV:2457,2458,65536
PRGV:2459,2458,65536
PRGV:2459,2460,65536
PRGV:2461,2460,65536
PRGV:2461,2462,65536
PRGV:2463,2462,65536
PRGV:2463,2465,65536
PRGV:2466,2465,65536
PRGV:2466,2467,65536
PRGV:2468,2467,65536
PRGV:2468,2469,65536
PRGV:2471,2469,65536
PRGV:2471,2472,65536
PRGV:2473,2472,65536
PRGV:2473,2474,65536
PRGV:2475,2474,65536
PRGV:2475,2476,65536
PRGV:2477,2476,65536
PRGV:2477,2478,65536
PRGV:2479,2478,65536
PRGV:2479,2481,65536
PRGV:2482,2481,65536
PRGV:2482,2483,65536
PRGV:2484,2483,65536
PRGV:2484,2485,65536
PRGV:2486,2485,65536
PRGV:2486,2487,65536
PRGV:2489,2487,65536
PRGV:2489,2490,65536
PRGV:2491,2490,65536
PRGV:2491,2492,65536
PRGV:2493,2492,65536
PRGV:2493,2494,65536
PRGV:2495,2494,65536
PRGV:2495,2497,65536
PRGV:2498,2497,65536
PRGV:2498,2499,65536
PRGV:2500,2499,65536
PRGV:2500,2501,65536
PRGV:2502,2501,65536
PRGV:2502,2503,65536
PRGV:2505,2503,65536
PRGV:2505,2506,65536
PRGV:2507,2506,65536
PRGV:2507,2508,65536
PRGV:2509,2508,65536
PRGV:2509,2510,65536
PRGV:2511,2510,65536
PRGV:2511,2513,65536
PRGV:2514,2513,65536
PRGV:2514,2515,65536
PRGV:2516,2515,65536
PRGV:2516,2517,65536
PRGV:2518,2517,65536
PRGV:2518,2520,65536
PRGV:2520,2520,65536
PRGV:2520,2521,65536
PRGV:2521,2521,65536
PRGV:2521,2522,65536
PRGV:2523,2522,65536
PRGV:2523,2524,65536
PRGV:2525,2524,65536
PRGV:2525,2526,65536
PRGV:2527,2526,65536
PRGV:2527,2528,65536
PRGV:2530,2528,65536
PRGV:2530,2531,65536
PRGV:2532,2531,65536
PRGV:2532,2533,65536
PRGV:2534,2533,65536
PRGV:2534,2536,65536
PRGV:2537,2536,65536
PRGV:2537,2538,65536
PRGV:2539,2538,65536
PRGV:2539,2540,65536
PRGV:2541,2540,65536
PRGV:2541,2542,65536
PRGV:2544,2542,65536
PRGV:2544,2545,65536
PRGV:2545,2545,65536
PRGV:2545,2547,65536
PRGV:2548,2547,65536
PRGV:2548,2549,65536
PRGV:2550,2549,65536
PRGV:2550,2552,65536
PRGV:2553,2552,65536
PRGV:2553,2554,65536
PRGV:2555,2554,65536
PRGV:2555,2556,65536
PRGV:2558,2556,65536
PRGV:2558,2559,65536
PRGV:2560,2559,65536
PRGV:2560,2561,65536
PRGV:2561,2561,65536
PRGV:2561,2563,65536
PRGV:2564,2563,65536
PRGV:2564,2565,65536
PRGV:2566,2565,65536
PRGV:2566,2568,65536
PRGV:2569,2568,65536
PRGV:2569,2570,65536
PRGV:2571,2570,65536
PRGV:2571,2572,65536
PRGV:2574,2572,65536
PRGV:2574,2575,65536
PRGV:2576,2575,65536
PRGV:2576,2577,65536
PRGV:2578,2577,65536
PRGV:2578,2579,65536
PRGV:2580,2579,65536
PRGV:2580,2581,65536
PRGV:2582,2581,65536
PRGV:2582,2584,65536
PRGV:2585,2584,65536
PRGV:2585,2586,65536
PRGV:2587,2586,65536
PRGV:2587,2588,65536
PRGV:2589,2588,65536
PRGV:2589,2590,65536
PRGV:2592,2590,65536
PRGV:2592,2593,65536
PRGV:2594,2593,65536
PRGV:2594,2595,65536
PRGV:2596,2595,65536
PRGV:2596,2597,65536
PRGV:2598,2597,65536
PRGV:2598,2600,65536
PRGV:2601,2600,65536
PRGV:2601,2602,65536
PRGV:2603,2602,65536
PRGV:2603,2605,65536
PRGV:2605,2605,65536
PRGV:2605,2606,65536
PRGV:2608,2606,65536
PRGV:2608,2609,65536
PRGV:2610,2609,65536
PRGV:2610,2611,65536
PRGV:2612,2611,65536
PRGV:2612,2613,65536
PRGV:2614,2613,65536
PRGV:2614,2616,65536
PRGV:2617,2616,65536
PRGV:2617,2618,65536
PRGV:2619,2618,65536
PRGV:2619,2620,65536
PRGV:2622,2620,65536
PRGV:2622,2623,65536
PRGV:2624,2623,65536
PRGV:2624,2625,65536
PRGV:2626,2625,65536
PRGV:2626,2628,65536
PRGV:2628,2628,65536
PRGV:2628,2629,65536
PRGV:2629,2629,65536
PRGV:2629,2630,65536
PRGV:2630,2630,65536
PRGV:2630,2631,65536
PRGV:2633,2631,65536
PRGV:2633,2634,65536
PRGV:2635,2634,65536
PRGV:2635,2636,65536
PRGV:2637,2636,65536
PRGV:2637,2639,65536
PRGV:2640,2639,65536
PRGV:2640,2641,65536
PRGV:2642,2641,65536
PRGV:2642,2643,65536
PRGV:2645,2643,65536
PRGV:2645,2646,65536
PRGV:2647,2646,65536
PRGV:2647,2648,65536
PRGV:2649,2648,65536
PRGV:2649,2650,65536
PRGV:2652,2650,65536
PRGV:2652,2653,65536
PRGV:2653,2653,65536
PRGV:2653,2655,65536
PRGV:2656,2655,65536
PRGV:2656,2657,65536
PRGV:2658,2657,65536
PRGV:2658,2659,65536
PRGV:2661,2659,65536
PRGV:2661,2662,65536
PRGV:2663,2662,65536
PRGV:2663,2664,65536
PRGV:2665,2664,65536
PRGV:2665,2666,65536
PRGV:2668,2666,65536
PRGV:2668,2669,65536
PRGV:2670,2669,65536
PRGV:2670,2671,65536
PRGV:2672,2671,65536
PRGV:2672,2673,65536
PRGV:2674,2673,65536
PRGV:2674,2675,65536
PRGV:2674,2676,65536
PRGV:2677,2676,65536
PRGV:2677,2678,65536
PRGV:2679,2678,65536
PRGV:2679,2680,65536
PRGV:2681,2680,65536
PRGV:2681,2682,65536
PRGV:2683,2682,65536
PRGV:2683,2684,65536
PRGV:2686,2684,65536
PRGV:2686,2687,65536
PRGV:2688,2687,65536
PRGV:2688,2689,65536
PRGV:2690,2689,65536
PRGV:2690,2692,65536
PRGV:2693,2692,65536
PRGV:2693,2694,65536
PRGV:2695,2694,65536
PRGV:2695,2696,65536
PRGV:2698,2696,65536
PRGV:2698,2699,65536
PRGV:2700,2699,65536
PRGV:2700,2701,65536
PRGV:2702,2701,65536
PRGV:2702,2703,65536
PRGV:2704,2703,65536
PRGV:2704,2705,65536
PRGV:2706,2705,65536
PRGV:2706,2708,65536
PRGV:2709,2708,65536
PRGV:2709,2710,65536
PRGV:2711,2710,65536
PRGV:2711,2712,65536
PRGV:2713,2712,65536
PRGV:2713,2715,65536
PRGV:2716,2715,65536
PRGV:2716,2717,65536
PRGV:2718,2717,65536
PRGV:2718,2720,65536
PRGV:2721,2720,65536
PRGV:2721,2722,65536
PRGV:2723,2722,65536
PRGV:2723,2724,65536
PRGV:2725,2724,65536
PRGV:2725,2726,65536
PRGV:2728,2726,65536
PRGV:2728,2729,65536
PRGV:2729,2729,65536
PRGV:2729,2731,65536
PRGV:2732,2731,65536
PRGV:2732,2733,65536
PRGV:2734,2733,65536
PRGV:2734,2736,65536
PRGV:2737,2736,65536
PRGV:2737,2738,65536
PRGV:2739,2738,65536
PRGV:2739,2740,65536
PRGV:2741,2740,65536
PRGV:2741,2742,65536
PRGV:2744,2742,65536
PRGV:2744,2745,65536
PRGV:2746,2745,65536
PRGV:2746,2747,65536
PRGV:2748,2747,65536
PRGV:2748,2749,65536
PRGV:2750,2749,65536
PRGV:2750,2752,65536
PRGV:2753,2752,65536
PRGV:2753,2754,65536
PRGV:2755,2754,65536
PRGV:2755,2756,65536
PRGV:2758,2756,65536
PRGV:2758,2759,65536
PRGV:2760,2759,65536
PRGV:2760,2761,65536
PRGV:2762,2761,65536
PRGV:2762,2763,65536
PRGV:2764,2763,65536
PRGV:2764,2765,65536
PRGV:2767,2765,65536
PRGV:2767,2768,65536
PRGV:2769,2768,65536
PRGV:2769,2770,65536
PRGV:2771,2770,65536
PRGV:2771,2773,65536
PRGV:2774,2773,65536
PRGV:2774,2775,65536
PRGV:2776,2775,65536
PRGV:2776,2777,65536
PRGV:2778,2777,65536
PRGV:2778,2779,65536
PRGV:2781,2779,65536
PRGV:2781,2782,65536
PRGV:2783,2782,65536
PRGV:2783,2784,65536
PRGV:2785,2784,65536
PRGV:2785,2786,65536
PRGV:2788,2786,65536
PRGV:2788,2789,65536
PRGV:2790,2789,65536
PRGV:2790,2791,65536
PRGV:2792,2791,65536
PRGV:2792,2793,65536
PRGV:2794,2793,65536
PRGV:2794,2796,65536
PRGV:2797,2796,65536
PRGV:2797,2798,65536
PRGV:2799,2798,65536
PRGV:2799,2800,65536
PRGV:2802,2800,65536
PRGV:2802,2803,65536
PRGV:2804,2803,65536
PRGV:2804,2805,65536
PRGV:2806,2805,65536
PRGV:2806,2807,65536
PRGV:2809,2807,65536
PRGV:2809,2810,65536
PRGV:2811,2810,65536
PRGV:2811,2812,65536
PRGV:2813,2812,65536
PRGV:2813,2814,65536
PRGV:2815,2814,65536
PRGV:2815,2817,65536
PRGV:2818,2817,65536
PRGV:2818,2819,65536
PRGV:2820,2819,65536
PRGV:2820,2821,65536
PRGV:2823,2821,65536
PRGV:2823,2824,65536
PRGV:2825,2824,65536
PRGV:2825,2826,65536
PRGV:2826,2826,65536
PRGV:2826,2828,65536
PRGV:2829,2828,65536
PRGV:2829,2830,65536
PRGV:2831,2830,65536
PRGV:2831,2833,65536
PRGV:2834,2833,65536
PRGV:2834,2835,65536
PRGV:2836,2835,65536
PRGV:2836,2838,65536
PRGV:2839,2838,65536
PRGV:2839,2840,65536
PRGV:2841,2840,65536
PRGV:2841,2842,65536
PRGV:2843,2842,65536
PRGV:2843,2844,65536
PRGV:2845,2844,65536
PRGV:2845,2846,65536
PRGV:2848,2846,65536
PRGV:2848,2849,65536
PRGV:2850,2849,65536
PRGV:2850,2851,65536
PRGV:2852,2851,65536
PRGV:2852,2853,65536
PRGV:2855,2853,65536
PRGV:2855,2856,65536
PRGV:2857,2856,65536
PRGV:2857,2858,65536
PRGV:2859,2858,65536
PRGV:2859,2861,65536
PRGV:2862,2861,65536
PRGV:2862,2863,65536
PRGV:2864,2863,65536
PRGV:2864,2865,65536
PRGV:2867,2865,65536
PRGV:2867,2868,65536
PRGV:2869,2868,65536
PRGV:2869,2870,65536
PRGV:2871,2870,65536
PRGV:2871,2872,65536
PRGV:2874,2872,65536
PRGV:2874,2875,65536
PRGV:2876,2875,65536
PRGV:2876,2877,65536
PRGV:2878,2877,65536
PRGV:2878,2879,65536
PRGV:2880,2879,65536
PRGV:2880,2882,65536
PRGV:2883,2882,65536
PRGV:2883,2884,65536
PRGV:2885,2884,65536
PRGV:2885,2886,65536
PRGV:2888,2886,65536
PRGV:2888,2889,65536
PRGV:2890,2889,65536
PRGV:2890,2891,65536
PRGV:2892,2891,65536
PRGV:2892,2893,65536
PRGV:2895,2893,65536
PRGV:2895,2896,65536
PRGV:2897,2896,65536
PRGV:2897,2898,65536
PRGV:2899,2898,65536
PRGV:2899,2900,65536
PRGV:2901,2900,65536
PRGV:2901,2902,65536
PRGV:2904,2902,65536
PRGV:2904,2905,65536
PRGV:2906,2905,65536
PRGV:2906,2907,65536
PRGV:2908,2907,65536
PRGV:2908,2910,65536
PRGV:2911,2910,65536
PRGV:2911,2912,65536
PRGV:2913,2912,65536
PRGV:2913,2914,65536
PRGV:2916,2914,65536
PRGV:2916,2917,65536
PRGV:2918,2917,65536
PRGV:2918,2919,65536
PRGV:2920,2919,65536
PRGV:2920,2921,65536
PRGV:2922,2921,65536
PRGV:2922,2923,65536
PRGV:2924,2923,65536
PRGV:2924,2926,65536
PRGV:2927,2926,65536
PRGV:2927,2928,65536
PRGV:2929,2928,65536
PRGV:2929,2931,65536
PRGV:2932,2931,65536
PRGV:2932,2933,65536
PRGV:2934,2933,65536
PRGV:2934,2936,65536
PRGV:2937,2936,65536
PRGV:2937,2938,65536
PRGV:2939,2938,65536
PRGV:2939,2940,65536
PRGV:2941,2940,65536
PRGV:2941,2942,65536
PRGV:2943,2942,65536
PRGV:2943,2944,65536
PRGV:2946,2944,65536
PRGV:2946,2947,65536
PRGV:2948,2947,65536
PRGV:2948,2949,65536
PRGV:2950,2949,65536
PRGV:2950,2952,65536
PRGV:2953,2952,65536
PRGV:2953,2954,65536
PRGV:2955,2954,65536
PRGV:2955,2956,65536
PRGV:2958,2956,65536
PRGV:2958,2959,65536
PRGV:2960,2959,65536
PRGV:2960,2961,65536
PRGV:2962,2961,65536
PRGV:2962,2963,65536
PRGV:2964,2963,65536
PRGV:2964,2965,65536
PRGV:2967,2965,65536
PRGV:2967,2968,65536
PRGV:2969,2968,65536
PRGV:2969,2970,65536
PRGV:2971,2970,65536
PRGV:2971,2972,65536
PRGV:2974,2972,65536
PRGV:2974,2975,65536
PRGV:2976,2975,65536
PRGV:2976,2977,65536
PRGV:2978,2977,65536
PRGV:2978,2980,65536
PRGV:2981,2980,65536
PRGV:2981,2982,65536
PRGV:2983,2982,65536
PRGV:2983,2984,65536
PRGV:2986,2984,65536
PRGV:2986,2987,65536
PRGV:2988,2987,65536
PRGV:2988,2989,65536
PRGV:2990,2989,65536
PRGV:2990,2991,65536
PRGV:2993,2991,65536
PRGV:2993,2994,65536
PRGV:2995,2994,65536
PRGV:2995,2996,65536
PRGV:2997,2996,65536
PRGV:2997,2998,65536
PRGV:2999,2998,65536
PRGV:2999,3001,65536
PRGV:3002,3001,65536
PRGV:3002,3003,65536
PRGV:3004,3003,65536
PRGV:3004,3006,65536
PRGV:3007,3006,65536
PRGV:3007,3008,65536
PRGV:3009,3008,65536
PRGV:3009,3010,65536
PRGV:3011,3010,65536
PRGV:3011,3013,65536
PRGV:3013,3013,65536
PRGV:3013,3014,65536
PRGV:3016,3014,65536
PRGV:3016,3017,65536
PRGV:3018,3017,65536
PRGV:3018,3019,65536
PRGV:3021,3019,65536
PRGV:3021,3022,65536
PRGV:3023,3022,65536
PRGV:3023,3024,65536
PRGV:3025,3024,65536
PRGV:3025,3026,65536
PRGV:3028,3026,65536
PRGV:3028,3029,65536
PRGV:3030,3029,65536
PRGV:3030,3031,65536
PRGV:3032,3031,65536
PRGV:3032,3033,65536
PRGV:3035,3033,65536
PRGV:3035,3036,65536
PRGV:3037,3036,65536
PRGV:3037,3038,65536
PRGV:3040,3038,65536
PRGV:3040,3041,65536
PRGV:3042,3041,65536
PRGV:3042,3043,65536
PRGV:3044,3043,65536
PRGV:3044,3045,65536
PRGV:3046,3045,65536
PRGV:3046,3047,65536
PRGV:3049,3047,65536
PRGV:3049,3050,65536
PRGV:3051,3050,65536
PRGV:3051,3052,65536
PRGV:3053,3052,65536
PRGV:3053,3055,65536
PRGV:3056,3055,65536
PRGV:3056,3057,65536
PRGV:3058,3057,65536
PRGV:3058,3059,65536
PRGV:3061,3059,65536
PRGV:3061,3062,65536
PRGV:3063,3062,65536
PRGV:3063,3064,65536
PRGV:3065,3064,65536
PRGV:3065,3066,65536
PRGV:3068,3066,65536
PRGV:3068,3069,65536
PRGV:3070,3069,65536
PRGV:3070,3071,65536
PRGV:3072,3071,65536
PRGV:3072,3073,65536
PRGV:3075,3073,65536
PRGV:3075,3076,65536
PRGV:3076,3076,65536
PRGV:3076,3078,65536
PRGV:3079,3078,65536
PRGV:3079,3080,65536
PRGV:3081,3080,65536
PRGV:3081,3083,65536
PRGV:3084,3083,65536
PRGV:3084,3085,65536
PRGV:3086,3085,65536
PRGV:3086,3088,65536
PRGV:3089,3088,65536
PRGV:3089,3090,65536
PRGV:3091,3090,65536
PRGV:3091,3093,65536
PRGV:3094,3093,65536
PRGV:3094,3095,65536
PRGV:3096,3095,65536
PRGV:3096,3097,65536
PRGV:3098,3097,65536
PRGV:3098,3099,65536
PRGV:3100,3099,65536
PRGV:3100,3101,65536
PRGV:3103,3101,65536
PRGV:3103,3104,65536
PRGV:3105,3104,65536
PRGV:3105,3106,65536
PRGV:3107,3106,65536
PRGV:3107,3109,65536
PRGV:3110,3109,65536
PRGV:3110,3111,65536
PRGV:3112,3111,65536
PRGV:3112,3113,65536
PRGV:3115,3113,65536
PRGV:3115,3116,65536
PRGV:3117,3116,65536
PRGV:3117,3118,65536
PRGV:3119,3118,65536
PRGV:3119,3121,65536
PRGV:3121,3121,65536
PRGV:3121,3122,65536
PRGV:3124,3122,65536
PRGV:3124,3125,65536
PRGV:3126,3125,65536
PRGV:3126,3127,65536
PRGV:3129,3127,65536
PRGV:3129,3130,65536
PRGV:3131,3130,65536
PRGV:3131,3132,65536
PRGV:3133,3132,65536
PRGV:3133,3134,65536
PRGV:3136,3134,65536
PRGV:3136,3137,65536
PRGV:3138,3137,65536
PRGV:3138,3139,65536
PRGV:3140,3139,65536
PRGV:3140,3142,65536
PRGV:3143,3142,65536
PRGV:3143,3144,65536
PRGV:3145,3144,65536
PRGV:3145,3147,65536
PRGV:3148,3147,65536
PRGV:3148,3149,65536
PRGV:3150,3149,65536
PRGV:3150,3151,65536
PRGV:3152,3151,65536
PRGV:3152,3153,65536
PRGV:3155,3153,65536
PRGV:3155,3156,65536
PRGV:3157,3156,65536
PRGV:3157,3158,65536
PRGV:3159,3158,65536
PRGV:3159,3160,65536
PRGV:3162,3160,65536
PRGV:3162,3163,65536
PRGV:3164,3163,65536
PRGV:3164,3165,65536
PRGV:3166,3165,65536
PRGV:3166,3167,65536
PRGV:3169,3167,65536
PRGV:3169,3170,65536
PRGV:3171,3170,65536
PRGV:3171,3172,65536
PRGV:3173,3172,65536
PRGV:3173,3175,65536
PRGV:3176,3175,65536
PRGV:3176,3177,65536
PRGV:3178,3177,65536
PRGV:3178,3179,65536
PRGV:3181,3179,65536
PRGV:3181,3182,65536
PRGV:3183,3182,65536
PRGV:3183,3184,65536
PRGV:3185,3184,65536
PRGV:3185,3186,65536
PRGV:3188,3186,65536
PRGV:3188,3189,65536
PRGV:3190,3189,65536
PRGV:3190,3191,65536
PRGV:3193,3191,65536
PRGV:3193,3194,65536
PRGV:3195,3194,65536
PRGV:3195,3196,65536
PRGV:3197,3196,65536
PRGV:3197,3198,65536
PRGV:3199,3198,65536
PRGV:3199,3200,65536
PRGV:3202,3200,65536
PRGV:3202,3203,65536
PRGV:3204,3203,65536
PRGV:3204,3205,65536
PRGV:3206,3205,65536
PRGV:3206,3208,65536
PRGV:3209,3208,65536
PRGV:3209,3210,65536
PRGV:3211,3210,65536
PRGV:3211,3213,65536
PRGV:3214,3213,65536
PRGV:3214,3215,65536
PRGV:3216,3215,65536
PRGV:3216,3218,65536
PRGV:3219,3218,65536
PRGV:3219,3220,65536
PRGV:3221,3220,65536
PRGV:3221,3222,65536
PRGV:3223,3222,65536
PRGV:3223,3224,65536
PRGV:3225,3224,65536
PRGV:3225,3226,65536
PRGV:3228,3226,65536
PRGV:3228,3229,65536
PRGV:3230,3229,65536
PRGV:3230,3231,65536
PRGV:3232,3231,65536
PRGV:3232,3234,65536
PRGV:3235,3234,65536
PRGV:3235,3236,65536
PRGV:3237,3236,65536
PRGV:3237,3238,65536
PRGV:3240,3238,65536
PRGV:3240,3241,65536
PRGV:3242,3241,65536
PRGV:3242,3243,65536
PRGV:3245,3243,65536
PRGV:3245,3246,65536
PRGV:3247,3246,65536
PRGV:3247,3248,65536
PRGV:3249,3248,65536
PRGV:3249,3250,65536
PRGV:3252,3250,65536
PRGV:3252,3253,65536
PRGV:3254,3253,65536
PRGV:3254,3255,65536
PRGV:3257,3255,65536
PRGV:3257,3258,65536
PRGV:3259,3258,65536
PRGV:3259,3260,65536
PRGV:3261,3260,65536
PRGV:3261,3262,65536
PRGV:3264,3262,65536
PRGV:3264,3265,65536
PRGV:3265,3265,65536
PRGV:3265,3267,65536
PRGV:3268,3267,65536
PRGV:3268,3269,65536
PRGV:3270,3269,65536
PRGV:3270,3272,65536
PRGV:3273,3272,65536
PRGV:3273,3274,65536
PRGV:3275,3274,65536
PRGV:3275,3277,65536
PRGV:3278,3277,65536
PRGV:3278,3279,65536
PRGV:3280,3279,65536
PRGV:3280,3281,65536
PRGV:3283,3281,65536
PRGV:3283,3284,65536
PRGV:3285,3284,65536
PRGV:3285,3286,65536
PRGV:3287,3286,65536
PRGV:3287,3289,65536
PRGV:3290,3289,65536
PRGV:3290,3291,65536
PRGV:3292,3291,65536
PRGV:3292,3293,65536
PRGV:3294,3293,65536
PRGV:3294,3295,65536
PRGV:3296,3295,65536
PRGV:3296,3297,65536
PRGV:3299,3297,65536
PRGV:3299,3300,65536
PRGV:3301,3300,65536
PRGV:3301,3302,65536
PRGV:3304,3302,65536
PRGV:3304,3305,65536
PRGV:3306,3305,65536
PRGV:3306,3307,65536
PRGV:3308,3307,65536
PRGV:3308,3310,65536
PRGV:3311,3310,65536
PRGV:3311,3312,65536
PRGV:3313,3312,65536
PRGV:3313,3315,65536
PRGV:3316,3315,65536
PRGV:3316,3317,65536
PRGV:3318,3317,65536
PRGV:3318,3319,65536
PRGV:3321,3319,65536
PRGV:3321,3322,65536
PRGV:3323,3322,65536
PRGV:3323,3324,65536
PRGV:3325,3324,65536
PRGV:3325,3326,65536
PRGV:3328,3326,65536
PRGV:3328,3329,65536
PRGV:3330,3329,65536
PRGV:3330,3331,65536
PRGV:3333,3331,65536
PRGV:3333,3334,65536
PRGV:3335,3334,65536
PRGV:3335,3336,65536
PRGV:3337,3336,65536
PRGV:3337,3338,65536
PRGV:3339,3338,65536
PRGV:3339,3340,65536
PRGV:3341,3340,65536
PRGV:3341,3343,65536
PRGV:3344,3343,65536
PRGV:3344,3345,65536
PRGV:3346,3345,65536
PRGV:3346,3348,65536
PRGV:3349,3348,65536
PRGV:3349,3350,65536
PRGV:3351,3350,65536
PRGV:3351,3353,65536
PRGV:3354,3353,65536
PRGV:3354,3355,65536
PRGV:3356,3355,65536
PRGV:3356,3357,65536
PRGV:3359,3357,65536
PRGV:3359,3360,65536
PRGV:3361,3360,65536
PRGV:3361,3362,65536
PRGV:3363,3362,65536
PRGV:3363,3364,65536
PRGV:3366,3364,65536
PRGV:3366,3367,65536
PRGV:3368,3367,65536
PRGV:3368,3369,65536
PRGV:3370,3369,65536
PRGV:3370,3371,65536
PRGV:3373,3371,65536
PRGV:3373,3374,65536
PRGV:3375,3374,65536
PRGV:3375,3376,65536
PRGV:3378,3376,65536
PRGV:3378,3379,65536
PRGV:3380,3379,65536
PRGV:3380,3381,65536
PRGV:3383,3381,65536
PRGV:3383,3384,65536
PRGV:3385,3384,65536
PRGV:3385,3386,65536
PRGV:3387,3386,65536
PRGV:3387,3388,65536
PRGV:3389,3388,65536
PRGV:3389,3391,65536
PRGV:3392,3391,65536
PRGV:3392,3393,65536
PRGV:3394,3393,65536
PRGV:3394,3395,65536
PRGV:3397,3395,65536
PRGV:3397,3398,65536
PRGV:3399,3398,65536
PRGV:3399,3400,65536
PRGV:3401,3400,65536
PRGV:3401,3403,65536
PRGV:3404,3403,65536
PRGV:3404,3405,65536
PRGV:3406,3405,65536
PRGV:3406,3408,65536
PRGV:3409,3408,65536
PRGV:3409,3410,65536
PRGV:3411,3410,65536
PRGV:3411,3412,65536
PRGV:3414,3412,65536
PRGV:3414,3415,65536
PRGV:3416,3415,65536
PRGV:3416,3417,65536
PRGV:3419,3417,65536
PRGV:3419,3420,65536
PRGV:3421,3420,65536
PRGV:3421,3422,65536
PRGV:3423,3422,65536
PRGV:3423,3424,65536
PRGV:3425,3424,65536
PRGV:3425,3426,65536
PRGV:3427,3426,65536
PRGV:3427,3429,65536
PRGV:3430,3429,65536
PRGV:3430,3431,65536
PRGV:3432,3431,65536
PRGV:3432,3433,65536
PRGV:3435,3433,65536
PRGV:3435,3436,65536
PRGV:3437,3436,65536
PRGV:3437,3438,65536
PRGV:3440,3438,65536
PRGV:3440,3441,65536
PRGV:3442,3441,65536
PRGV:3442,3443,65536
PRGV:3444,3443,65536
PRGV:3444,3446,65536
PRGV:3447,3446,65536
PRGV:3447,3448,65536
PRGV:3449,3448,65536
PRGV:3449,3451,65536
PRGV:3452,3451,65536
PRGV:3452,3453,65536
PRGV:3454,3453,65536
PRGV:3454,3455,65536
PRGV:3457,3455,65536
PRGV:3457,3458,65536
PRGV:3459,3458,65536
PRGV:3459,3460,65536
PRGV:3462,3460,65536
PRGV:3462,3463,65536
PRGV:3464,3463,65536
PRGV:3464,3465,65536
PRGV:3466,3465,65536
PRGV:3466,3467,65536
PRGV:3468,3467,65536
PRGV:3468,3469,65536
PRGV:3471,3469,65536
PRGV:3471,3472,65536
PRGV:3473,3472,65536
PRGV:3473,3474,65536
PRGV:3476,3474,65536
PRGV:3476,3477,65536
PRGV:3478,3477,65536
PRGV:3478,3479,65536
PRGV:3481,3479,65536
PRGV:3481,3482,65536
PRGV:3483,3482,65536
PRGV:3483,3484,65536
PRGV:3485,3484,65536
PRGV:3485,3486,65536
PRGV:3487,3486,65536
PRGV:3487,3489,65536
PRGV:3490,3489,65536
PRGV:3490,3491,65536
PRGV:3492,3491,65536
PRGV:3492,3494,65536
PRGV:3495,3494,65536
PRGV:3495,3496,65536
PRGV:3497,3496,65536
PRGV:3497,3498,65536
PRGV:3500,3498,65536
PRGV:3500,3501,65536
PRGV:3502,3501,65536
PRGV:3502,3503,65536
PRGV:3504,3503,65536
PRGV:3504,3505,65536
PRGV:3504,3506,65536
PRGV:3507,3506,65536
PRGV:3507,3508,65536
PRGV:3509,3508,65536
PRGV:3509,3510,65536
PRGV:3512,3510,65536
PRGV:3512,3513,65536
PRGV:3514,3513,65536
PRGV:3514,3515,65536
PRGV:3517,3515,65536
PRGV:3517,3518,65536
PRGV:3519,3518,65536
PRGV:3519,3520,65536
PRGV:3521,3520,65536
PRGV:3521,3522,65536
PRGV:3524,3522,65536
PRGV:3524,3525,65536
PRGV:3526,3525,65536
PRGV:3526,3527,65536
PRGV:3529,3527,65536
PRGV:3529,3530,65536
PRGV:3531,3530,65536
PRGV:3531,3532,65536
PRGV:3533,3532,65536
PRGV:3533,3534,65536
PRGV:3535,3534,65536
PRGV:3535,3536,65536
PRGV:3538,3536,65536
PRGV:3538,3539,65536
PRGV:3540,3539,65536
PRGV:3540,3541,65536
PRGV:3543,3541,65536
PRGV:3543,3544,65536
PRGV:3545,3544,65536
PRGV:3545,3546,65536
PRGV:3547,3546,65536
PRGV:3547,3549,65536
PRGV:3550,3549,65536
PRGV:3550,3551,65536
PRGV:3552,3551,65536
PRGV:3552,3554,65536
PRGV:3555,3554,65536
PRGV:3555,3556,65536
PRGV:3557,3556,65536
PRGV:3557,3558,65536
PRGV:3560,3558,65536
PRGV:3560,3561,65536
PRGV:3562,3561,65536
PRGV:3562,3563,65536
PRGV:3565,3563,65536
PRGV:3565,3566,65536
PRGV:3567,3566,65536
PRGV:3567,3568,65536
PRGV:3569,3568,65536
PRGV:3569,3571,65536
PRGV:3572,3571,65536
PRGV:3572,3573,65536
PRGV:3574,3573,65536
PRGV:3574,3576,65536
PRGV:3577,3576,65536
PRGV:3577,3578,65536
PRGV:3579,3578,65536
PRGV:3579,3580,65536
PRGV:3581,3580,65536
PRGV:3581,3582,65536
PRGV:3584,3582,65536
PRGV:3584,3585,65536
PRGV:3586,3585,65536
PRGV:3586,3587,65536
PRGV:3588,3587,65536
PRGV:3588,3589,65536
PRGV:3591,3589,65536
PRGV:3591,3592,65536
PRGV:3593,3592,65536
PRGV:3593,3594,65536
PRGV:3596,3594,65536
PRGV:3596,3597,65536
PRGV:3598,3597,65536
PRGV:3598,3599,65536
PRGV:3600,3599,65536
PRGV:3600,3601,65536
PRGV:3603,3601,65536
PRGV:3603,3604,65536
PRGV:3605,3604,65536
PRGV:3605,3606,65536
PRGV:3608,3606,65536
PRGV:3608,3609,65536
PRGV:3610,3609,65536
PRGV:3610,3611,65536
PRGV:3612,3611,65536
PRGV:3612,3614,65536
PRGV:3615,3614,65536
PRGV:3615,3616,65536
PRGV:3617,3616,65536
PRGV:3617,3619,65536
PRGV:3620,3619,65536
PRGV:3620,3621,65536
PRGV:3622,3621,65536
PRGV:3622,3623,65536
PRGV:3622,3624,65536
PRGV:3625,3624,65536
PRGV:3625,3626,65536
PRGV:3627,3626,65536
PRGV:3627,3628,65536
PRGV:3630,3628,65536
PRGV:3630,3631,65536
PRGV:3632,3631,65536
PRGV:3632,3633,65536
PRGV:3634,3633,65536
PRGV:3634,3636,65536
PRGV:3637,3636,65536
PRGV:3637,3638,65536
PRGV:3639,3638,65536
PRGV:3639,3640,65536
PRGV:3641,3640,65536
PRGV:3641,3642,65536
PRGV:3644,3642,65536
PRGV:3644,3645,65536
PRGV:3646,3645,65536
PRGV:3646,3647,65536
PRGV:3649,3647,65536
PRGV:3649,3650,65536
PRGV:3651,3650,65536
PRGV:3651,3652,65536
PRGV:3654,3652,65536
PRGV:3654,3655,65536
PRGV:3656,3655,65536
PRGV:3656,3657,65536
PRGV:3658,3657,65536
PRGV:3658,3659,65536
PRGV:3661,3659,65536
PRGV:3661,3662,65536
PRGV:3663,3662,65536
PRGV:3663,3664,65536
PRGV:3666,3664,65536
PRGV:3666,3667,65536
PRGV:3668,3667,65536
PRGV:3668,3669,65536
PRGV:3671,3669,65536
PRGV:3671,3672,65536
PRGV:3673,3672,65536
PRGV:3673,3674,65536
PRGV:3675,3674,65536
PRGV:3675,3676,65536
PRGV:3677,3676,65536
PRGV:3677,3679,65536
PRGV:3680,3679,65536
PRGV:3680,3681,65536
PRGV:3682,3681,65536
PRGV:3682,3684,65536
PRGV:3685,3684,65536
PRGV:3685,3686,65536
PRGV:3687,3686,65536
PRGV:3687,3689,65536
PRGV:3690,3689,65536
PRGV:3690,3691,65536
PRGV:3692,3691,65536
PRGV:3692,3693,65536
PRGV:3695,3693,65536
PRGV:3695,3696,65536
PRGV:3697,3696,65536
PRGV:3697,3698,65536
PRGV:3699,3698,65536
PRGV:3699,3701,65536
PRGV:3702,3701,65536
PRGV:3702,3703,65536
PRGV:3704,3703,65536
PRGV:3704,3706,65536
PRGV:3707,3706,65536
PRGV:3707,3708,65536
PRGV:3709,3708,65536
PRGV:3709,3711,65536
PRGV:3712,3711,65536
PRGV:3712,3713,65536
PRGV:3714,3713,65536
PRGV:3714,3715,65536
PRGV:3717,3715,65536
PRGV:3717,3718,65536
PRGV:3719,3718,65536
PRGV:3719,3720,65536
PRGV:3722,3720,65536
PRGV:3722,3723,65536
PRGV:3724,3723,65536
PRGV:3724,3725,65536
PRGV:3726,3725,65536
PRGV:3726,3728,65536
PRGV:3729,3728,65536
PRGV:3729,3730,65536
PRGV:3731,3730,65536
PRGV:3731,3733,65536
PRGV:3733,3733,65536
PRGV:3733,3734,65536
PRGV:3736,3734,65536
PRGV:3736,3737,65536
PRGV:3739,3737,65536
PRGV:3739,3740,65536
PRGV:3741,3740,65536
PRGV:3741,3742,65536
PRGV:3744,3742,65536
PRGV:3744,3745,65536
PRGV:3745,3745,65536
PRGV:3745,3746,65536
PRGV:3748,3746,65536
PRGV:3748,3749,65536
PRGV:3750,3749,65536
PRGV:3750,3751,65536
PRGV:3753,3751,65536
PRGV:3753,3754,65536
PRGV:3755,3754,65536
PRGV:3755,3756,65536
PRGV:3758,3756,65536
PRGV:3758,3759,65536
PRGV:3760,3759,65536
PRGV:3760,3761,65536
PRGV:3763,3761,65536
PRGV:3763,3764,65536
PRGV:3765,3764,65536
PRGV:3765,3766,65536
PRGV:3767,3766,65536
PRGV:3767,3768,65536
PRGV:3769,3768,65536
PRGV:3769,3771,65536
PRGV:3772,3771,65536
PRGV:3772,3773,65536
PRGV:3774,3773,65536
PRGV:3774,3776,65536
PRGV:3777,3776,65536
PRGV:3777,3778,65536
PRGV:3779,3778,65536
PRGV:3779,3781,65536
PRGV:3782,3781,65536
PRGV:3782,3783,65536
PRGV:3784,3783,65536
PRGV:3784,3785,65536
PRGV:3787,3785,65536
PRGV:3787,3788,65536
PRGV:3789,3788,65536
PRGV:3789,3790,65536
PRGV:3791,3790,65536
PRGV:3791,3793,65536
PRGV:3794,3793,65536
PRGV:3794,3795,65536
PRGV:3796,3795,65536
PRGV:3796,3798,65536
PRGV:3799,3798,65536
PRGV:3799,3800,65536
PRGV:3801,3800,65536
PRGV:3801,3803,65536
PRGV:3804,3803,65536
PRGV:3804,3805,65536
PRGV:3806,3805,65536
PRGV:3806,3807,65536
PRGV:3809,3807,65536
PRGV:3809,3810,65536
PRGV:3811,3810,65536
PRGV:3811,3812,65536
PRGV:3814,3812,65536
PRGV:3814,3815,65536
PRGV:3816,3815,65536
PRGV:3816,3817,65536
PRGV:3818,3817,65536
PRGV:3818,3820,65536
PRGV:3821,3820,65536
PRGV:3821,3822,65536
PRGV:3823,3822,65536
PRGV:3823,3825,65536
PRGV:3826,3825,65536
PRGV:3826,3827,65536
PRGV:3828,3827,65536
PRGV:3828,3830,65536
PRGV:3831,3830,65536
PRGV:3831,3832,65536
PRGV:3833,3832,65536
PRGV:3833,3834,65536
PRGV:3836,3834,65536
PRGV:3836,3837,65536
PRGV:3838,3837,65536
PRGV:3838,3839,65536
PRGV:3841,3839,65536
PRGV:3841,3842,65536
PRGV:3843,3842,65536
PRGV:3843,3844,65536
PRGV:3845,3844,65536
PRGV:3845,3846,65536
PRGV:3848,3846,65536
PRGV:3848,3849,65536
PRGV:3850,3849,65536
PRGV:3850,3851,65536
PRGV:3853,3851,65536
PRGV:3853,3854,65536
PRGV:3855,3854,65536
PRGV:3855,3856,65536
PRGV:3858,3856,65536
PRGV:3858,3859,65536
PRGV:3860,3859,65536
PRGV:3860,3861,65536
PRGV:3863,3861,65536
PRGV:3863,3864,65536
PRGV:3865,3864,65536
PRGV:3865,3866,65536
PRGV:3867,3866,65536
PRGV:3867,3868,65536
PRGV:3869,3868,65536
PRGV:3869,3870,65536
PRGV:3872,3870,65536
PRGV:3872,3873,65536
PRGV:3875,3873,65536
PRGV:3875,3876,65536
PRGV:3877,3876,65536
PRGV:3877,3878,65536
PRGV:3880,3878,65536
PRGV:3880,3881,65536
PRGV:3882,3881,65536
PRGV:3882,3883,65536
PRGV:3885,3883,65536
PRGV:3885,3886,65536
PRGV:3887,3886,65536
PRGV:3887,3888,65536
PRGV:3889,3888,65536
PRGV:3889,3890,65536
PRGV:3891,3890,65536
PRGV:3891,3892,65536
PRGV:3894,3892,65536
PRGV:3894,3895,65536
PRGV:3896,3895,65536
PRGV:3896,3897,65536
PRGV:3899,3897,65536
PRGV:3899,3900,65536
PRGV:3901,3900,65536
PRGV:3901,3902,65536
PRGV:3904,3902,65536
PRGV:3904,3905,65536
PRGV:3906,3905,65536
PRGV:3906,3907,65536
PRGV:3909,3907,65536
PRGV:3909,3910,65536
PRGV:3911,3910,65536
PRGV:3911,3912,65536
PRGV:3913,3912,65536
PRGV:3913,3914,65536
PRGV:3916,3914,65536
PRGV:3916,3917,65536
PRGV:3918,3917,65536
PRGV:3918,3919,65536
PRGV:3921,3919,65536
PRGV:3921,3922,65536
PRGV:3923,3922,65536
PRGV:3923,3924,65536
PRGV:3926,3924,65536
PRGV:3926,3927,65536
PRGV:3928,3927,65536
PRGV:3928,3929,65536
PRGV:3931,3929,65536
PRGV:3931,3932,65536
PRGV:3933,3932,65536
PRGV:3933,3934,65536
PRGV:3935,3934,65536
PRGV:3935,3936,65536
PRGV:3938,3936,65536
PRGV:3938,3939,65536
PRGV:3940,3939,65536
PRGV:3940,3941,65536
PRGV:3943,3941,65536
PRGV:3943,3944,65536
PRGV:3945,3944,65536
PRGV:3945,3946,65536
PRGV:3948,3946,65536
PRGV:3948,3949,65536
PRGV:3950,3949,65536
PRGV:3950,3951,65536
PRGV:3952,3951,65536
PRGV:3952,3953,65536
PRGV:3955,3953,65536
PRGV:3955,3956,65536
PRGV:3957,3956,65536
PRGV:3957,3958,65536
PRGV:3960,3958,65536
PRGV:3960,3961,65536
PRGV:3963,3961,65536
PRGV:3963,3964,65536
PRGV:3964,3964,65536
PRGV:3964,3966,65536
PRGV:3967,3966,65536
PRGV:3967,3968,65536
PRGV:3969,3968,65536
PRGV:3969,3971,65536
PRGV:3972,3971,65536
PRGV:3972,3973,65536
PRGV:3975,3973,65536
PRGV:3975,3976,65536
PRGV:3977,3976,65536
PRGV:3977,3978,65536
PRGV:3980,3978,65536
PRGV:3980,3981,65536
PRGV:3982,3981,65536
PRGV:3982,3983,65536
PRGV:3984,3983,65536
PRGV:3984,3985,65536
PRGV:3986,3985,65536
PRGV:3986,3988,65536
PRGV:3989,3988,65536
PRGV:3989,3990,65536
PRGV:3992,3990,65536
PRGV:3992,3993,65536
PRGV:3994,3993,65536
PRGV:3994,3995,65536
PRGV:3997,3995,65536
PRGV:3997,3998,65536
PRGV:3999,3998,65536
PRGV:3999,4000,65536
PRGV:4002,4000,65536
PRGV:4002,4003,65536
PRGV:4004,4003,65536
PRGV:4004,4005,65536
PRGV:4006,4005,65536
PRGV:4006,4007,65536
PRGV:4009,4007,65536
PRGV:4009,4010,65536
PRGV:4012,4010,65536
PRGV:4012,4013,65536
PRGV:4013,4013,65536
PRGV:4013,4015,65536
PRGV:4014,4015,65536
PRGV:4016,4015,65536
PRGV:4016,4017,65536
PRGV:4018,4017,65536
PRGV:4018,4020,65536
PRGV:4021,4020,65536
PRGV:4021,4022,65536
PRGV:4023,4022,65536
PRGV:4023,4025,65536
PRGV:4026,4025,65536
PRGV:4026,4027,65536
PRGV:4028,4027,65536
PRGV:4028,4029,65536
PRGV:4031,4029,65536
PRGV:4031,4032,65536
PRGV:4034,4032,65536
PRGV:4034,4035,65536
PRGV:4036,4035,65536
PRGV:4036,4037,65536
PRGV:4039,4037,65536
PRGV:4039,4040,65536
PRGV:4040,4040,65536
PRGV:4040,4042,65536
PRGV:4043,4042,65536
PRGV:4043,4044,65536
PRGV:4045,4044,65536
PRGV:4045,4047,65536
PRGV:4048,4047,65536
PRGV:4048,4049,65536
PRGV:4051,4049,65536
PRGV:4051,4052,65536
PRGV:4053,4052,65536
PRGV:4053,4054,65536
PRGV:4056,4054,65536
PRGV:4056,4057,65536
PRGV:4058,4057,65536
PRGV:4058,4059,65536
PRGV:4061,4059,65536
PRGV:4061,4062,65536
PRGV:4062,4062,65536
PRGV:4062,4064,65536
PRGV:4065,4064,65536
PRGV:4065,4066,65536
PRGV:4068,4066,65536
PRGV:4068,4069,65536
PRGV:4070,4069,65536
PRGV:4070,4071,65536
PRGV:4073,4071,65536
PRGV:4073,4074,65536
PRGV:4075,4074,65536
PRGV:4075,4076,65536
PRGV:4078,4076,65536
PRGV:4078,4079,65536
PRGV:4080,4079,65536
PRGV:4080,4081,65536
PRGV:4083,4081,65536
PRGV:4083,4084,65536
PRGV:4085,4084,65536
PRGV:4085,4086,65536
PRGV:4087,4086,65536
PRGV:4087,4088,65536
PRGV:4090,4088,65536
PRGV:4090,4091,65536
PRGV:4092,4091,65536
PRGV:4092,4093,65536
PRGV:4095,4093,65536
PRGV:4095,4096,65536
PRGV:4097,4096,65536
PRGV:4097,4098,65536
PRGV:4100,4098,65536
PRGV:4100,4101,65536
PRGV:4102,4101,65536
PRGV:4102,4103,65536
PRGV:4105,4103,65536
PRGV:4105,4106,65536
PRGV:4108,4106,65536
PRGV:4108,4109,65536
PRGV:4110,4109,65536
PRGV:4110,4111,65536
PRGV:4113,4111,65536
PRGV:4113,4114,65536
PRGV:4114,4114,65536
PRGV:4114,4115,65536
PRGV:4117,4115,65536
PRGV:4117,4118,65536
PRGV:4119,4118,65536
PRGV:4119,4120,65536
PRGV:4122,4120,65536
PRGV:4122,4123,65536
PRGV:4125,4123,65536
PRGV:4125,4126,65536
PRGV:4127,4126,65536
PRGV:4127,4128,65536
PRGV:4130,4128,65536
PRGV:4130,4131,65536
PRGV:4132,4131,65536
PRGV:4132,4133,65536
PRGV:4135,4133,65536
PRGV:4135,4136,65536
PRGV:4137,4136,65536
PRGV:4137,4138,65536
PRGV:4140,4138,65536
PRGV:4140,4141,65536
PRGV:4142,4141,65536
PRGV:4142,4143,65536
PRGV:4144,4143,65536
PRGV:4144,4145,65536
PRGV:4147,4145,65536
PRGV:4147,4148,65536
PRGV:4149,4148,65536
PRGV:4149,4150,65536
PRGV:4152,4150,65536
PRGV:4152,4153,65536
PRGV:4154,4153,65536
PRGV:4154,4155,65536
PRGV:4157,4155,65536
PRGV:4157,4158,65536
PRGV:4159,4158,65536
PRGV:4159,4161,65536
PRGV:4162,4161,65536
PRGV:4162,4163,65536
PRGV:4164,4163,65536
PRGV:4164,4166,65536
PRGV:4167,4166,65536
PRGV:4167,4168,65536
PRGV:4169,4168,65536
PRGV:4169,4170,65536
PRGV:4172,4170,65536
PRGV:4172,4173,65536
PRGV:4174,4173,65536
PRGV:4174,4175,65536
PRGV:4177,4175,65536
PRGV:4177,4178,65536
PRGV:4179,4178,65536
PRGV:4179,4180,65536
PRGV:4181,4180,65536
PRGV:4181,4183,65536
PRGV:4184,4183,65536
PRGV:4184,4185,65536
PRGV:4186,4185,65536
PRGV:4186,4187,65536
PRGV:4186,4188,65536
PRGV:4189,4188,65536
PRGV:4189,4190,65536
PRGV:4191,4190,65536
PRGV:4191,4192,65536
PRGV:4194,4192,65536
PRGV:4194,4195,65536
PRGV:4196,4195,65536
PRGV:4196,4197,65536
PRGV:4199,4197,65536
PRGV:4199,4200,65536
PRGV:4201,4200,65536
PRGV:4201,4202,65536
PRGV:4204,4202,65536
PRGV:4204,4205,65536
PRGV:4206,4205,65536
PRGV:4206,4207,65536
PRGV:4208,4207,65536
PRGV:4208,4210,65536
PRGV:4209,4210,65536
PRGV:4211,4210,65536
PRGV:4211,4212,65536
PRGV:4213,4212,65536
PRGV:4213,4215,65536
PRGV:4216,4215,65536
PRGV:4216,4217,65536
PRGV:4218,4217,65536
PRGV:4218,4220,65536
PRGV:4221,4220,65536
PRGV:4221,4222,65536
PRGV:4223,4222,65536
PRGV:4223,4224,65536
PRGV:4226,4224,65536
PRGV:4226,4227,65536
PRGV:4228,4227,65536
PRGV:4228,4229,65536
PRGV:4231,4229,65536
PRGV:4231,4232,65536
PRGV:4233,4232,65536
PRGV:4233,4234,65536
PRGV:4235,4234,65536
PRGV:4235,4237,65536
PRGV:4238,4237,65536
PRGV:4238,4239,65536
PRGV:4241,4239,65536
PRGV:4241,4242,65536
PRGV:4243,4242,65536
PRGV:4243,4244,65536
PRGV:4246,4244,65536
PRGV:4246,4247,65536
PRGV:4248,4247,65536
PRGV:4248,4249,65536
PRGV:4251,4249,65536
PRGV:4251,4252,65536
PRGV:4253,4252,65536
PRGV:4253,4254,65536
PRGV:4256,4254,65536
PRGV:4256,4257,65536
PRGV:4258,4257,65536
PRGV:4258,4259,65536
PRGV:4260,4259,65536
PRGV:4260,4261,65536
PRGV:4263,4261,65536
PRGV:4263,4264,65536
PRGV:4265,4264,65536
PRGV:4265,4266,65536
PRGV:4268,4266,65536
PRGV:4268,4269,65536
PRGV:4271,4269,65536
PRGV:4271,4272,65536
PRGV:4273,4272,65536
PRGV:4273,4274,65536
PRGV:4276,4274,65536
PRGV:4276,4277,65536
PRGV:4278,4277,65536
PRGV:4278,4279,65536
PRGV:4280,4279,65536
PRGV:4280,4281,65536
PRGV:4283,4281,65536
PRGV:4283,4284,65536
PRGV:4286,4284,65536
PRGV:4286,4287,65536
PRGV:4288,4287,65536
PRGV:4288,4289,65536
PRGV:4291,4289,65536
PRGV:4291,4292,65536
PRGV:4293,4292,65536
PRGV:4293,4294,65536
PRGV:4296,4294,65536
PRGV:4296,4297,65536
PRGV:4298,4297,65536
PRGV:4298,4299,65536
PRGV:4300,4299,65536
PRGV:4300,4302,65536
PRGV:4303,4302,65536
PRGV:4303,4304,65536
PRGV:4305,4304,65536
PRGV:4305,4306,65536
PRGV:4308,4306,65536
PRGV:4308,4309,65536
PRGV:4310,4309,65536
PRGV:4310,4311,65536
PRGV:4313,4311,65536
PRGV:4313,4314,65536
PRGV:4315,4314,65536
PRGV:4315,4316,65536
PRGV:4318,4316,65536
PRGV:4318,4319,65536
PRGV:4320,4319,65536
PRGV:4320,4321,65536
PRGV:4323,4321,65536
PRGV:4323,4324,65536
PRGV:4325,4324,65536
PRGV:4325,4326,65536
PRGV:4327,4326,65536
PRGV:4327,4329,65536
PRGV:4330,4329,65536
PRGV:4330,4331,65536
PRGV:4332,4331,65536
PRGV:4332,4334,65536
PRGV:4335,4334,65536
PRGV:4335,4336,65536
PRGV:4337,4336,65536
PRGV:4337,4338,65536
PRGV:4340,4338,65536
PRGV:4340,4341,65536
PRGV:4343,4341,65536
PRGV:4343,4344,65536
PRGV:4345,4344,65536
PRGV:4345,4346,65536
PRGV:4348,4346,65536
PRGV:4348,4349,65536
PRGV:4350,4349,65536
PRGV:4350,4351,65536
PRGV:4352,4351,65536
PRGV:4352,4353,65536
PRGV:4355,4353,65536
PRGV:4355,4356,65536
PRGV:4357,4356,65536
PRGV:4357,4358,65536
PRGV:4360,4358,65536
PRGV:4360,4361,65536
PRGV:4363,4361,65536
PRGV:4363,4364,65536
PRGV:4365,4364,65536
PRGV:4365,4366,65536
PRGV:4368,4366,65536
PRGV:4368,4369,65536
PRGV:4370,4369,65536
PRGV:4370,4371,65536
PRGV:4373,4371,65536
PRGV:4373,4374,65536
PRGV:4375,4374,65536
PRGV:4375,4376,65536
PRGV:4377,4376,65536
PRGV:4377,4378,65536
PRGV:4380,4378,65536
PRGV:4380,4381,65536
PRGV:4383,4381,65536
PRGV:4383,4384,65536
PRGV:4385,4384,65536
PRGV:4385,4386,65536
PRGV:4387,4386,65536
PRGV:4387,4389,65536
PRGV:4390,4389,65536
PRGV:4390,4391,65536
PRGV:4392,4391,65536
PRGV:4392,4394,65536
PRGV:4395,4394,65536
PRGV:4395,4396,65536
PRGV:4397,4396,65536
PRGV:4397,4399,65536
PRGV:4400,4399,65536
PRGV:4400,4401,65536
PRGV:4402,4401,65536
PRGV:4402,4403,65536
PRGV:4403,4403,65536
PRGV:4403,4404,65536
PRGV:4405,4404,65536
PRGV:4405,4406,65536
PRGV:4407,4406,65536
PRGV:4407,4408,65536
PRGV:4410,4408,65536
PRGV:4410,4411,65536
PRGV:4412,4411,65536
PRGV:4412,4413,65536
PRGV:4415,4413,65536
PRGV:4415,4416,65536
PRGV:4417,4416,65536
PRGV:4417,4418,65536
PRGV:4420,4418,65536
PRGV:4420,4421,65536
PRGV:4423,4421,65536
PRGV:4423,4424,65536
PRGV:4425,4424,65536
PRGV:4425,4426,65536
PRGV:4428,4426,65536
PRGV:4428,4429,65536
PRGV:4430,4429,65536
PRGV:4430,4431,65536
PRGV:4432,4431,65536
PRGV:4432,4433,65536
PRGV:4435,4433,65536
PRGV:4435,4436,65536
PRGV:4437,4436,65536
PRGV:4437,4438,65536
PRGV:4440,4438,65536
PRGV:4440,4441,65536
PRGV:4443,4441,65536
PRGV:4443,4444,65536
PRGV:4445,4444,65536
PRGV:4445,4446,65536
PRGV:4448,4446,65536
PRGV:4448,4449,65536
PRGV:4450,4449,65536
PRGV:4450,4451,65536
PRGV:4452,4451,65536
PRGV:4452,4454,65536
PRGV:4455,4454,65536
PRGV:4455,4456,65536
PRGV:4457,4456,65536
PRGV:4457,4458,65536
PRGV:4460,4458,65536
PRGV:4460,4461,65536
PRGV:4462,4461,65536
PRGV:4462,4464,65536
PRGV:4465,4464,65536
PRGV:4465,4466,65536
PRGV:4467,4466,65536
PRGV:4467,4468,65536
PRGV:4470,4468,65536
PRGV:4470,4471,65536
PRGV:4472,4471,65536
PRGV:4472,4473,65536
PRGV:4475,4473,65536
PRGV:4475,4476,65536
PRGV:4478,4476,65536
PRGV:4478,4479,65536
PRGV:4479,4479,65536
PRGV:4479,4481,65536
PRGV:4482,4481,65536
PRGV:4482,4483,65536
PRGV:4485,4483,65536
PRGV:4485,4486,65536
PRGV:4487,4486,65536
PRGV:4487,4488,65536
PRGV:4490,4488,65536
PRGV:4490,4491,65536
PRGV:4492,4491,65536
PRGV:4492,4493,65536
PRGV:4495,4493,65536
PRGV:4495,4496,65536
PRGV:4498,4496,65536
PRGV:4498,4499,65536
PRGV:4500,4499,65536
PRGV:4500,4501,65536
PRGV:4503,4501,65536
PRGV:4503,4504,65536
PRGV:4505,4504,65536
PRGV:4505,4506,65536
PRGV:4508,4506,65536
PRGV:4508,4509,65536
PRGV:4510,4509,65536
PRGV:4510,4511,65536
PRGV:4513,4511,65536
PRGV:4513,4514,65536
PRGV:4515,4514,65536
PRGV:4515,4516,65536
PRGV:4517,4516,65536
PRGV:4517,4519,65536
PRGV:4520,4519,65536
PRGV:4520,4521,65536
PRGV:4522,4521,65536
PRGV:4522,4524,65536
PRGV:4525,4524,65536
PRGV:4525,4526,65536
PRGV:4527,4526,65536
PRGV:4527,4529,65536
PRGV:4530,4529,65536
PRGV:4530,4531,65536
PRGV:4532,4531,65536
PRGV:4532,4533,65536
PRGV:4535,4533,65536
PRGV:4535,4536,65536
PRGV:4538,4536,65536
PRGV:4538,4539,65536
PRGV:4540,4539,65536
PRGV:4540,4541,65536
PRGV:4543,4541,65536
PRGV:4543,4544,65536
PRGV:4546,4544,65536
PRGV:4546,4547,65536
PRGV:4548,4547,65536
PRGV:4548,4549,65536
PRGV:4551,4549,65536
PRGV:4551,4552,65536
PRGV:4553,4552,65536
PRGV:4553,4554,65536
PRGV:4556,4554,65536
PRGV:4556,4557,65536
PRGV:4558,4557,65536
PRGV:4558,4559,65536
PRGV:4560,4559,65536
PRGV:4560,4561,65536
PRGV:4563,4561,65536
PRGV:4563,4564,65536
PRGV:4565,4564,65536
PRGV:4565,4566,65536
PRGV:4568,4566,65536
PRGV:4568,4569,65536
PRGV:4571,4569,65536
PRGV:4571,4572,65536
PRGV:4572,4572,65536
PRGV:4572,4573,65536
PRGV:4575,4573,65536
PRGV:4575,4576,65536
PRGV:4578,4576,65536
PRGV:4578,4579,65536
PRGV:4580,4579,65536
PRGV:4580,4581,65536
PRGV:4583,4581,65536
PRGV:4583,4584,65536
PRGV:4586,4584,65536
PRGV:4586,4587,65536
PRGV:4589,4587,65536
PRGV:4589,4590,65536
PRGV:4590,4590,65536
PRGV:4590,4592,65536
PRGV:4593,4592,65536
PRGV:4593,4594,65536
PRGV:4595,4594,65536
PRGV:4595,4597,65536
PRGV:4598,4597,65536
PRGV:4598,4599,65536
PRGV:4601,4599,65536
PRGV:4601,4602,65536
PRGV:4603,4602,65536
PRGV:4603,4604,65536
PRGV:4605,4604,65536
PRGV:4605,4606,65536
PRGV:4608,4606,65536
PRGV:4608,4609,65536
PRGV:4610,4609,65536
PRGV:4610,4611,65536
PRGV:4613,4611,65536
PRGV:4613,4614,65536
PRGV:4616,4614,65536
PRGV:4616,4617,65536
PRGV:4618,4617,65536
PRGV:4618,4619,65536
PRGV:4621,4619,65536
PRGV:4621,4622,65536
PRGV:4624,4622,65536
PRGV:4624,4625,65536
PRGV:4626,4625,65536
PRGV:4626,4627,65536
PRGV:4628,4627,65536
PRGV:4628,4629,65536
PRGV:4631,4629,65536
PRGV:4631,4632,65536
PRGV:4633,4632,65536
PRGV:4633,4634,65536
PRGV:4636,4634,65536
PRGV:4636,4637,65536
PRGV:4638,4637,65536
PRGV:4638,4640,65536
PRGV:4641,4640,65536
PRGV:4641,4642,65536
PRGV:4643,4642,65536
PRGV:4643,4644,65536
PRGV:4646,4644,65536
PRGV:4646,4647,65536
PRGV:4648,4647,65536
PRGV:4648,4649,65536
PRGV:4651,4649,65536
PRGV:4651,4652,65536
PRGV:4653,4652,65536
PRGV:4653,4654,65536
PRGV:4655,4654,65536
PRGV:4655,4657,65536
PRGV:4659,4657,65536
PRGV:4659,4660,65536
PRGV:4661,4660,65536
PRGV:4661,4662,65536
PRGV:4663,4662,65536
PRGV:4663,4664,65536
PRGV:4666,4664,65536
PRGV:4666,4667,65536
PRGV:4669,4667,65536
PRGV:4669,4670,65536
PRGV:4671,4670,65536
PRGV:4671,4672,65536
PRGV:4674,4672,65536
PRGV:4674,4675,65536
PRGV:4676,4675,65536
PRGV:4676,4678,65536
PRGV:4679,4678,65536
PRGV:4679,4680,65536
PRGV:4681,4680,65536
PRGV:4681,4682,65536
PRGV:4684,4682,65536
PRGV:4684,4685,65536
PRGV:4686,4685,65536
PRGV:4686,4687,65536
PRGV:4689,4687,65536
PRGV:4689,4690,65536
PRGV:4691,4690,65536
PRGV:4691,4692,65536
PRGV:4694,4692,65536
PRGV:4694,4695,65536
PRGV:4696,4695,65536
PRGV:4696,4697,65536
PRGV:4699,4697,65536
PRGV:4699,4700,65536
PRGV:4702,4700,65536
PRGV:4702,4703,65536
PRGV:4704,4703,65536
PRGV:4704,4705,65536
PRGV:4706,4705,65536
PRGV:4706,4707,65536
PRGV:4709,4707,65536
PRGV:4709,4710,65536
PRGV:4712,4710,65536
PRGV:4712,4713,65536
PRGV:4714,4713,65536
PRGV:4714,4715,65536
PRGV:4717,4715,65536
PRGV:4717,4718,65536
PRGV:4719,4718,65536
PRGV:4719,4720,65536
PRGV:4722,4720,65536
PRGV:4722,4723,65536
PRGV:4724,4723,65536
PRGV:4724,4725,65536
PRGV:4727,4725,65536
PRGV:4727,4728,65536
PRGV:4729,4728,65536
PRGV:4729,4730,65536
PRGV:4731,4730,65536
PRGV:4731,4733,65536
PRGV:4734,4733,65536
PRGV:4734,4735,65536
PRGV:4737,4735,65536
PRGV:4737,4738,65536
PRGV:4740,4738,65536
PRGV:4740,4741,65536
PRGV:4742,4741,65536
PRGV:4742,4743,65536
PRGV:4744,4743,65536
PRGV:4744,4745,65536
PRGV:4747,4745,65536
PRGV:4747,4748,65536
PRGV:4750,4748,65536
PRGV:4750,4751,65536
PRGV:4752,4751,65536
PRGV:4752,4753,65536
PRGV:4755,4753,65536
PRGV:4755,4756,65536
PRGV:4757,4756,65536
PRGV:4757,4758,65536
PRGV:4760,4758,65536
PRGV:4760,4761,65536
PRGV:4762,4761,65536
PRGV:4762,4763,65536
PRGV:4765,4763,65536
PRGV:4765,4766,65536
PRGV:4767,4766,65536
PRGV:4767,4768,65536
PRGV:4770,4768,65536
PRGV:4770,4771,65536
PRGV:4772,4771,65536
PRGV:4772,4773,65536
PRGV:4775,4773,65536
PRGV:4775,4776,65536
PRGV:4778,4776,65536
PRGV:4778,4779,65536
PRGV:4780,4779,65536
PRGV:4780,4781,65536
PRGV:4782,4781,65536
PRGV:4782,4783,65536
PRGV:4785,4783,65536
PRGV:4785,4786,65536
PRGV:4788,4786,65536
PRGV:4788,4789,65536
PRGV:4790,4789,65536
PRGV:4790,4791,65536
PRGV:4793,4791,65536
PRGV:4793,4794,65536
PRGV:4795,4794,65536
PRGV:4795,4796,65536
PRGV:4798,4796,65536
PRGV:4798,4799,65536
PRGV:4800,4799,65536
PRGV:4800,4801,65536
PRGV:4803,4801,65536
PRGV:4803,4804,65536
PRGV:4805,4804,65536
PRGV:4805,4806,65536
PRGV:4808,4806,65536
PRGV:4808,4809,65536
PRGV:4810,4809,65536
PRGV:4810,4811,65536
PRGV:4813,4811,65536
PRGV:4813,4814,65536
PRGV:4815,4814,65536
PRGV:4815,4816,65536
PRGV:4818,4816,65536
PRGV:4818,4819,65536
PRGV:4821,4819,65536
PRGV:4821,4822,65536
PRGV:4823,4822,65536
PRGV:4823,4824,65536
PRGV:4826,4824,65536
PRGV:4826,4827,65536
PRGV:4828,4827,65536
PRGV:4828,4830,65536
PRGV:4831,4830,65536
PRGV:4831,4832,65536
PRGV:4833,4832,65536
PRGV:4833,4834,65536
PRGV:4836,4834,65536
PRGV:4836,4837,65536
PRGV:4838,4837,65536
PRGV:4838,4839,65536
PRGV:4841,4839,65536
PRGV:4841,4842,65536
PRGV:4843,4842,65536
PRGV:4843,4844,65536
PRGV:4846,4844,65536
PRGV:4846,4847,65536
PRGV:4849,4847,65536
PRGV:4849,4850,65536
PRGV:4852,4850,65536
PRGV:4852,4853,65536
PRGV:4854,4853,65536
PRGV:4854,4855,65536
PRGV:4856,4855,65536
PRGV:4856,4857,65536
PRGV:4859,4857,65536
PRGV:4859,4860,65536
PRGV:4861,4860,65536
PRGV:4861,4863,65536
PRGV:4864,4863,65536
PRGV:4864,4865,65536
PRGV:4866,4865,65536
PRGV:4866,4868,65536
PRGV:4869,4868,65536
PRGV:4869,4870,65536
PRGV:4872,4870,65536
PRGV:4872,4873,65536
PRGV:4874,4873,65536
PRGV:4874,4875,65536
PRGV:4876,4875,65536
PRGV:4876,4877,65536
PRGV:4879,4877,65536
PRGV:4879,4880,65536
PRGV:4882,4880,65536
PRGV:4882,4883,65536
PRGV:4884,4883,65536
PRGV:4884,4885,65536
PRGV:4887,4885,65536
PRGV:4887,4888,65536
PRGV:4890,4888,65536
PRGV:4890,4891,65536
PRGV:4892,4891,65536
PRGV:4892,4893,65536
PRGV:4895,4893,65536
PRGV:4895,4896,65536
PRGV:4897,4896,65536
PRGV:4897,4898,65536
PRGV:4900,4898,65536
PRGV:4900,4901,65536
PRGV:4902,4901,65536
PRGV:4902,4903,65536
PRGV:4905,4903,65536
PRGV:4905,4906,65536
PRGV:4907,4906,65536
PRGV:4907,4908,65536
PRGV:4909,4908,65536
PRGV:4909,4911,65536
PRGV:4912,4911,65536
PRGV:4912,4913,65536
PRGV:4915,4913,65536
PRGV:4915,4916,65536
PRGV:4917,4916,65536
PRGV:4917,4918,65536
PRGV:4920,4918,65536
PRGV:4920,4921,65536
PRGV:4923,4921,65536
PRGV:4923,4924,65536
PRGV:4925,4924,65536
PRGV:4925,4926,65536
PRGV:4928,4926,65536
PRGV:4928,4929,65536
PRGV:4930,4929,65536
PRGV:4930,4931,65536
PRGV:4933,4931,65536
PRGV:4933,4934,65536
PRGV:4935,4934,65536
PRGV:4935,4936,65536
PRGV:4938,4936,65536
PRGV:4938,4939,65536
PRGV:4940,4939,65536
PRGV:4940,4941,65536
PRGV:4942,4941,65536
PRGV:4942,4944,65536
PRGV:4945,4944,65536
PRGV:4945,4946,65536
PRGV:4948,4946,65536
PRGV:4948,4949,65536
PRGV:4951,4949,65536
PRGV:4951,4952,65536
PRGV:4953,4952,65536
PRGV:4953,4954,65536
PRGV:4956,4954,65536
PRGV:4956,4957,65536
PRGV:4958,4957,65536
PRGV:4958,4960,65536
PRGV:4961,4960,65536
PRGV:4961,4962,65536
PRGV:4963,4962,65536
PRGV:4963,4964,65536
PRGV:4966,4964,65536
PRGV:4966,4967,65536
PRGV:4968,4967,65536
PRGV:4968,4969,65536
PRGV:4971,4969,65536
PRGV:4971,4972,65536
PRGV:4973,4972,65536
PRGV:4973,4974,65536
PRGV:4976,4974,65536
PRGV:4976,4977,65536
PRGV:4979,4977,65536
PRGV:4979,4980,65536
PRGV:4981,4980,65536
PRGV:4981,4982,65536
PRGV:4984,4982,65536
PRGV:4984,4985,65536
PRGV:4986,4985,65536
PRGV:4986,4987,65536
PRGV:4989,4987,65536
PRGV:4989,4990,65536
PRGV:4991,4990,65536
PRGV:4991,4993,65536
PRGV:4994,4993,65536
PRGV:4994,4995,65536
PRGV:4996,4995,65536
PRGV:4996,4998,65536
PRGV:4999,4998,65536
PRGV:4999,5000,65536
PRGV:5002,5000,65536
PRGV:5002,5003,65536
PRGV:5004,5003,65536
PRGV:5004,5005,65536
PRGV:5006,5005,65536
PRGV:5006,5007,65536
PRGV:5009,5007,65536
PRGV:5009,5010,65536
PRGV:5012,5010,65536
PRGV:5012,5013,65536
PRGV:5015,5013,65536
PRGV:5015,5016,65536
PRGV:5017,5016,65536
PRGV:5017,5018,65536
PRGV:5020,5018,65536
PRGV:5020,5021,65536
PRGV:5022,5021,65536
PRGV:5022,5023,65536
PRGV:5025,5023,65536
PRGV:5025,5026,65536
PRGV:5027,5026,65536
PRGV:5027,5028,65536
PRGV:5030,5028,65536
PRGV:5030,5031,65536
PRGV:5032,5031,65536
PRGV:5032,5033,65536
PRGV:5035,5033,65536
PRGV:5035,5036,65536
PRGV:5037,5036,65536
PRGV:5037,5038,65536
PRGV:5040,5038,65536
PRGV:5040,5041,65536
PRGV:5043,5041,65536
PRGV:5043,5044,65536
PRGV:5045,5044,65536
PRGV:5045,5047,65536
PRGV:5048,5047,65536
PRGV:5048,5049,65536
PRGV:5050,5049,65536
PRGV:5050,5052,65536
PRGV:5053,5052,65536
PRGV:5053,5054,65536
PRGV:5055,5054,65536
PRGV:5055,5056,65536
PRGV:5058,5056,65536
PRGV:5058,5059,65536
PRGV:5060,5059,65536
PRGV:5060,5061,65536
PRGV:5063,5061,65536
PRGV:5063,5064,65536
PRGV:5065,5064,65536
PRGV:5065,5066,65536
PRGV:5068,5066,65536
PRGV:5068,5069,65536
PRGV:5071,5069,65536
PRGV:5071,5072,65536
PRGV:5074,5072,65536
PRGV:5074,5075,65536
PRGV:5076,5075,65536
PRGV:5076,5077,65536
PRGV:5079,5077,65536
PRGV:5079,5080,65536
PRGV:5081,5080,65536
PRGV:5081,5082,65536
PRGV:5084,5082,65536
PRGV:5084,5085,65536
PRGV:5086,5085,65536
PRGV:5086,5087,65536
PRGV:5089,5087,65536
PRGV:5089,5090,65536
PRGV:5091,5090,65536
PRGV:5091,5092,65536
PRGV:5094,5092,65536
PRGV:5094,5095,65536
PRGV:5096,5095,65536
PRGV:5096,5097,65536
PRGV:5099,5097,65536
PRGV:5099,5100,65536
PRGV:5102,5100,65536
PRGV:5102,5103,65536
PRGV:5104,5103,65536
PRGV:5104,5105,65536
PRGV:5107,5105,65536
PRGV:5107,5108,65536
PRGV:5109,5108,65536
PRGV:5109,5110,65536
PRGV:5112,5110,65536
PRGV:5112,5113,65536
PRGV:5115,5113,65536
PRGV:5115,5116,65536
PRGV:5117,5116,65536
PRGV:5117,5118,65536
PRGV:5120,5118,65536
PRGV:5120,5121,65536
PRGV:5123,5121,65536
PRGV:5123,5124,65536
PRGV:5125,5124,65536
PRGV:5125,5126,65536
PRGV:5127,5126,65536
PRGV:5127,5128,65536
PRGV:5130,5128,65536
PRGV:5130,5131,65536
PRGV:5133,5131,65536
PRGV:5133,5134,65536
PRGV:5135,5134,65536
PRGV:5135,5136,65536
PRGV:5137,5136,65536
PRGV:5137,5139,65536
PRGV:5140,5139,65536
PRGV:5140,5141,65536
PRGV:5143,5141,65536
PRGV:5143,5144,65536
PRGV:5146,5144,65536
PRGV:5146,5147,65536
PRGV:5148,5147,65536
PRGV:5148,5149,65536
PRGV:5151,5149,65536
PRGV:5151,5152,65536
PRGV:5153,5152,65536
PRGV:5153,5154,65536
PRGV:5156,5154,65536
PRGV:5156,5157,65536
PRGV:5158,5157,65536
PRGV:5158,5159,65536
PRGV:5161,5159,65536
PRGV:5161,5162,65536
PRGV:5163,5162,65536
PRGV:5163,5164,65536
PRGV:5166,5164,65536
PRGV:5166,5167,65536
PRGV:5169,5167,65536
PRGV:5169,5170,65536
PRGV:5171,5170,65536
PRGV:5171,5172,65536
PRGV:5174,5172,65536
PRGV:5174,5175,65536
PRGV:5176,5175,65536
PRGV:5176,5177,65536
PRGV:5179,5177,65536
PRGV:5179,5180,65536
PRGV:5181,5180,65536
PRGV:5181,5182,65536
PRGV:5184,5182,65536
PRGV:5184,5185,65536
PRGV:5186,5185,65536
PRGV:5186,5188,65536
PRGV:5189,5188,65536
PRGV:5189,5190,65536
PRGV:5192,5190,65536
PRGV:5192,5193,65536
PRGV:5194,5193,65536
PRGV:5194,5195,65536
PRGV:5197,5195,65536
PRGV:5197,5198,65536
PRGV:5200,5198,65536
PRGV:5200,5201,65536
PRGV:5202,5201,65536
PRGV:5202,5204,65536
PRGV:5204,5204,65536
PRGV:5204,5205,65536
PRGV:5207,5205,65536
PRGV:5207,5208,65536
PRGV:5210,5208,65536
PRGV:5210,5211,65536
PRGV:5212,5211,65536
PRGV:5212,5213,65536
PRGV:5215,5213,65536
PRGV:5215,5216,65536
PRGV:5217,5216,65536
PRGV:5217,5218,65536
PRGV:5220,5218,65536
PRGV:5220,5221,65536
PRGV:5223,5221,65536
PRGV:5223,5224,65536
PRGV:5226,5224,65536
PRGV:5226,5227,65536
PRGV:5228,5227,65536
PRGV:5228,5229,65536
PRGV:5231,5229,65536
PRGV:5231,5232,65536
PRGV:5233,5232,65536
PRGV:5233,5234,65536
PRGV:5236,5234,65536
PRGV:5236,5237,65536
PRGV:5238,5237,65536
PRGV:5238,5239,65536
PRGV:5240,5239,65536
PRGV:5240,5242,65536
PRGV:5243,5242,65536
PRGV:5243,5244,65536
PRGV:5246,5244,65536
PRGV:5246,5247,65536
PRGV:5249,5247,65536
PRGV:5249,5250,65536
PRGV:5251,5250,65536
PRGV:5251,5253,65536
PRGV:5254,5253,65536
PRGV:5254,5255,65536
PRGV:5256,5255,65536
PRGV:5256,5257,65536
PRGV:5259,5257,65536
PRGV:5259,5260,65536
PRGV:5261,5260,65536
PRGV:5261,5262,65536
PRGV:5264,5262,65536
PRGV:5264,5265,65536
PRGV:5266,5265,65536
PRGV:5266,5267,65536
PRGV:5269,5267,65536
PRGV:5269,5270,65536
PRGV:5272,5270,65536
PRGV:5272,5273,65536
PRGV:5275,5273,65536
PRGV:5275,5276,65536
PRGV:5277,5276,65536
PRGV:5277,5278,65536
PRGV:5280,5278,65536
PRGV:5280,5281,65536
PRGV:5282,5281,65536
PRGV:5282,5283,65536
PRGV:5285,5283,65536
PRGV:5285,5286,65536
PRGV:5287,5286,65536
PRGV:5287,5288,65536
PRGV:5289,5288,65536
PRGV:5289,5291,65536
PRGV:5292,5291,65536
PRGV:5292,5293,65536
PRGV:5295,5293,65536
PRGV:5295,5296,65536
PRGV:5298,5296,65536
PRGV:5298,5299,65536
PRGV:5301,5299,65536
PRGV:5301,5302,65536
PRGV:5303,5302,65536
PRGV:5303,5304,65536
PRGV:5305,5304,65536
PRGV:5305,5306,65536
PRGV:5308,5306,65536
PRGV:5308,5309,65536
PRGV:5310,5309,65536
PRGV:5310,5311,65536
PRGV:5313,5311,65536
PRGV:5313,5314,65536
PRGV:5316,5314,65536
PRGV:5316,5317,65536
PRGV:5319,5317,65536
PRGV:5319,5320,65536
PRGV:5321,5320,65536
PRGV:5321,5322,65536
PRGV:5324,5322,65536
PRGV:5324,5325,65536
PRGV:5326,5325,65536
PRGV:5326,5327,65536
PRGV:5329,5327,65536
PRGV:5329,5330,65536
PRGV:5331,5330,65536
PRGV:5331,5332,65536
PRGV:5334,5332,65536
PRGV:5334,5335,65536
PRGV:5336,5335,65536
PRGV:5336,5337,65536
PRGV:5339,5337,65536
PRGV:5339,5340,65536
PRGV:5342,5340,65536
PRGV:5342,5343,65536
PRGV:5344,5343,65536
PRGV:5344,5345,65536
PRGV:5347,5345,65536
PRGV:5347,5348,65536
PRGV:5350,5348,65536
PRGV:5350,5351,65536
PRGV:5352,5351,65536
PRGV:5352,5353,65536
PRGV:5354,5353,65536
PRGV:5354,5356,65536
PRGV:5357,5356,65536
PRGV:5357,5358,65536
PRGV:5359,5358,65536
PRGV:5359,5361,65536
PRGV:5362,5361,65536
PRGV:5362,5363,65536
PRGV:5365,5363,65536
PRGV:5365,5366,65536
PRGV:5368,5366,65536
PRGV:5368,5369,65536
PRGV:5370,5369,65536
PRGV:5370,5371,65536
PRGV:5373,5371,65536
PRGV:5373,5374,65536
PRGV:5375,5374,65536
PRGV:5375,5376,65536
PRGV:5378,5376,65536
PRGV:5378,5379,65536
PRGV:5381,5379,65536
PRGV:5381,5382,65536
PRGV:5383,5382,65536
PRGV:5383,5384,65536
PRGV:5386,5384,65536
PRGV:5386,5387,65536
PRGV:5388,5387,65536
PRGV:5388,5389,65536
PRGV:5391,5389,65536
PRGV:5391,5392,65536
PRGV:5394,5392,65536
PRGV:5394,5395,65536
PRGV:5396,5395,65536
PRGV:5396,5397,65536
PRGV:5399,5397,65536
PRGV:5399,5400,65536
PRGV:5401,5400,65536
PRGV:5401,5402,65536
PRGV:5404,5402,65536
PRGV:5404,5405,65536
PRGV:5407,5405,65536
PRGV:5407,5408,65536
PRGV:5410,5408,65536
PRGV:5410,5411,65536
PRGV:5412,5411,65536
PRGV:5412,5413,65536
PRGV:5414,5413,65536
PRGV:5414,5415,65536
PRGV:5417,5415,65536
PRGV:5417,5418,65536
PRGV:5419,5418,65536
PRGV:5419,5421,65536
PRGV:5422,5421,65536
PRGV:5422,5423,65536
PRGV:5424,5423,65536
PRGV:5424,5426,65536
PRGV:5427,5426,65536
PRGV:5427,5428,65536
PRGV:5430,5428,65536
PRGV:5430,5431,65536
PRGV:5433,5431,65536
PRGV:5433,5434,65536
PRGV:5435,5434,65536
PRGV:5435,5437,65536
PRGV:5438,5437,65536
PRGV:5438,5439,65536
PRGV:5440,5439,65536
PRGV:5440,5441,65536
PRGV:5443,5441,65536
PRGV:5443,5444,65536
PRGV:5445,5444,65536
PRGV:5445,5446,65536
PRGV:5448,5446,65536
PRGV:5448,5449,65536
PRGV:5451,5449,65536
PRGV:5451,5452,65536
PRGV:5454,5452,65536
PRGV:5454,5455,65536
PRGV:5456,5455,65536
PRGV:5456,5457,65536
PRGV:5459,5457,65536
PRGV:5459,5460,65536
PRGV:5461,5460,65536
PRGV:5461,5462,65536
PRGV:5464,5462,65536
PRGV:5464,5465,65536
PRGV:5466,5465,65536
PRGV:5466,5467,65536
PRGV:5469,5467,65536
PRGV:5469,5470,65536
PRGV:5471,5470,65536
PRGV:5471,5472,65536
PRGV:5474,5472,65536
PRGV:5474,5475,65536
PRGV:5477,5475,65536
PRGV:5477,5478,65536
PRGV:5480,5478,65536
PRGV:5480,5481,65536
PRGV:5482,5481,65536
PRGV:5482,5483,65536
PRGV:5484,5483,65536
PRGV:5484,5486,65536
PRGV:5487,5486,65536
PRGV:5487,5488,65536
PRGV:5489,5488,65536
PRGV:5489,5491,65536
PRGV:5492,5491,65536
PRGV:5492,5493,65536
PRGV:5495,5493,65536
PRGV:5495,5496,65536
PRGV:5498,5496,65536
PRGV:5498,5499,65536
PRGV:5500,5499,65536
PRGV:5500,5502,65536
PRGV:5503,5502,65536
PRGV:5503,5504,65536
PRGV:5505,5504,65536
PRGV:5505,5506,65536
PRGV:5508,5506,65536
PRGV:5508,5509,65536
PRGV:5511,5509,65536
PRGV:5511,5512,65536
PRGV:5514,5512,65536
PRGV:5514,5515,65536
PRGV:5516,5515,65536
PRGV:5516,5518,65536
PRGV:5518,5518,65536
PRGV:5518,5519,65536
PRGV:5521,5519,65536
PRGV:5521,5522,65536
PRGV:5524,5522,65536
PRGV:5524,5525,65536
PRGV:5526,5525,65536
PRGV:5526,5527,65536
PRGV:5529,5527,65536
PRGV:5529,5530,65536
PRGV:5532,5530,65536
PRGV:5532,5533,65536
PRGV:5535,5533,65536
PRGV:5535,5536,65536
PRGV:5537,5536,65536
PRGV:5537,5538,65536
PRGV:5540,5538,65536
PRGV:5540,5541,65536
PRGV:5542,5541,65536
PRGV:5542,5543,65536
PRGV:5545,5543,65536
PRGV:5545,5546,65536
PRGV:5547,5546,65536
PRGV:5547,5548,65536
PRGV:5550,5548,65536
PRGV:5550,5551,65536
PRGV:5552,5551,65536
PRGV:5552,5553,65536
PRGV:5555,5553,65536
PRGV:5555,5556,65536
PRGV:5558,5556,65536
PRGV:5558,5559,65536
PRGV:5561,5559,65536
PRGV:5561,5562,65536
PRGV:5563,5562,65536
PRGV:5563,5564,65536
PRGV:5565,5564,65536
PRGV:5565,5567,65536
PRGV:5568,5567,65536
PRGV:5568,5569,65536
PRGV:5570,5569,65536
PRGV:5570,5571,65536
PRGV:5573,5571,65536
PRGV:5573,5574,65536
PRGV:5576,5574,65536
PRGV:5576,5577,65536
PRGV:5579,5577,65536
PRGV:5579,5580,65536
PRGV:5581,5580,65536
PRGV:5581,5583,65536
PRGV:5584,5583,65536
PRGV:5584,5585,65536
PRGV:5587,5585,65536
PRGV:5587,5588,65536
PRGV:5589,5588,65536
PRGV:5589,5590,65536
PRGV:5592,5590,65536
PRGV:5592,5593,65536
PRGV:5594,5593,65536
PRGV:5594,5595,65536
PRGV:5597,5595,65536
PRGV:5597,5598,65536
PRGV:5600,5598,65536
PRGV:5600,5601,65536
PRGV:5602,5601,65536
PRGV:5602,5603,65536
PRGV:5605,5603,65536
PRGV:5605,5606,65536
PRGV:5607,5606,65536
PRGV:5607,5608,65536
PRGV:5610,5608,65536
PRGV:5610,5611,65536
PRGV:5613,5611,65536
PRGV:5613,5614,65536
PRGV:5616,5614,65536
PRGV:5616,5617,65536
PRGV:5618,5617,65536
PRGV:5618,5619,65536
PRGV:5621,5619,65536
PRGV:5621,5622,65536
PRGV:5623,5622,65536
PRGV:5623,5624,65536
PRGV:5626,5624,65536
PRGV:5626,5627,65536
PRGV:5629,5627,65536
PRGV:5629,5630,65536
PRGV:5631,5630,65536
PRGV:5631,5632,65536
PRGV:5633,5632,65536
PRGV:5633,5634,65536
PRGV:5636,5634,65536
PRGV:5636,5637,65536
PRGV:5639,5637,65536
PRGV:5639,5640,65536
PRGV:5641,5640,65536
PRGV:5641,5643,65536
PRGV:5644,5643,65536
PRGV:5644,5645,65536
PRGV:5647,5645,65536
PRGV:5647,5648,65536
PRGV:5650,5648,65536
PRGV:5650,5651,65536
PRGV:5652,5651,65536
PRGV:5652,5653,65536
PRGV:5655,5653,65536
PRGV:5655,5656,65536
PRGV:5657,5656,65536
PRGV:5657,5659,65536
PRGV:5660,5659,65536
PRGV:5660,5661,65536
PRGV:5663,5661,65536
PRGV:5663,5664,65536
PRGV:5665,5664,65536
PRGV:5665,5666,65536
PRGV:5668,5666,65536
PRGV:5668,5669,65536
PRGV:5671,5669,65536
PRGV:5671,5672,65536
PRGV:5673,5672,65536
PRGV:5673,5674,65536
PRGV:5676,5674,65536
PRGV:5676,5677,65536
PRGV:5678,5677,65536
PRGV:5678,5679,65536
PRGV:5681,5679,65536
PRGV:5681,5682,65536
PRGV:5684,5682,65536
PRGV:5684,5685,65536
PRGV:5686,5685,65536
PRGV:5686,5687,65536
PRGV:5689,5687,65536
PRGV:5689,5690,65536
PRGV:5692,5690,65536
PRGV:5692,5693,65536
PRGV:5694,5693,65536
PRGV:5694,5695,65536
PRGV:5697,5695,65536
PRGV:5697,5698,65536
PRGV:5699,5698,65536
PRGV:5699,5700,65536
PRGV:5702,5700,65536
PRGV:5702,5703,65536
PRGV:5704,5703,65536
PRGV:5704,5705,65536
PRGV:5707,5705,65536
PRGV:5707,5708,65536
PRGV:5710,5708,65536
PRGV:5710,5711,65536
PRGV:5713,5711,65536
PRGV:5713,5714,65536
PRGV:5715,5714,65536
PRGV:5715,5716,65536
PRGV:5718,5716,65536
PRGV:5718,5719,65536
PRGV:5721,5719,65536
PRGV:5721,5722,65536
PRGV:5723,5722,65536
PRGV:5723,5724,65536
PRGV:5726,5724,65536
PRGV:5726,5727,65536
PRGV:5729,5727,65536
PRGV:5729,5730,65536
PRGV:5731,5730,65536
PRGV:5731,5732,65536
PRGV:5733,5732,65536
PRGV:5733,5735,65536
PRGV:5736,5735,65536
PRGV:5736,5737,65536
PRGV:5739,5737,65536
PRGV:5739,5740,65536
PRGV:5742,5740,65536
PRGV:5742,5743,65536
PRGV:5744,5743,65536
PRGV:5744,5745,65536
PRGV:5747,5745,65536
PRGV:5747,5748,65536
PRGV:5749,5748,65536
PRGV:5749,5751,65536
PRGV:5752,5751,65536
PRGV:5752,5753,65536
PRGV:5755,5753,65536
PRGV:5755,5756,65536
PRGV:5758,5756,65536
PRGV:5758,5759,65536
PRGV:5760,5759,65536
PRGV:5760,5762,65536
PRGV:5763,5762,65536
PRGV:5763,5764,65536
PRGV:5765,5764,65536
PRGV:5765,5766,65536
PRGV:5768,5766,65536
PRGV:5768,5769,65536
PRGV:5770,5769,65536
PRGV:5770,5771,65536
PRGV:5773,5771,65536
PRGV:5773,5774,65536
PRGV:5776,5774,65536
PRGV:5776,5777,65536
PRGV:5779,5777,65536
PRGV:5779,5780,65536
PRGV:5781,5780,65536
PRGV:5781,5782,65536
PRGV:5784,5782,65536
PRGV:5784,5785,65536
PRGV:5786,5785,65536
PRGV:5786,5787,65536
PRGV:5789,5787,65536
PRGV:5789,5790,65536
PRGV:5792,5790,65536
PRGV:5792,5793,65536
PRGV:5795,5793,65536
PRGV:5795,5796,65536
PRGV:5797,5796,65536
PRGV:5797,5798,65536
PRGV:5800,5798,65536
PRGV:5800,5801,65536
PRGV:5802,5801,65536
PRGV:5802,5803,65536
PRGV:5805,5803,65536
PRGV:5805,5806,65536
PRGV:5807,5806,65536
PRGV:5807,5808,65536
PRGV:5810,5808,65536
PRGV:5810,5811,65536
PRGV:5813,5811,65536
PRGV:5813,5814,65536
PRGV:5816,5814,65536
PRGV:5816,5817,65536
PRGV:5818,5817,65536
PRGV:5818,5819,65536
PRGV:5821,5819,65536
PRGV:5821,5822,65536
PRGV:5823,5822,65536
PRGV:5823,5824,65536
PRGV:5826,5824,65536
PRGV:5826,5827,65536
PRGV:5829,5827,65536
PRGV:5829,5830,65536
PRGV:5832,5830,65536
PRGV:5832,5833,65536
PRGV:5834,5833,65536
PRGV:5834,5835,65536
PRGV:5836,5835,65536
PRGV:5836,5838,65536
PRGV:5839,5838,65536
PRGV:5839,5840,65536
PRGV:5842,5840,65536
PRGV:5842,5843,65536
PRGV:5845,5843,65536
PRGV:5845,5846,65536
PRGV:5847,5846,65536
PRGV:5847,5848,65536
PRGV:5850,5848,65536
PRGV:5850,5851,65536
PRGV:5852,5851,65536
PRGV:5852,5854,65536
PRGV:5855,5854,65536
PRGV:5855,5856,65536
PRGV:5857,5856,65536
PRGV:5857,5858,65536
PRGV:5860,5858,65536
PRGV:5860,5861,65536
PRGV:5863,5861,65536
PRGV:5863,5864,65536
PRGV:5866,5864,65536
PRGV:5866,5867,65536
PRGV:5868,5867,65536
PRGV:5868,5869,65536
PRGV:5871,5869,65536
PRGV:5871,5872,65536
PRGV:5873,5872,65536
PRGV:5873,5874,65536
PRGV:5876,5874,65536
PRGV:5876,5877,65536
PRGV:5879,5877,65536
PRGV:5879,5880,65536
PRGV:5882,5880,65536
PRGV:5882,5883,65536
PRGV:5884,5883,65536
PRGV:5884,5885,65536
PRGV:5887,5885,65536
PRGV:5887,5888,65536
PRGV:5890,5888,65536
PRGV:5890,5891,65536
PRGV:5893,5891,65536
PRGV:5893,5894,65536
PRGV:5895,5894,65536
PRGV:5895,5896,65536
PRGV:5898,5896,65536
PRGV:5898,5899,65536
PRGV:5900,5899,65536
PRGV:5900,5901,65536
PRGV:5903,5901,65536
PRGV:5903,5904,65536
PRGV:5905,5904,65536
PRGV:5905,5906,65536
PRGV:5908,5906,65536
PRGV:5908,5909,65536
PRGV:5911,5909,65536
PRGV:5911,5912,65536
PRGV:5914,5912,65536
PRGV:5914,5915,65536
PRGV:5916,5915,65536
PRGV:5916,5917,65536
PRGV:5919,5917,65536
PRGV:5919,5920,65536
PRGV:5921,5920,65536
PRGV:5921,5922,65536
PRGV:5924,5922,65536
PRGV:5924,5925,65536
PRGV:5927,5925,65536
PRGV:5927,5928,65536
PRGV:5930,5928,65536
PRGV:5930,5931,65536
PRGV:5932,5931,65536
PRGV:5932,5933,65536
PRGV:5935,5933,65536
PRGV:5935,5936,65536
PRGV:5938,5936,65536
PRGV:5938,5939,65536
PRGV:5939,5939,65536
PRGV:5939,5941,65536
PRGV:5943,5941,65536
PRGV:5943,5944,65536
PRGV:5945,5944,65536
PRGV:5945,5946,65536
PRGV:5948,5946,65536
PRGV:5948,5949,65536
PRGV:5951,5949,65536
PRGV:5951,5952,65536
PRGV:5953,5952,65536
PRGV:5953,5954,65536
PRGV:5956,5954,65536
PRGV:5956,5957,65536
PRGV:5958,5957,65536
PRGV:5958,5959,65536
PRGV:5961,5959,65536
PRGV:5961,5962,65536
PRGV:5964,5962,65536
PRGV:5964,5965,65536
PRGV:5966,5965,65536
PRGV:5966,5968,65536
PRGV:5969,5968,65536
PRGV:5969,5970,65536
PRGV:5972,5970,65536
PRGV:5972,5973,65536
PRGV:5975,5973,65536
PRGV:5975,5976,65536
PRGV:5977,5976,65536
PRGV:5977,5979,65536
PRGV:5980,5979,65536
PRGV:5980,5981,65536
PRGV:5982,5981,65536
PRGV:5982,5983,65536
PRGV:5985,5983,65536
PRGV:5985,5986,65536
PRGV:5988,5986,65536
PRGV:5988,5989,65536
PRGV:5991,5989,65536
PRGV:5991,5992,65536
PRGV:5993,5992,65536
PRGV:5993,5995,65536
PRGV:5996,5995,65536
PRGV:5996,5997,65536
PRGV:5998,5997,65536
PRGV:5998,5999,65536
PRGV:6001,5999,65536
PRGV:6001,6002,65536
PRGV:6003,6002,65536
PRGV:6003,6004,65536
PRGV:6006,6004,65536
PRGV:6006,6007,65536
PRGV:6009,6007,65536
PRGV:6009,6010,65536
PRGV:6012,6010,65536
PRGV:6012,6013,65536
PRGV:6014,6013,65536
PRGV:6014,6015,65536
PRGV:6017,6015,65536
PRGV:6017,6018,65536
PRGV:6019,6018,65536
PRGV:6019,6020,65536
PRGV:6022,6020,65536
PRGV:6022,6023,65536
PRGV:6025,6023,65536
PRGV:6025,6026,65536
PRGV:6028,6026,65536
PRGV:6028,6029,65536
PRGV:6030,6029,65536
PRGV:6030,6031,65536
PRGV:6033,6031,65536
PRGV:6033,6034,65536
PRGV:6036,6034,65536
PRGV:6036,6037,65536
PRGV:6039,6037,65536
PRGV:6039,6040,65536
PRGV:6041,6040,65536
PRGV:6041,6042,65536
PRGV:6044,6042,65536
PRGV:6044,6045,65536
PRGV:6046,6045,65536
PRGV:6046,6047,65536
PRGV:6049,6047,65536
PRGV:6049,6050,65536
PRGV:6052,6050,65536
PRGV:6052,6053,65536
PRGV:6054,6053,65536
PRGV:6054,6055,65536
PRGV:6057,6055,65536
PRGV:6057,6058,65536
PRGV:6060,6058,65536
PRGV:6060,6061,65536
PRGV:6062,6061,65536
PRGV:6062,6063,65536
PRGV:6065,6063,65536
PRGV:6065,6066,65536
PRGV:6068,6066,65536
PRGV:6068,6069,65536
PRGV:6070,6069,65536
PRGV:6070,6071,65536
PRGV:6073,6071,65536
PRGV:6073,6074,65536
PRGV:6076,6074,65536
PRGV:6076,6077,65536
PRGV:6078,6077,65536
PRGV:6078,6079,65536
PRGV:6081,6079,65536
PRGV:6081,6082,65536
PRGV:6084,6082,65536
PRGV:6084,6085,65536
PRGV:6087,6085,65536
PRGV:6087,6088,65536
PRGV:6089,6088,65536
PRGV:6089,6090,65536
PRGV:6092,6090,65536
PRGV:6092,6093,65536
PRGV:6094,6093,65536
PRGV:6094,6095,65536
PRGV:6097,6095,65536
PRGV:6097,6098,65536
PRGV:6100,6098,65536
PRGV:6100,6101,65536
PRGV:6103,6101,65536
PRGV:6103,6104,65536
PRGV:6105,6104,65536
PRGV:6105,6106,65536
PRGV:6108,6106,65536
PRGV:6108,6109,65536
PRGV:6111,6109,65536
PRGV:6111,6112,65536
PRGV:6113,6112,65536
PRGV:6113,6114,65536
PRGV:6116,6114,65536
PRGV:6116,6117,65536
PRGV:6119,6117,65536
PRGV:6119,6120,65536
PRGV:6121,6120,65536
PRGV:6121,6122,65536
PRGV:6123,6122,65536
PRGV:6123,6125,65536
PRGV:6126,6125,65536
PRGV:6126,6127,65536
PRGV:6129,6127,65536
PRGV:6129,6130,65536
PRGV:6132,6130,65536
PRGV:6132,6133,65536
PRGV:6134,6133,65536
PRGV:6134,6135,65536
PRGV:6137,6135,65536
PRGV:6137,6138,65536
PRGV:6139,6138,65536
PRGV:6139,6140,65536
PRGV:6142,6140,65536
PRGV:6142,6143,65536
PRGV:6145,6143,65536
PRGV:6145,6146,65536
PRGV:6148,6146,65536
PRGV:6148,6149,65536
PRGV:6150,6149,65536
PRGV:6150,6151,65536
PRGV:6153,6151,65536
PRGV:6153,6154,65536
PRGV:6155,6154,65536
PRGV:6155,6156,65536
PRGV:6158,6156,65536
PRGV:6158,6159,65536
PRGV:6161,6159,65536
PRGV:6161,6162,65536
PRGV:6164,6162,65536
PRGV:6164,6165,65536
PRGV:6166,6165,65536
PRGV:6166,6167,65536
PRGV:6169,6167,65536
PRGV:6169,6170,65536
PRGV:6172,6170,65536
PRGV:6172,6173,65536
PRGV:6175,6173,65536
PRGV:6175,6176,65536
PRGV:6177,6176,65536
PRGV:6177,6178,65536
PRGV:6180,6178,65536
PRGV:6180,6181,65536
PRGV:6182,6181,65536
PRGV:6182,6183,65536
PRGV:6185,6183,65536
PRGV:6185,6186,65536
PRGV:6188,6186,65536
PRGV:6188,6189,65536
PRGV:6191,6189,65536
PRGV:6191,6192,65536
PRGV:6193,6192,65536
PRGV:6193,6194,65536
PRGV:6196,6194,65536
PRGV:6196,6197,65536
PRGV:6199,6197,65536
PRGV:6199,6200,65536
PRGV:6202,6200,65536
PRGV:6202,6203,65536
PRGV:6204,6203,65536
PRGV:6204,6205,65536
PRGV:6207,6205,65536
PRGV:6207,6208,65536
PRGV:6209,6208,65536
PRGV:6209,6210,65536
PRGV:6212,6210,65536
PRGV:6212,6213,65536
PRGV:6214,6213,65536
PRGV:6214,6215,65536
PRGV:6217,6215,65536
PRGV:6217,6218,65536
PRGV:6220,6218,65536
PRGV:6220,6221,65536
PRGV:6223,6221,65536
PRGV:6223,6224,65536
PRGV:6225,6224,65536
PRGV:6225,6226,65536
PRGV:6228,6226,65536
PRGV:6228,6229,65536
PRGV:6231,6229,65536
PRGV:6231,6232,65536
PRGV:6233,6232,65536
PRGV:6233,6234,65536
PRGV:6236,6234,65536
PRGV:6236,6237,65536
PRGV:6239,6237,65536
PRGV:6239,6240,65536
PRGV:6241,6240,65536
PRGV:6241,6242,65536
PRGV:6244,6242,65536
PRGV:6244,6245,65536
PRGV:6247,6245,65536
PRGV:6247,6248,65536
PRGV:6250,6248,65536
PRGV:6250,6251,65536
PRGV:6252,6251,65536
PRGV:6252,6253,65536
PRGV:6255,6253,65536
PRGV:6255,6256,65536
PRGV:6257,6256,65536
PRGV:6257,6258,65536
PRGV:6260,6258,65536
PRGV:6260,6261,65536
PRGV:6263,6261,65536
PRGV:6263,6264,65536
PRGV:6266,6264,65536
PRGV:6266,6267,65536
PRGV:6268,6267,65536
PRGV:6268,6269,65536
PRGV:6271,6269,65536
PRGV:6271,6272,65536
PRGV:6273,6272,65536
PRGV:6273,6274,65536
PRGV:6276,6274,65536
PRGV:6276,6277,65536
PRGV:6279,6277,65536
PRGV:6279,6280,65536
PRGV:6282,6280,65536
PRGV:6282,6283,65536
PRGV:6284,6283,65536
PRGV:6284,6285,65536
PRGV:6287,6285,65536
PRGV:6287,6288,65536
PRGV:6290,6288,65536
PRGV:6290,6291,65536
PRGV:6293,6291,65536
PRGV:6293,6294,65536
PRGV:6295,6294,65536
PRGV:6295,6296,65536
PRGV:6298,6296,65536
PRGV:6298,6299,65536
PRGV:6301,6299,65536
PRGV:6301,6302,65536
PRGV:6303,6302,65536
PRGV:6303,6304,65536
PRGV:6306,6304,65536
PRGV:6306,6307,65536
PRGV:6309,6307,65536
PRGV:6309,6310,65536
PRGV:6311,6310,65536
PRGV:6311,6312,65536
PRGV:6314,6312,65536
PRGV:6314,6315,65536
PRGV:6317,6315,65536
PRGV:6317,6318,65536
PRGV:6320,6318,65536
PRGV:6320,6321,65536
PRGV:6322,6321,65536
PRGV:6322,6323,65536
PRGV:6325,6323,65536
PRGV:6325,6326,65536
PRGV:6327,6326,65536
PRGV:6327,6328,65536
PRGV:6330,6328,65536
PRGV:6330,6331,65536
PRGV:6333,6331,65536
PRGV:6333,6334,65536
PRGV:6336,6334,65536
PRGV:6336,6337,65536
PRGV:6338,6337,65536
PRGV:6338,6339,65536
PRGV:6341,6339,65536
PRGV:6341,6342,65536
PRGV:6344,6342,65536
PRGV:6344,6345,65536
PRGV:6347,6345,65536
PRGV:6347,6348,65536
PRGV:6349,6348,65536
PRGV:6349,6350,65536
PRGV:6352,6350,65536
PRGV:6352,6353,65536
PRGV:6355,6353,65536
PRGV:6355,6356,65536
PRGV:6357,6356,65536
PRGV:6357,6358,65536
PRGV:6360,6358,65536
PRGV:6360,6361,65536
PRGV:6363,6361,65536
PRGV:6363,6364,65536
PRGV:6365,6364,65536
PRGV:6365,6366,65536
PRGV:6368,6366,65536
PRGV:6368,6369,65536
PRGV:6371,6369,65536
PRGV:6371,6372,65536
PRGV:6374,6372,65536
PRGV:6374,6375,65536
PRGV:6376,6375,65536
PRGV:6376,6377,65536
PRGV:6379,6377,65536
PRGV:6379,6380,65536
PRGV:6382,6380,65536
PRGV:6382,6383,65536
PRGV:6384,6383,65536
PRGV:6384,6385,65536
PRGV:6387,6385,65536
PRGV:6387,6388,65536
PRGV:6390,6388,65536
PRGV:6390,6391,65536
PRGV:6392,6391,65536
PRGV:6392,6393,65536
PRGV:6395,6393,65536
PRGV:6395,6396,65536
PRGV:6398,6396,65536
PRGV:6398,6399,65536
PRGV:6401,6399,65536
PRGV:6401,6402,65536
PRGV:6403,6402,65536
PRGV:6403,6404,65536
PRGV:6406,6404,65536
PRGV:6406,6407,65536
PRGV:6408,6407,65536
PRGV:6408,6409,65536
PRGV:6411,6409,65536
PRGV:6411,6412,65536
PRGV:6414,6412,65536
PRGV:6414,6415,65536
PRGV:6417,6415,65536
PRGV:6417,6418,65536
PRGV:6419,6418,65536
PRGV:6419,6420,65536
PRGV:6422,6420,65536
PRGV:6422,6423,65536
PRGV:6425,6423,65536
PRGV:6425,6426,65536
PRGV:6428,6426,65536
PRGV:6428,6429,65536
PRGV:6430,6429,65536
PRGV:6430,6431,65536
PRGV:6432,6431,65536
PRGV:6432,6434,65536
PRGV:6435,6434,65536
PRGV:6435,6436,65536
PRGV:6438,6436,65536
PRGV:6438,6439,65536
PRGV:6441,6439,65536
PRGV:6441,6442,65536
PRGV:6444,6442,65536
PRGV:6444,6445,65536
PRGV:6446,6445,65536
PRGV:6446,6447,65536
PRGV:6449,6447,65536
PRGV:6449,6450,65536
PRGV:6452,6450,65536
PRGV:6452,6453,65536
PRGV:6454,6453,65536
PRGV:6454,6455,65536
PRGV:6457,6455,65536
PRGV:6457,6458,65536
PRGV:6459,6458,65536
PRGV:6459,6461,65536
PRGV:6462,6461,65536
PRGV:6462,6463,65536
PRGV:6465,6463,65536
PRGV:6465,6466,65536
PRGV:6468,6466,65536
PRGV:6468,6469,65536
PRGV:6470,6469,65536
PRGV:6470,6472,65536
PRGV:6474,6472,65536
PRGV:6474,6475,65536
PRGV:6476,6475,65536
PRGV:6476,6477,65536
PRGV:6479,6477,65536
PRGV:6479,6480,65536
PRGV:6482,6480,65536
PRGV:6482,6483,65536
PRGV:6484,6483,65536
PRGV:6484,6485,65536
PRGV:6487,6485,65536
PRGV:6487,6488,65536
PRGV:6490,6488,65536
PRGV:6490,6491,65536
PRGV:6493,6491,65536
PRGV:6493,6494,65536
PRGV:6495,6494,65536
PRGV:6495,6496,65536
PRGV:6497,6496,65536
PRGV:6497,6499,65536
PRGV:6500,6499,65536
PRGV:6500,6501,65536
PRGV:6503,6501,65536
PRGV:6503,6504,65536
PRGV:6506,6504,65536
PRGV:6506,6507,65536
PRGV:6509,6507,65536
PRGV:6509,6510,65536
PRGV:6511,6510,65536
PRGV:6511,6512,65536
PRGV:6514,6512,65536
PRGV:6514,6515,65536
PRGV:6517,6515,65536
PRGV:6517,6518,65536
PRGV:6520,6518,65536
PRGV:6520,6521,65536
PRGV:6522,6521,65536
PRGV:6522,6523,65536
PRGV:6524,6523,65536
PRGV:6524,6526,65536
PRGV:6527,6526,65536
PRGV:6527,6528,65536
PRGV:6530,6528,65536
PRGV:6530,6531,65536
PRGV:6533,6531,65536
PRGV:6533,6534,65536
PRGV:6535,6534,65536
PRGV:6535,6537,65536
PRGV:6538,6537,65536
PRGV:6538,6539,65536
PRGV:6541,6539,65536
PRGV:6541,6542,65536
PRGV:6544,6542,65536
PRGV:6544,6545,65536
PRGV:6547,6545,65536
PRGV:6547,6548,65536
PRGV:6549,6548,65536
PRGV:6549,6550,65536
PRGV:6552,6550,65536
PRGV:6552,6553,65536
PRGV:6555,6553,65536
PRGV:6555,6556,65536
PRGV:6558,6556,65536
PRGV:6558,6559,65536
PRGV:6560,6559,65536
PRGV:6560,6561,65536
PRGV:6563,6561,65536
PRGV:6563,6564,65536
PRGV:6566,6564,65536
PRGV:6566,6567,65536
PRGV:6569,6567,65536
PRGV:6569,6570,65536
PRGV:6571,6570,65536
PRGV:6571,6572,65536
PRGV:6574,6572,65536
PRGV:6574,6575,65536
PRGV:6576,6575,65536
PRGV:6576,6577,65536
PRGV:6579,6577,65536
PRGV:6579,6580,65536
PRGV:6582,6580,65536
PRGV:6582,6583,65536
PRGV:6585,6583,65536
PRGV:6585,6586,65536
PRGV:6587,6586,65536
PRGV:6587,6588,65536
PRGV:6590,6588,65536
PRGV:6590,6591,65536
PRGV:6593,6591,65536
PRGV:6593,6594,65536
PRGV:6596,6594,65536
PRGV:6596,6597,65536
PRGV:6598,6597,65536
PRGV:6598,6599,65536
PRGV:6600,6599,65536
PRGV:6600,6602,65536
PRGV:6603,6602,65536
PRGV:6603,6604,65536
PRGV:6606,6604,65536
PRGV:6606,6607,65536
PRGV:6609,6607,65536
PRGV:6609,6610,65536
PRGV:6612,6610,65536
PRGV:6612,6613,65536
PRGV:6614,6613,65536
PRGV:6614,6615,65536
PRGV:6618,6615,65536
PRGV:6618,6619,65536
PRGV:6620,6619,65536
PRGV:6620,6621,65536
PRGV:6623,6621,65536
PRGV:6623,6624,65536
PRGV:6626,6624,65536
PRGV:6626,6627,65536
PRGV:6628,6627,65536
PRGV:6628,6629,65536
PRGV:6631,6629,65536
PRGV:6631,6632,65536
PRGV:6634,6632,65536
PRGV:6634,6635,65536
PRGV:6636,6635,65536
PRGV:6636,6637,65536
PRGV:6639,6637,65536
PRGV:6639,6640,65536
PRGV:6642,6640,65536
PRGV:6642,6643,65536
PRGV:6645,6643,65536
PRGV:6645,6646,65536
PRGV:6647,6646,65536
PRGV:6647,6648,65536
PRGV:6650,6648,65536
PRGV:6650,6651,65536
PRGV:6652,6651,65536
PRGV:6652,6653,65536
PRGV:6655,6653,65536
PRGV:6655,6656,65536
PRGV:6658,6656,65536
PRGV:6658,6659,65536
PRGV:6661,6659,65536
PRGV:6661,6662,65536
PRGV:6664,6662,65536
PRGV:6664,6665,65536
PRGV:6667,6665,65536
PRGV:6667,6668,65536
PRGV:6669,6668,65536
PRGV:6669,6670,65536
PRGV:6672,6670,65536
PRGV:6672,6673,65536
PRGV:6674,6673,65536
PRGV:6674,6675,65536
PRGV:6677,6675,65536
PRGV:6677,6678,65536
PRGV:6680,6678,65536
PRGV:6680,6681,65536
PRGV:6683,6681,65536
PRGV:6683,6684,65536
PRGV:6685,6684,65536
PRGV:6685,6686,65536
PRGV:6688,6686,65536
PRGV:6688,6689,65536
PRGV:6691,6689,65536
PRGV:6691,6692,65536
PRGV:6694,6692,65536
PRGV:6694,6695,65536
PRGV:6696,6695,65536
PRGV:6696,6697,65536
PRGV:6699,6697,65536
PRGV:6699,6700,65536
PRGV:6701,6700,65536
PRGV:6701,6702,65536
PRGV:6704,6702,65536
PRGV:6704,6705,65536
PRGV:6707,6705,65536
PRGV:6707,6708,65536
PRGV:6710,6708,65536
PRGV:6710,6711,65536
PRGV:6712,6711,65536
PRGV:6712,6713,65536
PRGV:6716,6713,65536
PRGV:6716,6717,65536
PRGV:6718,6717,65536
PRGV:6718,6719,65536
PRGV:6721,6719,65536
PRGV:6721,6722,65536
PRGV:6724,6722,65536
PRGV:6724,6725,65536
PRGV:6726,6725,65536
PRGV:6726,6727,65536
PRGV:6729,6727,65536
PRGV:6729,6730,65536
PRGV:6732,6730,65536
PRGV:6732,6733,65536
PRGV:6734,6733,65536
PRGV:6734,6735,65536
PRGV:6737,6735,65536
PRGV:6737,6738,65536
PRGV:6740,6738,65536
PRGV:6740,6741,65536
PRGV:6743,6741,65536
PRGV:6743,6744,65536
PRGV:6745,6744,65536
PRGV:6745,6746,65536
PRGV:6748,6746,65536
PRGV:6748,6749,65536
PRGV:6751,6749,65536
PRGV:6751,6752,65536
PRGV:6754,6752,65536
PRGV:6754,6755,65536
PRGV:6756,6755,65536
PRGV:6756,6757,65536
PRGV:6759,6757,65536
PRGV:6759,6760,65536
PRGV:6762,6760,65536
PRGV:6762,6763,65536
PRGV:6765,6763,65536
PRGV:6765,6766,65536
PRGV:6767,6766,65536
PRGV:6767,6768,65536
PRGV:6770,6768,65536
PRGV:6770,6771,65536
PRGV:6773,6771,65536
PRGV:6773,6774,65536
PRGV:6776,6774,65536
PRGV:6776,6777,65536
PRGV:6778,6777,65536
PRGV:6778,6779,65536
PRGV:6781,6779,65536
PRGV:6781,6782,65536
PRGV:6783,6782,65536
PRGV:6783,6784,65536
PRGV:6786,6784,65536
PRGV:6786,6787,65536
PRGV:6789,6787,65536
PRGV:6789,6790,65536
PRGV:6792,6790,65536
PRGV:6792,6793,65536
PRGV:6794,6793,65536
PRGV:6794,6795,65536
PRGV:6798,6795,65536
PRGV:6798,6799,65536
PRGV:6800,6799,65536
PRGV:6800,6801,65536
PRGV:6803,6801,65536
PRGV:6803,6804,65536
PRGV:6805,6804,65536
PRGV:6805,6806,65536
PRGV:6808,6806,65536
PRGV:6808,6809,65536
PRGV:6811,6809,65536
PRGV:6811,6812,65536
PRGV:6814,6812,65536
PRGV:6814,6815,65536
PRGV:6816,6815,65536
PRGV:6816,6817,65536
PRGV:6819,6817,65536
PRGV:6819,6820,65536
PRGV:6822,6820,65536
PRGV:6822,6823,65536
PRGV:6825,6823,65536
PRGV:6825,6826,65536
PRGV:6827,6826,65536
PRGV:6827,6828,65536
PRGV:6830,6828,65536
PRGV:6830,6831,65536
PRGV:6833,6831,65536
PRGV:6833,6834,65536
PRGV:6836,6834,65536
PRGV:6836,6837,65536
PRGV:6838,6837,65536
PRGV:6838,6839,65536
PRGV:6841,6839,65536
PRGV:6841,6842,65536
PRGV:6844,6842,65536
PRGV:6844,6845,65536
PRGV:6847,6845,65536
PRGV:6847,6848,65536
PRGV:6849,6848,65536
PRGV:6849,6850,65536
PRGV:6852,6850,65536
PRGV:6852,6853,65536
PRGV:6855,6853,65536
PRGV:6855,6856,65536
PRGV:6858,6856,65536
PRGV:6858,6859,65536
PRGV:6860,6859,65536
PRGV:6860,6861,65536
PRGV:6863,6861,65536
PRGV:6863,6864,65536
PRGV:6866,6864,65536
PRGV:6866,6867,65536
PRGV:6869,6867,65536
PRGV:6869,6870,65536
PRGV:6872,6870,65536
PRGV:6872,6873,65536
PRGV:6874,6873,65536
PRGV:6874,6875,65536
PRGV:6876,6875,65536
PRGV:6876,6877,65536
PRGV:6880,6877,65536
PRGV:6880,6881,65536
PRGV:6883,6881,65536
PRGV:6883,6884,65536
PRGV:6885,6884,65536
PRGV:6885,6886,65536
PRGV:6888,6886,65536
PRGV:6888,6889,65536
PRGV:6891,6889,65536
PRGV:6891,6892,65536
PRGV:6894,6892,65536
PRGV:6894,6895,65536
PRGV:6896,6895,65536
PRGV:6896,6897,65536
PRGV:6899,6897,65536
PRGV:6899,6900,65536
PRGV:6901,6900,65536
PRGV:6901,6902,65536
PRGV:6905,6902,65536
PRGV:6905,6906,65536
PRGV:6907,6906,65536
PRGV:6907,6908,65536
PRGV:6910,6908,65536
PRGV:6910,6911,65536
PRGV:6912,6911,65536
PRGV:6912,6913,65536
PRGV:6915,6913,65536
PRGV:6915,6916,65536
PRGV:6918,6916,65536
PRGV:6918,6919,65536
PRGV:6921,6919,65536
PRGV:6921,6922,65536
PRGV:6924,6922,65536
PRGV:6924,6925,65536
PRGV:6927,6925,65536
PRGV:6927,6928,65536
PRGV:6929,6928,65536
PRGV:6929,6930,65536
PRGV:6932,6930,65536
PRGV:6932,6933,65536
PRGV:6934,6933,65536
PRGV:6934,6935,65536
PRGV:6937,6935,65536
PRGV:6937,6938,65536
PRGV:6940,6938,65536
PRGV:6940,6941,65536
PRGV:6943,6941,65536
PRGV:6943,6944,65536
PRGV:6946,6944,65536
PRGV:6946,6947,65536
PRGV:6949,6947,65536
PRGV:6949,6950,65536
PRGV:6951,6950,65536
PRGV:6951,6952,65536
PRGV:6954,6952,65536
PRGV:6954,6955,65536
PRGV:6956,6955,65536
PRGV:6956,6957,65536
PRGV:6957,6957,65536
PRGV:6957,6958,65536
PRGV:6959,6958,65536
PRGV:6959,6960,65536
PRGV:6962,6960,65536
PRGV:6962,6963,65536
PRGV:6965,6963,65536
PRGV:6965,6966,65536
PRGV:6968,6966,65536
PRGV:6968,6969,65536
PRGV:6971,6969,65536
PRGV:6971,6972,65536
PRGV:6973,6972,65536
PRGV:6973,6974,65536
PRGV:6976,6974,65536
PRGV:6976,6977,65536
PRGV:6979,6977,65536
PRGV:6979,6980,65536
PRGV:6982,6980,65536
PRGV:6982,6983,65536
PRGV:6984,6983,65536
PRGV:6984,6985,65536
PRGV:6987,6985,65536
PRGV:6987,6988,65536
PRGV:6990,6988,65536
PRGV:6990,6991,65536
PRGV:6993,6991,65536
PRGV:6993,6994,65536
PRGV:6995,6994,65536
PRGV:6995,6996,65536
PRGV:6998,6996,65536
PRGV:6998,6999,65536
PRGV:7001,6999,65536
PRGV:7001,7002,65536
PRGV:7004,7002,65536
PRGV:7004,7005,65536
PRGV:7006,7005,65536
PRGV:7006,7007,65536
PRGV:7009,7007,65536
PRGV:7009,7010,65536
PRGV:7012,7010,65536
PRGV:7012,7013,65536
PRGV:7015,7013,65536
PRGV:7015,7016,65536
PRGV:7017,7016,65536
PRGV:7017,7018,65536
PRGV:7020,7018,65536
PRGV:7020,7021,65536
PRGV:7023,7021,65536
PRGV:7023,7024,65536
PRGV:7026,7024,65536
PRGV:7026,7027,65536
PRGV:7028,7027,65536
PRGV:7028,7029,65536
PRGV:7031,7029,65536
PRGV:7031,7032,65536
PRGV:7034,7032,65536
PRGV:7034,7035,65536
PRGV:7037,7035,65536
PRGV:7037,7038,65536
PRGV:7040,7038,65536
PRGV:7040,7041,65536
PRGV:7042,7041,65536
PRGV:7042,7043,65536
PRGV:7045,7043,65536
PRGV:7045,7046,65536
PRGV:7048,7046,65536
PRGV:7048,7049,65536
PRGV:7051,7049,65536
PRGV:7051,7052,65536
PRGV:7053,7052,65536
PRGV:7053,7054,65536
PRGV:7056,7054,65536
PRGV:7056,7057,65536
PRGV:7059,7057,65536
PRGV:7059,7060,65536
PRGV:7062,7060,65536
PRGV:7062,7063,65536
PRGV:7064,7063,65536
PRGV:7064,7065,65536
PRGV:7067,7065,65536
PRGV:7067,7068,65536
PRGV:7070,7068,65536
PRGV:7070,7071,65536
PRGV:7073,7071,65536
PRGV:7073,7074,65536
PRGV:7076,7074,65536
PRGV:7076,7077,65536
PRGV:7078,7077,65536
PRGV:7078,7079,65536
PRGV:7081,7079,65536
PRGV:7081,7082,65536
PRGV:7084,7082,65536
PRGV:7084,7085,65536
PRGV:7086,7085,65536
PRGV:7086,7087,65536
PRGV:7089,7087,65536
PRGV:7089,7090,65536
PRGV:7092,7090,65536
PRGV:7092,7093,65536
PRGV:7095,7093,65536
PRGV:7095,7096,65536
PRGV:7098,7096,65536
PRGV:7098,7099,65536
PRGV:7101,7099,65536
PRGV:7101,7102,65536
PRGV:7103,7102,65536
PRGV:7103,7104,65536
PRGV:7106,7104,65536
PRGV:7106,7107,65536
PRGV:7108,7107,65536
PRGV:7108,7109,65536
PRGV:7111,7109,65536
PRGV:7111,7112,65536
PRGV:7114,7112,65536
PRGV:7114,7115,65536
PRGV:7117,7115,65536
PRGV:7117,7118,65536
PRGV:7120,7118,65536
PRGV:7120,7121,65536
PRGV:7123,7121,65536
PRGV:7123,7124,65536
PRGV:7125,7124,65536
PRGV:7125,7126,65536
PRGV:7128,7126,65536
PRGV:7128,7129,65536
PRGV:7130,7129,65536
PRGV:7130,7131,65536
PRGV:7133,7131,65536
PRGV:7133,7134,65536
PRGV:7136,7134,65536
PRGV:7136,7137,65536
PRGV:7139,7137,65536
PRGV:7139,7140,65536
PRGV:7142,7140,65536
PRGV:7142,7143,65536
PRGV:7145,7143,65536
PRGV:7145,7146,65536
PRGV:7147,7146,65536
PRGV:7147,7148,65536
PRGV:7150,7148,65536
PRGV:7150,7151,65536
PRGV:7153,7151,65536
PRGV:7153,7154,65536
PRGV:7155,7154,65536
PRGV:7155,7156,65536
PRGV:7158,7156,65536
PRGV:7158,7159,65536
PRGV:7161,7159,65536
PRGV:7161,7162,65536
PRGV:7164,7162,65536
PRGV:7164,7165,65536
PRGV:7167,7165,65536
PRGV:7167,7168,65536
PRGV:7170,7168,65536
PRGV:7170,7171,65536
PRGV:7173,7171,65536
PRGV:7173,7174,65536
PRGV:7175,7174,65536
PRGV:7175,7176,65536
PRGV:7178,7176,65536
PRGV:7178,7179,65536
PRGV:7181,7179,65536
PRGV:7181,7182,65536
PRGV:7183,7182,65536
PRGV:7183,7184,65536
PRGV:7186,7184,65536
PRGV:7186,7187,65536
PRGV:7189,7187,65536
PRGV:7189,7190,65536
PRGV:7192,7190,65536
PRGV:7192,7193,65536
PRGV:7195,7193,65536
PRGV:7195,7196,65536
PRGV:7197,7196,65536
PRGV:7197,7198,65536
PRGV:7198,7198,65536
PRGV:7198,7199,65536
PRGV:7200,7199,65536
PRGV:7200,7201,65536
PRGV:7203,7201,65536
PRGV:7203,7204,65536
PRGV:7205,7204,65536
PRGV:7205,7206,65536
PRGV:7209,7206,65536
PRGV:7209,7210,65536
PRGV:7211,7210,65536
PRGV:7211,7212,65536
PRGV:7214,7212,65536
PRGV:7214,7215,65536
PRGV:7217,7215,65536
PRGV:7217,7218,65536
PRGV:7220,7218,65536
PRGV:7220,7221,65536
PRGV:7222,7221,65536
PRGV:7222,7223,65536
PRGV:7225,7223,65536
PRGV:7225,7226,65536
PRGV:7228,7226,65536
PRGV:7228,7229,65536
PRGV:7231,7229,65536
PRGV:7231,7232,65536
PRGV:7233,7232,65536
PRGV:7233,7234,65536
PRGV:7236,7234,65536
PRGV:7236,7237,65536
PRGV:7239,7237,65536
PRGV:7239,7240,65536
PRGV:7242,7240,65536
PRGV:7242,7243,65536
PRGV:7245,7243,65536
PRGV:7245,7246,65536
PRGV:7247,7246,65536
PRGV:7247,7248,65536
PRGV:7250,7248,65536
PRGV:7250,7251,65536
PRGV:7253,7251,65536
PRGV:7253,7254,65536
PRGV:7255,7254,65536
PRGV:7255,7256,65536
PRGV:7259,7256,65536
PRGV:7259,7260,65536
PRGV:7262,7260,65536
PRGV:7262,7262,65536
PRGV:7264,7262,65536
PRGV:7264,7265,65536
PRGV:7267,7265,65536
PRGV:7267,7268,65536
PRGV:7269,7268,65536
PRGV:7269,7270,65536
PRGV:7272,7270,65536
PRGV:7272,7273,65536
PRGV:7275,7273,65536
PRGV:7275,7276,65536
PRGV:7278,7276,65536
PRGV:7278,7279,65536
PRGV:7281,7279,65536
PRGV:7281,7282,65536
PRGV:7284,7282,65536
PRGV:7284,7285,65536
PRGV:7286,7285,65536
PRGV:7286,7287,65536
PRGV:7289,7287,65536
PRGV:7289,7290,65536
PRGV:7292,7290,65536
PRGV:7292,7293,65536
PRGV:7295,7293,65536
PRGV:7295,7296,65536
PRGV:7297,7296,65536
PRGV:7297,7298,65536
PRGV:7300,7298,65536
PRGV:7300,7301,65536
PRGV:7303,7301,65536
PRGV:7303,7304,65536
PRGV:7306,7304,65536
PRGV:7306,7307,65536
PRGV:7309,7307,65536
PRGV:7309,7310,65536
PRGV:7312,7310,65536
PRGV:7312,7313,65536
PRGV:7314,7313,65536
PRGV:7314,7315,65536
PRGV:7317,7315,65536
PRGV:7317,7318,65536
PRGV:7319,7318,65536
PRGV:7319,7320,65536
PRGV:7323,7320,65536
PRGV:7323,7324,65536
PRGV:7325,7324,65536
PRGV:7325,7326,65536
PRGV:7328,7326,65536
PRGV:7328,7329,65536
PRGV:7331,7329,65536
PRGV:7331,7332,65536
PRGV:7334,7332,65536
PRGV:7334,7335,65536
PRGV:7336,7335,65536
PRGV:7336,7337,65536
PRGV:7340,7337,65536
PRGV:7340,7341,65536
PRGV:7342,7341,65536
PRGV:7342,7343,65536
PRGV:7345,7343,65536
PRGV:7345,7346,65536
PRGV:7347,7346,65536
PRGV:7347,7348,65536
PRGV:7350,7348,65536
PRGV:7350,7351,65536
PRGV:7353,7351,65536
PRGV:7353,7354,65536
PRGV:7356,7354,65536
PRGV:7356,7357,65536
PRGV:7359,7357,65536
PRGV:7359,7360,65536
PRGV:7362,7360,65536
PRGV:7362,7363,65536
PRGV:7365,7363,65536
PRGV:7365,7365,65536
PRGV:7367,7365,65536
PRGV:7367,7368,65536
PRGV:7370,7368,65536
PRGV:7370,7371,65536
PRGV:7373,7371,65536
PRGV:7373,7374,65536
PRGV:7376,7374,65536
PRGV:7376,7377,65536
PRGV:7378,7377,65536
PRGV:7378,7379,65536
PRGV:7381,7379,65536
PRGV:7381,7382,65536
PRGV:7384,7382,65536
PRGV:7384,7385,65536
PRGV:7387,7385,65536
PRGV:7387,7388,65536
PRGV:7390,7388,65536
PRGV:7390,7391,65536
PRGV:7393,7391,65536
PRGV:7393,7394,65536
PRGV:7395,7394,65536
PRGV:7395,7396,65536
PRGV:7398,7396,65536
PRGV:7398,7399,65536
PRGV:7400,7399,65536
PRGV:7400,7401,65536
PRGV:7404,7401,65536
PRGV:7404,7405,65536
PRGV:7406,7405,65536
PRGV:7406,7407,65536
PRGV:7409,7407,65536
PRGV:7409,7410,65536
PRGV:7412,7410,65536
PRGV:7412,7413,65536
PRGV:7415,7413,65536
PRGV:7415,7416,65536
PRGV:7417,7416,65536
PRGV:7417,7418,65536
PRGV:7418,7418,65536
PRGV:7418,7419,65536
PRGV:7420,7419,65536
PRGV:7420,7421,65536
PRGV:7423,7421,65536
PRGV:7423,7424,65536
PRGV:7426,7424,65536
PRGV:7426,7427,65536
PRGV:7429,7427,65536
PRGV:7429,7430,65536
PRGV:7432,7430,65536
PRGV:7432,7433,65536
PRGV:7434,7433,65536
PRGV:7434,7435,65536
PRGV:7437,7435,65536
PRGV:7437,7438,65536
PRGV:7440,7438,65536
PRGV:7440,7441,65536
PRGV:7442,7441,65536
PRGV:7442,7443,65536
PRGV:7445,7443,65536
PRGV:7445,7446,65536
PRGV:7448,7446,65536
PRGV:7448,7449,65536
PRGV:7451,7449,65536
PRGV:7451,7452,65536
PRGV:7454,7452,65536
PRGV:7454,7455,65536
PRGV:7457,7455,65536
PRGV:7457,7457,65536
PRGV:7460,7457,65536
PRGV:7460,7461,65536
PRGV:7463,7461,65536
PRGV:7463,7464,65536
PRGV:7465,7464,65536
PRGV:7465,7466,65536
PRGV:7468,7466,65536
PRGV:7468,7469,65536
PRGV:7471,7469,65536
PRGV:7471,7472,65536
PRGV:7473,7472,65536
PRGV:7473,7474,65536
PRGV:7476,7474,65536
PRGV:7476,7477,65536
PRGV:7479,7477,65536
PRGV:7479,7480,65536
PRGV:7482,7480,65536
PRGV:7482,7483,65536
PRGV:7485,7483,65536
PRGV:7485,7486,65536
PRGV:7488,7486,65536
PRGV:7488,7489,65536
PRGV:7491,7489,65536
PRGV:7491,7492,65536
PRGV:7493,7492,65536
PRGV:7493,7494,65536
PRGV:7496,7494,65536
PRGV:7496,7497,65536
PRGV:7498,7497,65536
PRGV:7498,7499,65536
PRGV:7502,7499,65536
PRGV:7502,7503,65536
PRGV:7504,7503,65536
PRGV:7504,7505,65536
PRGV:7507,7505,65536
PRGV:7507,7508,65536
PRGV:7510,7508,65536
PRGV:7510,7511,65536
PRGV:7513,7511,65536
PRGV:7513,7514,65536
PRGV:7515,7514,65536
PRGV:7515,7516,65536
PRGV:7518,7516,65536
PRGV:7518,7519,65536
PRGV:7521,7519,65536
PRGV:7521,7522,65536
PRGV:7524,7522,65536
PRGV:7524,7525,65536
PRGV:7527,7525,65536
PRGV:7527,7528,65536
PRGV:7530,7528,65536
PRGV:7530,7531,65536
PRGV:7533,7531,65536
PRGV:7533,7533,65536
PRGV:7535,7533,65536
PRGV:7535,7536,65536
PRGV:7538,7536,65536
PRGV:7538,7539,65536
PRGV:7541,7539,65536
PRGV:7541,7542,65536
PRGV:7544,7542,65536
PRGV:7544,7545,65536
PRGV:7546,7545,65536
PRGV:7546,7547,65536
PRGV:7550,7547,65536
PRGV:7550,7551,65536
PRGV:7552,7551,65536
PRGV:7552,7553,65536
PRGV:7555,7553,65536
PRGV:7555,7556,65536
PRGV:7558,7556,65536
PRGV:7558,7559,65536
PRGV:7561,7559,65536
PRGV:7561,7562,65536
PRGV:7563,7562,65536
PRGV:7563,7564,65536
PRGV:7566,7564,65536
PRGV:7566,7567,65536
PRGV:7569,7567,65536
PRGV:7569,7570,65536
PRGV:7572,7570,65536
PRGV:7572,7573,65536
PRGV:7574,7573,65536
PRGV:7574,7575,65536
PRGV:7578,7575,65536
PRGV:7578,7579,65536
PRGV:7580,7579,65536
PRGV:7580,7581,65536
PRGV:7583,7581,65536
PRGV:7583,7584,65536
PRGV:7586,7584,65536
PRGV:7586,7587,65536
PRGV:7589,7587,65536
PRGV:7589,7590,65536
PRGV:7591,7590,65536
PRGV:7591,7592,65536
PRGV:7594,7592,65536
PRGV:7594,7595,65536
PRGV:7597,7595,65536
PRGV:7597,7598,65536
PRGV:7600,7598,65536
PRGV:7600,7601,65536
PRGV:7603,7601,65536
PRGV:7603,7604,65536
PRGV:7606,7604,65536
PRGV:7606,7607,65536
PRGV:7609,7607,65536
PRGV:7609,7610,65536
PRGV:7611,7610,65536
PRGV:7611,7612,65536
PRGV:7614,7612,65536
PRGV:7614,7615,65536
PRGV:7617,7615,65536
PRGV:7617,7618,65536
PRGV:7620,7618,65536
PRGV:7620,7621,65536
PRGV:7622,7621,65536
PRGV:7622,7623,65536
PRGV:7625,7623,65536
PRGV:7625,7626,65536
PRGV:7628,7626,65536
PRGV:7628,7629,65536
PRGV:7631,7629,65536
PRGV:7631,7632,65536
PRGV:7634,7632,65536
PRGV:7634,7635,65536
PRGV:7637,7635,65536
PRGV:7637,7638,65536
PRGV:7639,7638,65536
PRGV:7639,7640,65536
PRGV:7642,7640,65536
PRGV:7642,7643,65536
PRGV:7645,7643,65536
PRGV:7645,7646,65536
PRGV:7648,7646,65536
PRGV:7648,7649,65536
PRGV:7650,7649,65536
PRGV:7650,7651,65536
PRGV:7654,7651,65536
PRGV:7654,7655,65536
PRGV:7656,7655,65536
PRGV:7656,7657,65536
PRGV:7659,7657,65536
PRGV:7659,7660,65536
PRGV:7662,7660,65536
PRGV:7662,7663,65536
PRGV:7665,7663,65536
PRGV:7665,7666,65536
PRGV:7667,7666,65536
PRGV:7667,7668,65536
PRGV:7670,7668,65536
PRGV:7670,7671,65536
PRGV:7674,7671,65536
PRGV:7674,7675,65536
PRGV:7676,7675,65536
PRGV:7676,7677,65536
PRGV:7678,7677,65536
PRGV:7678,7679,65536
PRGV:7681,7679,65536
PRGV:7681,7682,65536
PRGV:7685,7682,65536
PRGV:7685,7686,65536
PRGV:7687,7686,65536
PRGV:7687,7688,65536
PRGV:7690,7688,65536
PRGV:7690,7691,65536
PRGV:7693,7691,65536
PRGV:7693,7694,65536
PRGV:7696,7694,65536
PRGV:7696,7697,65536
PRGV:7698,7697,65536
PRGV:7698,7699,65536
PRGV:7701,7699,65536
PRGV:7701,7702,65536
PRGV:7704,7702,65536
PRGV:7704,7705,65536
PRGV:7707,7705,65536
PRGV:7707,7708,65536
PRGV:7710,7708,65536
PRGV:7710,7711,65536
PRGV:7713,7711,65536
PRGV:7713,7714,65536
PRGV:7715,7714,65536
PRGV:7715,7716,65536
PRGV:7719,7716,65536
PRGV:7719,7720,65536
PRGV:7721,7720,65536
PRGV:7721,7722,65536
PRGV:7724,7722,65536
PRGV:7724,7725,65536
PRGV:7726,7725,65536
PRGV:7726,7727,65536
PRGV:7730,7727,65536
PRGV:7730,7731,65536
PRGV:7732,7731,65536
PRGV:7732,7733,65536
PRGV:7735,7733,65536
PRGV:7735,7736,65536
PRGV:7739,7736,65536
PRGV:7739,7740,65536
PRGV:7741,7740,65536
PRGV:7741,7742,65536
PRGV:7743,7742,65536
PRGV:7743,7744,65536
PRGV:7746,7744,65536
PRGV:7746,7747,65536
PRGV:7750,7747,65536
PRGV:7750,7751,65536
PRGV:7752,7751,65536
PRGV:7752,7753,65536
PRGV:7755,7753,65536
PRGV:7755,7756,65536
PRGV:7758,7756,65536
PRGV:7758,7759,65536
PRGV:7761,7759,65536
PRGV:7761,7762,65536
PRGV:7764,7762,65536
PRGV:7764,7765,65536
PRGV:7766,7765,65536
PRGV:7766,7767,65536
PRGV:7769,7767,65536
PRGV:7769,7770,65536
PRGV:7772,7770,65536
PRGV:7772,7773,65536
PRGV:7775,7773,65536
PRGV:7775,7776,65536
PRGV:7778,7776,65536
PRGV:7778,7779,65536
PRGV:7781,7779,65536
PRGV:7781,7782,65536
PRGV:7784,7782,65536
PRGV:7784,7785,65536
PRGV:7786,7785,65536
PRGV:7786,7787,65536
PRGV:7789,7787,65536
PRGV:7789,7790,65536
PRGV:7791,7790,65536
PRGV:7791,7792,65536
PRGV:7795,7792,65536
PRGV:7795,7796,65536
PRGV:7797,7796,65536
PRGV:7797,7798,65536
PRGV:7800,7798,65536
PRGV:7800,7801,65536
PRGV:7803,7801,65536
PRGV:7803,7804,65536
PRGV:7806,7804,65536
PRGV:7806,7807,65536
PRGV:7809,7807,65536
PRGV:7809,7810,65536
PRGV:7812,7810,65536
PRGV:7812,7813,65536
PRGV:7815,7813,65536
PRGV:7815,7816,65536
PRGV:7817,7816,65536
PRGV:7817,7818,65536
PRGV:7820,7818,65536
PRGV:7820,7821,65536
PRGV:7823,7821,65536
PRGV:7823,7824,65536
PRGV:7826,7824,65536
PRGV:7826,7827,65536
PRGV:7829,7827,65536
PRGV:7829,7830,65536
PRGV:7832,7830,65536
PRGV:7832,7833,65536
PRGV:7834,7833,65536
PRGV:7834,7835,65536
PRGV:7838,7835,65536
PRGV:7838,7839,65536
PRGV:7840,7839,65536
PRGV:7840,7841,65536
PRGV:7843,7841,65536
PRGV:7843,7844,65536
PRGV:7845,7844,65536
PRGV:7845,7846,65536
PRGV:7849,7846,65536
PRGV:7849,7850,65536
PRGV:7851,7850,65536
PRGV:7851,7852,65536
PRGV:7854,7852,65536
PRGV:7854,7855,65536
PRGV:7858,7855,65536
PRGV:7858,7858,65536
PRGV:7860,7858,65536
PRGV:7860,7861,65536
PRGV:7862,7861,65536
PRGV:7862,7863,65536
PRGV:7865,7863,65536
PRGV:7865,7866,65536
PRGV:7869,7866,65536
PRGV:7869,7869,65536
PRGV:7871,7869,65536
PRGV:7871,7872,65536
PRGV:7874,7872,65536
PRGV:7874,7875,65536
PRGV:7877,7875,65536
PRGV:7877,7878,65536
PRGV:7880,7878,65536
PRGV:7880,7881,65536
PRGV:7883,7881,65536
PRGV:7883,7884,65536
PRGV:7885,7884,65536
PRGV:7885,7886,65536
PRGV:7888,7886,65536
PRGV:7888,7889,65536
PRGV:7891,7889,65536
PRGV:7891,7892,65536
PRGV:7894,7892,65536
PRGV:7894,7895,65536
PRGV:7897,7895,65536
PRGV:7897,7898,65536
PRGV:7900,7898,65536
PRGV:7900,7901,65536
PRGV:7903,7901,65536
PRGV:7903,7904,65536
PRGV:7905,7904,65536
PRGV:7905,7906,65536
PRGV:7909,7906,65536
PRGV:7909,7910,65536
PRGV:7911,7910,65536
PRGV:7911,7912,65536
PRGV:7914,7912,65536
PRGV:7914,7915,65536
PRGV:7916,7915,65536
PRGV:7916,7917,65536
PRGV:7919,7917,65536
PRGV:7919,7920,65536
PRGV:7923,7920,65536
PRGV:7923,7923,65536
PRGV:7925,7923,65536
PRGV:7925,7926,65536
PRGV:7928,7926,65536
PRGV:7928,7929,65536
PRGV:7931,7929,65536
PRGV:7931,7932,65536
PRGV:7934,7932,65536
PRGV:7934,7935,65536
PRGV:7937,7935,65536
PRGV:7937,7938,65536
PRGV:7940,7938,65536
PRGV:7940,7941,65536
PRGV:7942,7941,65536
PRGV:7942,7943,65536
PRGV:7943,7943,65536
PRGV:7943,7944,65536
PRGV:7945,7944,65536
PRGV:7945,7946,65536
PRGV:7948,7946,65536
PRGV:7948,7949,65536
PRGV:7951,7949,65536
PRGV:7951,7952,65536
PRGV:7954,7952,65536
PRGV:7954,7955,65536
PRGV:7957,7955,65536
PRGV:7957,7958,65536
PRGV:7959,7958,65536
PRGV:7959,7960,65536
PRGV:7963,7960,65536
PRGV:7963,7964,65536
PRGV:7965,7964,65536
PRGV:7965,7966,65536
PRGV:7968,7966,65536
PRGV:7968,7969,65536
PRGV:7970,7969,65536
PRGV:7970,7971,65536
PRGV:7974,7971,65536
PRGV:7974,7975,65536
PRGV:7976,7975,65536
PRGV:7976,7977,65536
PRGV:7979,7977,65536
PRGV:7979,7980,65536
PRGV:7983,7980,65536
PRGV:7983,7984,65536
PRGV:7985,7984,65536
PRGV:7985,7986,65536
PRGV:7988,7986,65536
PRGV:7988,7989,65536
PRGV:7991,7989,65536
PRGV:7991,7992,65536
PRGV:7994,7992,65536
PRGV:7994,7995,65536
PRGV:7996,7995,65536
PRGV:7996,7997,65536
PRGV:7999,7997,65536
PRGV:7999,8000,65536
PRGV:8002,8000,65536
PRGV:8002,8003,65536
PRGV:8005,8003,65536
PRGV:8005,8006,65536
PRGV:8008,8006,65536
PRGV:8008,8009,65536
PRGV:8011,8009,65536
PRGV:8011,8012,65536
PRGV:8013,8012,65536
PRGV:8013,8014,65536
PRGV:8016,8014,65536
PRGV:8016,8017,65536
PRGV:8019,8017,65536
PRGV:8019,8020,65536
PRGV:8022,8020,65536
PRGV:8022,8023,65536
PRGV:8025,8023,65536
PRGV:8025,8026,65536
PRGV:8028,8026,65536
PRGV:8028,8029,65536
PRGV:8030,8029,65536
PRGV:8030,8031,65536
PRGV:8033,8031,65536
PRGV:8033,8034,65536
PRGV:8037,8034,65536
PRGV:8037,8037,65536
PRGV:8039,8037,65536
PRGV:8039,8040,65536
PRGV:8043,8040,65536
PRGV:8043,8044,65536
PRGV:8045,8044,65536
PRGV:8045,8046,65536
PRGV:8048,8046,65536
PRGV:8048,8049,65536
PRGV:8051,8049,65536
PRGV:8051,8052,65536
PRGV:8054,8052,65536
PRGV:8054,8055,65536
PRGV:8056,8055,65536
PRGV:8056,8057,65536
PRGV:8060,8057,65536
PRGV:8060,8061,65536
PRGV:8062,8061,65536
PRGV:8062,8063,65536
PRGV:8065,8063,65536
PRGV:8065,8066,65536
PRGV:8068,8066,65536
PRGV:8068,8069,65536
PRGV:8071,8069,65536
PRGV:8071,8072,65536
PRGV:8073,8072,65536
PRGV:8073,8074,65536
PRGV:8077,8074,65536
PRGV:8077,8078,65536
PRGV:8080,8078,65536
PRGV:8080,8080,65536
PRGV:8082,8080,65536
PRGV:8082,8083,65536
PRGV:8086,8083,65536
PRGV:8086,8087,65536
PRGV:8088,8087,65536
PRGV:8088,8089,65536
PRGV:8091,8089,65536
PRGV:8091,8091,65536
PRGV:8094,8091,65536
PRGV:8094,8095,65536
PRGV:8097,8095,65536
PRGV:8097,8098,65536
PRGV:8099,8098,65536
PRGV:8099,8100,65536
PRGV:8103,8100,65536
PRGV:8103,8104,65536
PRGV:8105,8104,65536
PRGV:8105,8106,65536
PRGV:8109,8106,65536
PRGV:8109,8110,65536
PRGV:8111,8110,65536
PRGV:8111,8112,65536
PRGV:8114,8112,65536
PRGV:8114,8115,65536
PRGV:8116,8115,65536
PRGV:8116,8117,65536
PRGV:8120,8117,65536
PRGV:8120,8121,65536
PRGV:8122,8121,65536
PRGV:8122,8123,65536
PRGV:8125,8123,65536
PRGV:8125,8126,65536
PRGV:8128,8126,65536
PRGV:8128,8129,65536
PRGV:8131,8129,65536
PRGV:8131,8132,65536
PRGV:8134,8132,65536
PRGV:8134,8135,65536
PRGV:8137,8135,65536
PRGV:8137,8138,65536
PRGV:8140,8138,65536
PRGV:8140,8140,65536
PRGV:8142,8140,65536
PRGV:8142,8143,65536
PRGV:8145,8143,65536
PRGV:8145,8146,65536
PRGV:8148,8146,65536
PRGV:8148,8149,65536
PRGV:8151,8149,65536
PRGV:8151,8152,65536
PRGV:8154,8152,65536
PRGV:8154,8155,65536
PRGV:8157,8155,65536
PRGV:8157,8158,65536
PRGV:8160,8158,65536
PRGV:8160,8161,65536
PRGV:8163,8161,65536
PRGV:8163,8164,65536
PRGV:8165,8164,65536
PRGV:8165,8166,65536
PRGV:8168,8166,65536
PRGV:8168,8169,65536
PRGV:8171,8169,65536
PRGV:8171,8172,65536
PRGV:8174,8172,65536
PRGV:8174,8175,65536
PRGV:8177,8175,65536
PRGV:8177,8178,65536
PRGV:8180,8178,65536
PRGV:8180,8181,65536
PRGV:8183,8181,65536
PRGV:8183,8184,65536
PRGV:8186,8184,65536
PRGV:8186,8187,65536
PRGV:8189,8187,65536
PRGV:8189,8190,65536
PRGV:8191,8190,65536
PRGV:8191,8192,65536
PRGV:8194,8192,65536
PRGV:8194,8195,65536
PRGV:8197,8195,65536
PRGV:8197,8198,65536
PRGV:8200,8198,65536
PRGV:8200,8201,65536
PRGV:8203,8201,65536
PRGV:8203,8204,65536
PRGV:8206,8204,65536
PRGV:8206,8207,65536
PRGV:8209,8207,65536
PRGV:8209,8210,65536
PRGV:8212,8210,65536
PRGV:8212,8213,65536
PRGV:8214,8213,65536
PRGV:8214,8215,65536
PRGV:8217,8215,65536
PRGV:8217,8218,65536
PRGV:8220,8218,65536
PRGV:8220,8221,65536
PRGV:8223,8221,65536
PRGV:8223,8224,65536
PRGV:8226,8224,65536
PRGV:8226,8227,65536
PRGV:8229,8227,65536
PRGV:8229,8230,65536
PRGV:8232,8230,65536
PRGV:8232,8232,65536
PRGV:8235,8232,65536
PRGV:8235,8236,65536
PRGV:8237,8236,65536
PRGV:8237,8238,65536
PRGV:8240,8238,65536
PRGV:8240,8241,65536
PRGV:8243,8241,65536
PRGV:8243,8244,65536
PRGV:8246,8244,65536
PRGV:8246,8247,65536
PRGV:8249,8247,65536
PRGV:8249,8250,65536
PRGV:8251,8250,65536
PRGV:8251,8252,65536
PRGV:8254,8252,65536
PRGV:8254,8255,65536
PRGV:8257,8255,65536
PRGV:8257,8258,65536
PRGV:8260,8258,65536
PRGV:8260,8261,65536
PRGV:8263,8261,65536
PRGV:8263,8264,65536
PRGV:8266,8264,65536
PRGV:8266,8267,65536
PRGV:8269,8267,65536
PRGV:8269,8270,65536
PRGV:8272,8270,65536
PRGV:8272,8273,65536
PRGV:8275,8273,65536
PRGV:8275,8276,65536
PRGV:8277,8276,65536
PRGV:8277,8278,65536
PRGV:8280,8278,65536
PRGV:8280,8281,65536
PRGV:8283,8281,65536
PRGV:8283,8284,65536
PRGV:8286,8284,65536
PRGV:8286,8287,65536
PRGV:8289,8287,65536
PRGV:8289,8290,65536
PRGV:8292,8290,65536
PRGV:8292,8293,65536
PRGV:8295,8293,65536
PRGV:8295,8296,65536
PRGV:8298,8296,65536
PRGV:8298,8299,65536
PRGV:8300,8299,65536
PRGV:8300,8301,65536
PRGV:8303,8301,65536
PRGV:8303,8304,65536
PRGV:8306,8304,65536
PRGV:8306,8307,65536
PRGV:8309,8307,65536
PRGV:8309,8310,65536
PRGV:8312,8310,65536
PRGV:8312,8313,65536
PRGV:8315,8313,65536
PRGV:8315,8316,65536
PRGV:8318,8316,65536
PRGV:8318,8319,65536
PRGV:8320,8319,65536
PRGV:8320,8321,65536
PRGV:8324,8321,65536
PRGV:8324,8324,65536
PRGV:8326,8324,65536
PRGV:8326,8327,65536
PRGV:8329,8327,65536
PRGV:8329,8330,65536
PRGV:8332,8330,65536
PRGV:8332,8333,65536
PRGV:8335,8333,65536
PRGV:8335,8336,65536
PRGV:8338,8336,65536
PRGV:8338,8339,65536
PRGV:8341,8339,65536
PRGV:8341,8342,65536
PRGV:8343,8342,65536
PRGV:8343,8344,65536
PRGV:8347,8344,65536
PRGV:8347,8348,65536
PRGV:8349,8348,65536
PRGV:8349,8350,65536
PRGV:8352,8350,65536
PRGV:8352,8353,65536
PRGV:8355,8353,65536
PRGV:8355,8356,65536
PRGV:8358,8356,65536
PRGV:8358,8359,65536
PRGV:8361,8359,65536
PRGV:8361,8362,65536
PRGV:8364,8362,65536
PRGV:8364,8365,65536
PRGV:8366,8365,65536
PRGV:8366,8367,65536
PRGV:8369,8367,65536
PRGV:8369,8370,65536
PRGV:8373,8370,65536
PRGV:8373,8373,65536
PRGV:8375,8373,65536
PRGV:8375,8376,65536
PRGV:8378,8376,65536
PRGV:8378,8379,65536
PRGV:8381,8379,65536
PRGV:8381,8382,65536
PRGV:8384,8382,65536
PRGV:8384,8385,65536
PRGV:8387,8385,65536
PRGV:8387,8388,65536
PRGV:8390,8388,65536
PRGV:8390,8391,65536
PRGV:8392,8391,65536
PRGV:8392,8393,65536
PRGV:8396,8393,65536
PRGV:8396,8397,65536
PRGV:8398,8397,65536
PRGV:8398,8399,65536
PRGV:8401,8399,65536
PRGV:8401,8402,65536
PRGV:8404,8402,65536
PRGV:8404,8405,65536
PRGV:8407,8405,65536
PRGV:8407,8408,65536
PRGV:8410,8408,65536
PRGV:8410,8411,65536
PRGV:8413,8411,65536
PRGV:8413,8414,65536
PRGV:8416,8414,65536
PRGV:8416,8416,65536
PRGV:8418,8416,65536
PRGV:8418,8419,65536
PRGV:8422,8419,65536
PRGV:8422,8423,65536
PRGV:8424,8423,65536
PRGV:8424,8425,65536
PRGV:8428,8425,65536
PRGV:8428,8429,65536
PRGV:8430,8429,65536
PRGV:8430,8431,65536
PRGV:8433,8431,65536
PRGV:8433,8434,65536
PRGV:8436,8434,65536
PRGV:8436,8437,65536
PRGV:8439,8437,65536
PRGV:8439,8440,65536
PRGV:8441,8440,65536
PRGV:8441,8442,65536
PRGV:8445,8442,65536
PRGV:8445,8446,65536
PRGV:8447,8446,65536
PRGV:8447,8448,65536
PRGV:8450,8448,65536
PRGV:8450,8451,65536
PRGV:8454,8451,65536
PRGV:8454,8454,65536
PRGV:8456,8454,65536
PRGV:8456,8457,65536
PRGV:8459,8457,65536
PRGV:8459,8460,65536
PRGV:8462,8460,65536
PRGV:8462,8463,65536
PRGV:8465,8463,65536
PRGV:8465,8466,65536
PRGV:8467,8466,65536
PRGV:8467,8468,65536
PRGV:8471,8468,65536
PRGV:8471,8472,65536
PRGV:8473,8472,65536
PRGV:8473,8474,65536
PRGV:8476,8474,65536
PRGV:8476,8477,65536
PRGV:8479,8477,65536
PRGV:8479,8480,65536
PRGV:8482,8480,65536
PRGV:8482,8483,65536
PRGV:8485,8483,65536
PRGV:8485,8486,65536
PRGV:8488,8486,65536
PRGV:8488,8489,65536
PRGV:8491,8489,65536
PRGV:8491,8492,65536
PRGV:8494,8492,65536
PRGV:8494,8495,65536
PRGV:8496,8495,65536
PRGV:8496,8497,65536
PRGV:8500,8497,65536
PRGV:8500,8501,65536
PRGV:8503,8501,65536
PRGV:8503,8503,65536
PRGV:8505,8503,65536
PRGV:8505,8506,65536
PRGV:8509,8506,65536
PRGV:8509,8510,65536
PRGV:8511,8510,65536
PRGV:8511,8512,65536
PRGV:8515,8512,65536
PRGV:8515,8516,65536
PRGV:8517,8516,65536
PRGV:8517,8518,65536
PRGV:8520,8518,65536
PRGV:8520,8521,65536
PRGV:8523,8521,65536
PRGV:8523,8524,65536
PRGV:8526,8524,65536
PRGV:8526,8527,65536
PRGV:8528,8527,65536
PRGV:8528,8529,65536
PRGV:8532,8529,65536
PRGV:8532,8533,65536
PRGV:8534,8533,65536
PRGV:8534,8535,65536
PRGV:8538,8535,65536
PRGV:8538,8539,65536
PRGV:8541,8539,65536
PRGV:8541,8541,65536
PRGV:8543,8541,65536
PRGV:8543,8544,65536
PRGV:8546,8544,65536
PRGV:8546,8547,65536
PRGV:8549,8547,65536
PRGV:8549,8550,65536
PRGV:8552,8550,65536
PRGV:8552,8553,65536
PRGV:8555,8553,65536
PRGV:8555,8556,65536
PRGV:8558,8556,65536
PRGV:8558,8559,65536
PRGV:8560,8559,65536
PRGV:8560,8561,65536
PRGV:8564,8561,65536
PRGV:8564,8565,65536
PRGV:8566,8565,65536
PRGV:8566,8567,65536
PRGV:8569,8567,65536
PRGV:8569,8570,65536
PRGV:8573,8570,65536
PRGV:8573,8573,65536
PRGV:8575,8573,65536
PRGV:8575,8576,65536
PRGV:8578,8576,65536
PRGV:8578,8579,65536
PRGV:8581,8579,65536
PRGV:8581,8582,65536
PRGV:8584,8582,65536
PRGV:8584,8584,65536
PRGV:8587,8584,65536
PRGV:8587,8588,65536
PRGV:8590,8588,65536
PRGV:8590,8591,65536
PRGV:8592,8591,65536
PRGV:8592,8593,65536
PRGV:8596,8593,65536
PRGV:8596,8597,65536
PRGV:8598,8597,65536
PRGV:8598,8599,65536
PRGV:8601,8599,65536
PRGV:8601,8602,65536
PRGV:8604,8602,65536
PRGV:8604,8605,65536
PRGV:8607,8605,65536
PRGV:8607,8608,65536
PRGV:8610,8608,65536
PRGV:8610,8611,65536
PRGV:8613,8611,65536
PRGV:8613,8614,65536
PRGV:8616,8614,65536
PRGV:8616,8617,65536
PRGV:8619,8617,65536
PRGV:8619,8620,65536
PRGV:8622,8620,65536
PRGV:8622,8622,65536
PRGV:8624,8622,65536
PRGV:8624,8625,65536
PRGV:8628,8625,65536
PRGV:8628,8629,65536
PRGV:8630,8629,65536
PRGV:8630,8631,65536
PRGV:8634,8631,65536
PRGV:8634,8635,65536
PRGV:8636,8635,65536
PRGV:8636,8637,65536
PRGV:8639,8637,65536
PRGV:8639,8640,65536
PRGV:8642,8640,65536
PRGV:8642,8643,65536
PRGV:8645,8643,65536
PRGV:8645,8646,65536
PRGV:8647,8646,65536
PRGV:8647,8648,65536
PRGV:8651,8648,65536
PRGV:8651,8652,65536
PRGV:8653,8652,65536
PRGV:8653,8654,65536
PRGV:8657,8654,65536
PRGV:8657,8658,65536
PRGV:8660,8658,65536
PRGV:8660,8660,65536
PRGV:8663,8660,65536
PRGV:8663,8664,65536
PRGV:8666,8664,65536
PRGV:8666,8667,65536
PRGV:8668,8667,65536
PRGV:8668,8669,65536
PRGV:8671,8669,65536
PRGV:8671,8672,65536
PRGV:8674,8672,65536
PRGV:8674,8675,65536
PRGV:8677,8675,65536
PRGV:8677,8678,65536
PRGV:8680,8678,65536
PRGV:8680,8681,65536
PRGV:8683,8681,65536
PRGV:8683,8684,65536
PRGV:8686,8684,65536
PRGV:8686,8687,65536
PRGV:8689,8687,65536
PRGV:8689,8690,65536
PRGV:8691,8690,65536
PRGV:8691,8692,65536
PRGV:8695,8692,65536
PRGV:8695,8696,65536
PRGV:8698,8696,65536
PRGV:8698,8698,65536
PRGV:8700,8698,65536
PRGV:8700,8701,65536
PRGV:8701,8701,65536
PRGV:8701,8702,65536
PRGV:8703,8702,65536
PRGV:8703,8704,65536
PRGV:8706,8704,65536
PRGV:8706,8707,65536
PRGV:8709,8707,65536
PRGV:8709,8710,65536
PRGV:8712,8710,65536
PRGV:8712,8713,65536
PRGV:8715,8713,65536
PRGV:8715,8716,65536
PRGV:8718,8716,65536
PRGV:8718,8719,65536
PRGV:8721,8719,65536
PRGV:8721,8722,65536
PRGV:8723,8722,65536
PRGV:8723,8724,65536
PRGV:8727,8724,65536
PRGV:8727,8728,65536
PRGV:8729,8728,65536
PRGV:8729,8730,65536
PRGV:8732,8730,65536
PRGV:8732,8733,65536
PRGV:8736,8733,65536
PRGV:8736,8736,65536
PRGV:8738,8736,65536
PRGV:8738,8739,65536
PRGV:8742,8739,65536
PRGV:8742,8743,65536
PRGV:8744,8743,65536
PRGV:8744,8745,65536
PRGV:8747,8745,65536
PRGV:8747,8747,65536
PRGV:8750,8747,65536
PRGV:8750,8751,65536
PRGV:8753,8751,65536
PRGV:8753,8754,65536
PRGV:8756,8754,65536
PRGV:8756,8757,65536
PRGV:8759,8757,65536
PRGV:8759,8760,65536
PRGV:8761,8760,65536
PRGV:8761,8762,65536
PRGV:8765,8762,65536
PRGV:8765,8766,65536
PRGV:8768,8766,65536
PRGV:8768,8768,65536
PRGV:8771,8768,65536
PRGV:8771,8772,65536
PRGV:8774,8772,65536
PRGV:8774,8774,65536
PRGV:8776,8774,65536
PRGV:8776,8777,65536
PRGV:8780,8777,65536
PRGV:8780,8781,65536
PRGV:8782,8781,65536
PRGV:8782,8783,65536
PRGV:8785,8783,65536
PRGV:8785,8786,65536
PRGV:8788,8786,65536
PRGV:8788,8789,65536
PRGV:8791,8789,65536
PRGV:8791,8792,65536
PRGV:8794,8792,65536
PRGV:8794,8795,65536
PRGV:8797,8795,65536
PRGV:8797,8798,65536
PRGV:8800,8798,65536
PRGV:8800,8801,65536
PRGV:8803,8801,65536
PRGV:8803,8804,65536
PRGV:8806,8804,65536
PRGV:8806,8806,65536
PRGV:8809,8806,65536
PRGV:8809,8810,65536
PRGV:8812,8810,65536
PRGV:8812,8812,65536
PRGV:8814,8812,65536
PRGV:8814,8815,65536
PRGV:8817,8815,65536
PRGV:8817,8818,65536
PRGV:8820,8818,65536
PRGV:8820,8821,65536
PRGV:8823,8821,65536
PRGV:8823,8824,65536
PRGV:8826,8824,65536
PRGV:8826,8827,65536
PRGV:8829,8827,65536
PRGV:8829,8830,65536
PRGV:8832,8830,65536
PRGV:8832,8833,65536
PRGV:8835,8833,65536
PRGV:8835,8836,65536
PRGV:8837,8836,65536
PRGV:8837,8838,65536
PRGV:8840,8838,65536
PRGV:8840,8841,65536
PRGV:8844,8841,65536
PRGV:8844,8844,65536
PRGV:8846,8844,65536
PRGV:8846,8847,65536
PRGV:8850,8847,65536
PRGV:8850,8851,65536
PRGV:8852,8851,65536
PRGV:8852,8853,65536
PRGV:8856,8853,65536
PRGV:8856,8857,65536
PRGV:8858,8857,65536
PRGV:8858,8859,65536
PRGV:8861,8859,65536
PRGV:8861,8862,65536
PRGV:8864,8862,65536
PRGV:8864,8865,65536
PRGV:8867,8865,65536
PRGV:8867,8868,65536
PRGV:8870,8868,65536
PRGV:8870,8871,65536
PRGV:8873,8871,65536
PRGV:8873,8874,65536
PRGV:8876,8874,65536
PRGV:8876,8877,65536
PRGV:8879,8877,65536
PRGV:8879,8880,65536
PRGV:8882,8880,65536
PRGV:8882,8883,65536
PRGV:8885,8883,65536
PRGV:8885,8886,65536
PRGV:8887,8886,65536
PRGV:8887,8888,65536
PRGV:8890,8888,65536
PRGV:8890,8891,65536
PRGV:8893,8891,65536
PRGV:8893,8894,65536
PRGV:8896,8894,65536
PRGV:8896,8897,65536
PRGV:8899,8897,65536
PRGV:8899,8900,65536
PRGV:8902,8900,65536
PRGV:8902,8903,65536
PRGV:8905,8903,65536
PRGV:8905,8906,65536
PRGV:8909,8906,65536
PRGV:8909,8909,65536
PRGV:8911,8909,65536
PRGV:8911,8912,65536
PRGV:8913,8912,65536
PRGV:8913,8914,65536
PRGV:8917,8914,65536
PRGV:8917,8918,65536
PRGV:8920,8918,65536
PRGV:8920,8920,65536
PRGV:8923,8920,65536
PRGV:8923,8924,65536
PRGV:8926,8924,65536
PRGV:8926,8927,65536
PRGV:8929,8927,65536
PRGV:8929,8930,65536
PRGV:8932,8930,65536
PRGV:8932,8933,65536
PRGV:8934,8933,65536
PRGV:8934,8935,65536
PRGV:8937,8935,65536
PRGV:8937,8938,65536
PRGV:8940,8938,65536
PRGV:8940,8941,65536
PRGV:8943,8941,65536
PRGV:8943,8944,65536
PRGV:8947,8944,65536
PRGV:8947,8947,65536
PRGV:8949,8947,65536
PRGV:8949,8950,65536
PRGV:8952,8950,65536
PRGV:8952,8953,65536
PRGV:8955,8953,65536
PRGV:8955,8956,65536
PRGV:8958,8956,65536
PRGV:8958,8959,65536
PRGV:8961,8959,65536
PRGV:8961,8962,65536
PRGV:8964,8962,65536
PRGV:8964,8965,65536
PRGV:8966,8965,65536
PRGV:8966,8967,65536
PRGV:8970,8967,65536
PRGV:8970,8971,65536
PRGV:8972,8971,65536
PRGV:8972,8973,65536
PRGV:8976,8973,65536
PRGV:8976,8977,65536
PRGV:8978,8977,65536
PRGV:8978,8979,65536
PRGV:8982,8979,65536
PRGV:8982,8983,65536
PRGV:8985,8983,65536
PRGV:8985,8985,65536
PRGV:8988,8985,65536
PRGV:8988,8989,65536
PRGV:8990,8989,65536
PRGV:8990,8991,65536
PRGV:8993,8991,65536
PRGV:8993,8994,65536
PRGV:8996,8994,65536
PRGV:8996,8997,65536
PRGV:8999,8997,65536
PRGV:8999,9000,65536
PRGV:9002,9000,65536
PRGV:9002,9003,65536
PRGV:9005,9003,65536
PRGV:9005,9006,65536
PRGV:9008,9006,65536
PRGV:9008,9009,65536
PRGV:9011,9009,65536
PRGV:9011,9012,65536
PRGV:9014,9012,65536
PRGV:9014,9015,65536
PRGV:9017,9015,65536
PRGV:9017,9018,65536
PRGV:9020,9018,65536
PRGV:9020,9021,65536
PRGV:9023,9021,65536
PRGV:9023,9024,65536
PRGV:9025,9024,65536
PRGV:9025,9026,65536
PRGV:9029,9026,65536
PRGV:9029,9030,65536
PRGV:9031,9030,65536
PRGV:9031,9032,65536
PRGV:9035,9032,65536
PRGV:9035,9036,65536
PRGV:9037,9036,65536
PRGV:9037,9038,65536
PRGV:9041,9038,65536
PRGV:9041,9042,65536
PRGV:9043,9042,65536
PRGV:9043,9044,65536
PRGV:9047,9044,65536
PRGV:9047,9048,65536
PRGV:9050,9048,65536
PRGV:9050,9050,65536
PRGV:9052,9050,65536
PRGV:9052,9053,65536
PRGV:9056,9053,65536
PRGV:9056,9057,65536
PRGV:9058,9057,65536
PRGV:9058,9059,65536
PRGV:9062,9059,65536
PRGV:9062,9063,65536
PRGV:9064,9063,65536
PRGV:9064,9065,65536
PRGV:9067,9065,65536
PRGV:9067,9068,65536
PRGV:9068,9068,65536
PRGV:9068,9069,65536
PRGV:9070,9069,65536
PRGV:9070,9071,65536
PRGV:9073,9071,65536
PRGV:9073,9074,65536
PRGV:9076,9074,65536
PRGV:9076,9077,65536
PRGV:9079,9077,65536
PRGV:9079,9080,65536
PRGV:9082,9080,65536
PRGV:9082,9083,65536
PRGV:9085,9083,65536
PRGV:9085,9086,65536
PRGV:9088,9086,65536
PRGV:9088,9089,65536
PRGV:9091,9089,65536
PRGV:9091,9092,65536
PRGV:9094,9092,65536
PRGV:9094,9095,65536
PRGV:9096,9095,65536
PRGV:9096,9097,65536
PRGV:9100,9097,65536
PRGV:9100,9101,65536
PRGV:9102,9101,65536
PRGV:9102,9103,65536
PRGV:9106,9103,65536
PRGV:9106,9107,65536
PRGV:9108,9107,65536
PRGV:9108,9109,65536
PRGV:9111,9109,65536
PRGV:9111,9112,65536
PRGV:9115,9112,65536
PRGV:9115,9115,65536
PRGV:9118,9115,65536
PRGV:9118,9119,65536
PRGV:9121,9119,65536
PRGV:9121,9122,65536
PRGV:9124,9122,65536
PRGV:9124,9125,65536
PRGV:9126,9125,65536
PRGV:9126,9127,65536
PRGV:9129,9127,65536
PRGV:9129,9130,65536
PRGV:9132,9130,65536
PRGV:9132,9133,65536
PRGV:9135,9133,65536
PRGV:9135,9136,65536
PRGV:9138,9136,65536
PRGV:9138,9139,65536
PRGV:9141,9139,65536
PRGV:9141,9142,65536
PRGV:9144,9142,65536
PRGV:9144,9145,65536
PRGV:9147,9145,65536
PRGV:9147,9148,65536
PRGV:9150,9148,65536
PRGV:9150,9151,65536
PRGV:9153,9151,65536
PRGV:9153,9154,65536
PRGV:9156,9154,65536
PRGV:9156,9157,65536
PRGV:9159,9157,65536
PRGV:9159,9160,65536
PRGV:9162,9160,65536
PRGV:9162,9163,65536
PRGV:9165,9163,65536
PRGV:9165,9166,65536
PRGV:9167,9166,65536
PRGV:9167,9168,65536
PRGV:9171,9168,65536
PRGV:9171,9172,65536
PRGV:9173,9172,65536
PRGV:9173,9174,65536
PRGV:9177,9174,65536
PRGV:9177,9178,65536
PRGV:9180,9178,65536
PRGV:9180,9180,65536
PRGV:9183,9180,65536
PRGV:9183,9184,65536
PRGV:9186,9184,65536
PRGV:9186,9187,65536
PRGV:9188,9187,65536
PRGV:9188,9189,65536
PRGV:9191,9189,65536
PRGV:9191,9192,65536
PRGV:9194,9192,65536
PRGV:9194,9195,65536
PRGV:9197,9195,65536
PRGV:9197,9198,65536
PRGV:9200,9198,65536
PRGV:9200,9201,65536
PRGV:9203,9201,65536
PRGV:9203,9204,65536
PRGV:9207,9204,65536
PRGV:9207,9207,65536
PRGV:9209,9207,65536
PRGV:9209,9210,65536
PRGV:9212,9210,65536
PRGV:9212,9213,65536
PRGV:9215,9213,65536
PRGV:9215,9216,65536
PRGV:9218,9216,65536
PRGV:9218,9219,65536
PRGV:9221,9219,65536
PRGV:9221,9222,65536
PRGV:9224,9222,65536
PRGV:9224,9225,65536
PRGV:9227,9225,65536
PRGV:9227,9228,65536
PRGV:9230,9228,65536
PRGV:9230,9231,65536
PRGV:9233,9231,65536
PRGV:9233,9234,65536
PRGV:9236,9234,65536
PRGV:9236,9237,65536
PRGV:9239,9237,65536
PRGV:9239,9240,65536
PRGV:9242,9240,65536
PRGV:9242,9243,65536
PRGV:9245,9243,65536
PRGV:9245,9246,65536
PRGV:9248,9246,65536
PRGV:9248,9249,65536
PRGV:9251,9249,65536
PRGV:9251,9251,65536
PRGV:9253,9251,65536
PRGV:9253,9254,65536
PRGV:9257,9254,65536
PRGV:9257,9258,65536
PRGV:9260,9258,65536
PRGV:9260,9261,65536
PRGV:9263,9261,65536
PRGV:9263,9264,65536
PRGV:9265,9264,65536
PRGV:9265,9266,65536
PRGV:9269,9266,65536
PRGV:9269,9270,65536
PRGV:9272,9270,65536
PRGV:9272,9272,65536
PRGV:9274,9272,65536
PRGV:9274,9275,65536
PRGV:9277,9275,65536
PRGV:9277,9278,65536
PRGV:9280,9278,65536
PRGV:9280,9281,65536
PRGV:9283,9281,65536
PRGV:9283,9284,65536
PRGV:9286,9284,65536
PRGV:9286,9287,65536
PRGV:9290,9287,65536
PRGV:9290,9291,65536
PRGV:9292,9291,65536
PRGV:9292,9293,65536
PRGV:9296,9293,65536
PRGV:9296,9297,65536
PRGV:9298,9297,65536
PRGV:9298,9299,65536
PRGV:9301,9299,65536
PRGV:9301,9302,65536
PRGV:9304,9302,65536
PRGV:9304,9305,65536
PRGV:9307,9305,65536
PRGV:9307,9308,65536
PRGV:9310,9308,65536
PRGV:9310,9311,65536
PRGV:9313,9311,65536
PRGV:9313,9314,65536
PRGV:9316,9314,65536
PRGV:9316,9317,65536
PRGV:9319,9317,65536
PRGV:9319,9320,65536
PRGV:9322,9320,65536
PRGV:9322,9323,65536
PRGV:9325,9323,65536
PRGV:9325,9326,65536
PRGV:9328,9326,65536
PRGV:9328,9329,65536
PRGV:9331,9329,65536
PRGV:9331,9332,65536
PRGV:9334,9332,65536
PRGV:9334,9335,65536
PRGV:9337,9335,65536
PRGV:9337,9338,65536
PRGV:9340,9338,65536
PRGV:9340,9341,65536
PRGV:9343,9341,65536
PRGV:9343,9343,65536
PRGV:9346,9343,65536
PRGV:9346,9347,65536
PRGV:9349,9347,65536
PRGV:9349,9350,65536
PRGV:9352,9350,65536
PRGV:9352,9353,65536
PRGV:9355,9353,65536
PRGV:9355,9356,65536
PRGV:9358,9356,65536
PRGV:9358,9359,65536
PRGV:9361,9359,65536
PRGV:9361,9362,65536
PRGV:9364,9362,65536
PRGV:9364,9364,65536
PRGV:9366,9364,65536
PRGV:9366,9367,65536
PRGV:9370,9367,65536
PRGV:9370,9370,65536
PRGV:9372,9370,65536
PRGV:9372,9373,65536
PRGV:9376,9373,65536
PRGV:9376,9377,65536
PRGV:9379,9377,65536
PRGV:9379,9380,65536
PRGV:9382,9380,65536
PRGV:9382,9383,65536
PRGV:9385,9383,65536
PRGV:9385,9386,65536
PRGV:9387,9386,65536
PRGV:9387,9388,65536
PRGV:9391,9388,65536
PRGV:9391,9391,65536
PRGV:9393,9391,65536
PRGV:9393,9394,65536
PRGV:9397,9394,65536
PRGV:9397,9397,65536
PRGV:9399,9397,65536
PRGV:9399,9400,65536
PRGV:9403,9400,65536
PRGV:9403,9404,65536
PRGV:9405,9404,65536
PRGV:9405,9406,65536
PRGV:9409,9406,65536
PRGV:9409,9410,65536
PRGV:9411,9410,65536
PRGV:9411,9412,65536
PRGV:9415,9412,65536
PRGV:9415,9416,65536
PRGV:9417,9416,65536
PRGV:9417,9418,65536
PRGV:9420,9418,65536
PRGV:9420,9421,65536
PRGV:9423,9421,65536
PRGV:9423,9424,65536
PRGV:9426,9424,65536
PRGV:9426,9427,65536
PRGV:9429,9427,65536
PRGV:9429,9430,65536
PRGV:9432,9430,65536
PRGV:9432,9433,65536
PRGV:9435,9433,65536
PRGV:9435,9436,65536
PRGV:9438,9436,65536
PRGV:9438,9439,65536
PRGV:9441,9439,65536
PRGV:9441,9442,65536
PRGV:9444,9442,65536
PRGV:9444,9445,65536
PRGV:9447,9445,65536
PRGV:9447,9448,65536
PRGV:9450,9448,65536
PRGV:9450,9451,65536
PRGV:9453,9451,65536
PRGV:9453,9454,65536
PRGV:9456,9454,65536
PRGV:9456,9457,65536
PRGV:9459,9457,65536
PRGV:9459,9460,65536
PRGV:9462,9460,65536
PRGV:9462,9463,65536
PRGV:9465,9463,65536
PRGV:9465,9466,65536
PRGV:9468,9466,65536
PRGV:9468,9469,65536
PRGV:9471,9469,65536
PRGV:9471,9472,65536
PRGV:9474,9472,65536
PRGV:9474,9475,65536
PRGV:9477,9475,65536
PRGV:9477,9478,65536
PRGV:9480,9478,65536
PRGV:9480,9481,65536
PRGV:9483,9481,65536
PRGV:9483,9484,65536
PRGV:9486,9484,65536
PRGV:9486,9487,65536
PRGV:9489,9487,65536
PRGV:9489,9490,65536
PRGV:9492,9490,65536
PRGV:9492,9493,65536
PRGV:9495,9493,65536
PRGV:9495,9496,65536
PRGV:9497,9496,65536
PRGV:9497,9498,65536
PRGV:9501,9498,65536
PRGV:9501,9502,65536
PRGV:9503,9502,65536
PRGV:9503,9504,65536
PRGV:9507,9504,65536
PRGV:9507,9508,65536
PRGV:9510,9508,65536
PRGV:9510,9511,65536
PRGV:9513,9511,65536
PRGV:9513,9514,65536
PRGV:9516,9514,65536
PRGV:9516,9517,65536
PRGV:9519,9517,65536
PRGV:9519,9520,65536
PRGV:9522,9520,65536
PRGV:9522,9522,65536
PRGV:9524,9522,65536
PRGV:9524,9525,65536
PRGV:9528,9525,65536
PRGV:9528,9529,65536
PRGV:9531,9529,65536
PRGV:9531,9532,65536
PRGV:9534,9532,65536
PRGV:9534,9535,65536
PRGV:9537,9535,65536
PRGV:9537,9538,65536
PRGV:9540,9538,65536
PRGV:9540,9541,65536
PRGV:9543,9541,65536
PRGV:9543,9543,65536
PRGV:9543,9544,65536
PRGV:9545,9544,65536
PRGV:9545,9546,65536
PRGV:9549,9546,65536
PRGV:9549,9549,65536
PRGV:9552,9549,65536
PRGV:9552,9553,65536
PRGV:9555,9553,65536
PRGV:9555,9556,65536
PRGV:9558,9556,65536
PRGV:9558,9559,65536
PRGV:9561,9559,65536
PRGV:9561,9562,65536
PRGV:9564,9562,65536
PRGV:9564,9565,65536
PRGV:9566,9565,65536
PRGV:9566,9567,65536
PRGV:9570,9567,65536
PRGV:9570,9570,65536
PRGV:9572,9570,65536
PRGV:9572,9573,65536
PRGV:9576,9573,65536
PRGV:9576,9576,65536
PRGV:9579,9576,65536
PRGV:9579,9580,65536
PRGV:9582,9580,65536
PRGV:9582,9583,65536
PRGV:9585,9583,65536
PRGV:9585,9586,65536
PRGV:9588,9586,65536
PRGV:9588,9589,65536
PRGV:9591,9589,65536
PRGV:9591,9592,65536
PRGV:9593,9592,65536
PRGV:9593,9594,65536
PRGV:9597,9594,65536
PRGV:9597,9597,65536
PRGV:9599,9597,65536
PRGV:9599,9600,65536
PRGV:9603,9600,65536
PRGV:9603,9603,65536
PRGV:9605,9603,65536
PRGV:9605,9606,65536
PRGV:9609,9606,65536
PRGV:9609,9610,65536
PRGV:9611,9610,65536
PRGV:9611,9612,65536
PRGV:9615,9612,65536
PRGV:9615,9616,65536
PRGV:9618,9616,65536
PRGV:9618,9619,65536
PRGV:9621,9619,65536
PRGV:9621,9622,65536
PRGV:9624,9622,65536
PRGV:9624,9624,65536
PRGV:9626,9624,65536
PRGV:9626,9627,65536
PRGV:9630,9627,65536
PRGV:9630,9630,65536
PRGV:9632,9630,65536
PRGV:9632,9633,65536
PRGV:9636,9633,65536
PRGV:9636,9637,65536
PRGV:9639,9637,65536
PRGV:9639,9640,65536
PRGV:9642,9640,65536
PRGV:9642,9643,65536
PRGV:9644,9643,65536
PRGV:9644,9645,65536
PRGV:9647,9645,65536
PRGV:9647,9648,65536
PRGV:9650,9648,65536
PRGV:9650,9651,65536
PRGV:9653,9651,65536
PRGV:9653,9654,65536
PRGV:9657,9654,65536
PRGV:9657,9657,65536
PRGV:9659,9657,65536
PRGV:9659,9660,65536
PRGV:9663,9660,65536
PRGV:9663,9664,65536
PRGV:9666,9664,65536
PRGV:9666,9667,65536
PRGV:9669,9667,65536
PRGV:9669,9670,65536
PRGV:9671,9670,65536
PRGV:9671,9672,65536
PRGV:9674,9672,65536
PRGV:9674,9675,65536
PRGV:9677,9675,65536
PRGV:9677,9678,65536
PRGV:9681,9678,65536
PRGV:9681,9682,65536
PRGV:9684,9682,65536
PRGV:9684,9684,65536
PRGV:9687,9684,65536
PRGV:9687,9688,65536
PRGV:9690,9688,65536
PRGV:9690,9690,65536
PRGV:9693,9690,65536
PRGV:9693,9694,65536
PRGV:9696,9694,65536
PRGV:9696,9697,65536
PRGV:9698,9697,65536
PRGV:9698,9699,65536
PRGV:9699,9699,65536
PRGV:9699,9700,65536
PRGV:9702,9700,65536
PRGV:9702,9703,65536
PRGV:9704,9703,65536
PRGV:9704,9705,65536
PRGV:9708,9705,65536
PRGV:9708,9709,65536
PRGV:9711,9709,65536
PRGV:9711,9711,65536
PRGV:9714,9711,65536
PRGV:9714,9715,65536
PRGV:9717,9715,65536
PRGV:9717,9717,65536
PRGV:9720,9717,65536
PRGV:9720,9721,65536
PRGV:9723,9721,65536
PRGV:9723,9724,65536
PRGV:9725,9724,65536
PRGV:9725,9726,65536
PRGV:9729,9726,65536
PRGV:9729,9730,65536
PRGV:9731,9730,65536
PRGV:9731,9732,65536
PRGV:9735,9732,65536
PRGV:9735,9736,65536
PRGV:9738,9736,65536
PRGV:9738,9738,65536
PRGV:9741,9738,65536
PRGV:9741,9742,65536
PRGV:9744,9742,65536
PRGV:9744,9745,65536
PRGV:9747,9745,65536
PRGV:9747,9748,65536
PRGV:9750,9748,65536
PRGV:9750,9751,65536
PRGV:9752,9751,65536
PRGV:9752,9753,65536
PRGV:9756,9753,65536
PRGV:9756,9757,65536
PRGV:9759,9757,65536
PRGV:9759,9760,65536
PRGV:9762,9760,65536
PRGV:9762,9763,65536
PRGV:9765,9763,65536
PRGV:9765,9766,65536
PRGV:9768,9766,65536
PRGV:9768,9769,65536
PRGV:9771,9769,65536
PRGV:9771,9772,65536
PRGV:9774,9772,65536
PRGV:9774,9775,65536
PRGV:9777,9775,65536
PRGV:9777,9778,65536
PRGV:9779,9778,65536
PRGV:9779,9780,65536
PRGV:9783,9780,65536
PRGV:9783,9784,65536
PRGV:9786,9784,65536
PRGV:9786,9787,65536
PRGV:9789,9787,65536
PRGV:9789,9790,65536
PRGV:9792,9790,65536
PRGV:9792,9793,65536
PRGV:9795,9793,65536
PRGV:9795,9796,65536
PRGV:9798,9796,65536
PRGV:9798,9799,65536
PRGV:9801,9799,65536
PRGV:9801,9802,65536
PRGV:9804,9802,65536
PRGV:9804,9805,65536
PRGV:9807,9805,65536
PRGV:9807,9808,65536
PRGV:9810,9808,65536
PRGV:9810,9811,65536
PRGV:9813,9811,65536
PRGV:9813,9814,65536
PRGV:9816,9814,65536
PRGV:9816,9817,65536
PRGV:9819,9817,65536
PRGV:9819,9820,65536
PRGV:9822,9820,65536
PRGV:9822,9823,65536
PRGV:9825,9823,65536
PRGV:9825,9826,65536
PRGV:9828,9826,65536
PRGV:9828,9829,65536
PRGV:9832,9829,65536
PRGV:9832,9833,65536
PRGV:9834,9833,65536
PRGV:9834,9835,65536
PRGV:9838,9835,65536
PRGV:9838,9839,65536
PRGV:9840,9839,65536
PRGV:9840,9841,65536
PRGV:9843,9841,65536
PRGV:9843,9844,65536
PRGV:9847,9844,65536
PRGV:9847,9847,65536
PRGV:9849,9847,65536
PRGV:9849,9850,65536
PRGV:9853,9850,65536
PRGV:9853,9854,65536
PRGV:9855,9854,65536
PRGV:9855,9856,65536
PRGV:9859,9856,65536
PRGV:9859,9860,65536
PRGV:9862,9860,65536
PRGV:9862,9863,65536
PRGV:9864,9863,65536
PRGV:9864,9865,65536
PRGV:9868,9865,65536
PRGV:9868,9868,65536
PRGV:9870,9868,65536
PRGV:9870,9871,65536
PRGV:9874,9871,65536
PRGV:9874,9874,65536
PRGV:9876,9874,65536
PRGV:9876,9877,65536
PRGV:9880,9877,65536
PRGV:9880,9881,65536
PRGV:9882,9881,65536
PRGV:9882,9883,65536
PRGV:9886,9883,65536
PRGV:9886,9887,65536
PRGV:9889,9887,65536
PRGV:9889,9890,65536
PRGV:9892,9890,65536
PRGV:9892,9893,65536
PRGV:9895,9893,65536
PRGV:9895,9896,65536
PRGV:9898,9896,65536
PRGV:9898,9899,65536
PRGV:9901,9899,65536
PRGV:9901,9901,65536
PRGV:9903,9901,65536
PRGV:9903,9904,65536
PRGV:9907,9904,65536
PRGV:9907,9908,65536
PRGV:9910,9908,65536
PRGV:9910,9911,65536
PRGV:9913,9911,65536
PRGV:9913,9914,65536
PRGV:9916,9914,65536
PRGV:9916,9917,65536
PRGV:9919,9917,65536
PRGV:9919,9920,65536
PRGV:9922,9920,65536
PRGV:9922,9923,65536
PRGV:9925,9923,65536
PRGV:9925,9926,65536
PRGV:9928,9926,65536
PRGV:9928,9929,65536
PRGV:9931,9929,65536
PRGV:9931,9932,65536
PRGV:9934,9932,65536
PRGV:9934,9935,65536
PRGV:9937,9935,65536
PRGV:9937,9938,65536
PRGV:9940,9938,65536
PRGV:9940,9941,65536
PRGV:9943,9941,65536
PRGV:9943,9944,65536
PRGV:9946,9944,65536
PRGV:9946,9947,65536
PRGV:9949,9947,65536
PRGV:9949,9950,65536
PRGV:9952,9950,65536
PRGV:9952,9953,65536
PRGV:9956,9953,65536
PRGV:9956,9957,65536
PRGV:9958,9957,65536
PRGV:9958,9959,65536
PRGV:9961,9959,65536
PRGV:9961,9962,65536
PRGV:9964,9962,65536
PRGV:9964,9965,65536
PRGV:9967,9965,65536
PRGV:9967,9968,65536
PRGV:9971,9968,65536
PRGV:9971,9971,65536
PRGV:9973,9971,65536
PRGV:9973,9974,65536
PRGV:9977,9974,65536
PRGV:9977,9977,65536
PRGV:9979,9977,65536
PRGV:9979,9980,65536
PRGV:9983,9980,65536
PRGV:9983,9984,65536
PRGV:9986,9984,65536
PRGV:9986,9987,65536
PRGV:9988,9987,65536
PRGV:9988,9989,65536
PRGV:9991,9989,65536
PRGV:9991,9992,65536
PRGV:9994,9992,65536
PRGV:9994,9995,65536
PRGV:9998,9995,65536
PRGV:9998,9998,65536
PRGV:10001,9998,65536
PRGV:10001,10002,65536
PRGV:10004,10002,65536
PRGV:10004,10004,65536
PRGV:10007,10004,65536
PRGV:10007,10008,65536
PRGV:10010,10008,65536
PRGV:10010,10011,65536
PRGV:10013,10011,65536
PRGV:10013,10014,65536
PRGV:10016,10014,65536
PRGV:10016,10017,65536
PRGV:10019,10017,65536
PRGV:10019,10020,65536
PRGV:10022,10020,65536
PRGV:10022,10023,65536
PRGV:10025,10023,65536
PRGV:10025,10026,65536
PRGV:10028,10026,65536
PRGV:10028,10029,65536
PRGV:10031,10029,65536
PRGV:10031,10032,65536
PRGV:10034,10032,65536
PRGV:10034,10035,65536
PRGV:10037,10035,65536
PRGV:10037,10038,65536
PRGV:10040,10038,65536
PRGV:10040,10041,65536
PRGV:10043,10041,65536
PRGV:10043,10044,65536
PRGV:10046,10044,65536
PRGV:10046,10047,65536
PRGV:10049,10047,65536
PRGV:10049,10050,65536
PRGV:10052,10050,65536
PRGV:10052,10053,65536
PRGV:10055,10053,65536
PRGV:10055,10056,65536
PRGV:10058,10056,65536
PRGV:10058,10059,65536
PRGV:10061,10059,65536
PRGV:10061,10062,65536
PRGV:10065,10062,65536
PRGV:10065,10066,65536
PRGV:10067,10066,65536
PRGV:10067,10068,65536
PRGV:10071,10068,65536
PRGV:10071,10072,65536
PRGV:10073,10072,65536
PRGV:10073,10074,65536
PRGV:10076,10074,65536
PRGV:10076,10077,65536
PRGV:10080,10077,65536
PRGV:10080,10080,65536
PRGV:10082,10080,65536
PRGV:10082,10083,65536
PRGV:10086,10083,65536
PRGV:10086,10087,65536
PRGV:10089,10087,65536
PRGV:10089,10090,65536
PRGV:10092,10090,65536
PRGV:10092,10093,65536
PRGV:10095,10093,65536
PRGV:10095,10096,65536
PRGV:10098,10096,65536
PRGV:10098,10099,65536
PRGV:10101,10099,65536
PRGV:10101,10102,65536
PRGV:10104,10102,65536
PRGV:10104,10105,65536
PRGV:10107,10105,65536
PRGV:10107,10107,65536
PRGV:10110,10107,65536
PRGV:10110,10111,65536
PRGV:10113,10111,65536
PRGV:10113,10114,65536
PRGV:10116,10114,65536
PRGV:10116,10117,65536
PRGV:10119,10117,65536
PRGV:10119,10120,65536
PRGV:10122,10120,65536
PRGV:10122,10123,65536
PRGV:10125,10123,65536
PRGV:10125,10126,65536
PRGV:10129,10126,65536
PRGV:10129,10130,65536
PRGV:10131,10130,65536
PRGV:10131,10132,65536
PRGV:10134,10132,65536
PRGV:10134,10135,65536
PRGV:10137,10135,65536
PRGV:10137,10138,65536
PRGV:10140,10138,65536
PRGV:10140,10141,65536
PRGV:10144,10141,65536
PRGV:10144,10144,65536
PRGV:10146,10144,65536
PRGV:10146,10147,65536
PRGV:10150,10147,65536
PRGV:10150,10150,65536
PRGV:10153,10150,65536
PRGV:10153,10154,65536
PRGV:10156,10154,65536
PRGV:10156,10156,65536
PRGV:10159,10156,65536
PRGV:10159,10160,65536
PRGV:10162,10160,65536
PRGV:10162,10163,65536
PRGV:10165,10163,65536
PRGV:10165,10166,65536
PRGV:10168,10166,65536
PRGV:10168,10169,65536
PRGV:10170,10169,65536
PRGV:10170,10171,65536
PRGV:10174,10171,65536
PRGV:10174,10175,65536
PRGV:10177,10175,65536
PRGV:10177,10178,65536
PRGV:10180,10178,65536
PRGV:10180,10181,65536
PRGV:10183,10181,65536
PRGV:10183,10184,65536
PRGV:10186,10184,65536
PRGV:10186,10187,65536
PRGV:10189,10187,65536
PRGV:10189,10190,65536
PRGV:10192,10190,65536
PRGV:10192,10193,65536
PRGV:10195,10193,65536
PRGV:10195,10196,65536
PRGV:10198,10196,65536
PRGV:10198,10199,65536
PRGV:10201,10199,65536
PRGV:10201,10202,65536
PRGV:10204,10202,65536
PRGV:10204,10205,65536
PRGV:10207,10205,65536
PRGV:10207,10208,65536
PRGV:10211,10208,65536
PRGV:10211,10212,65536
PRGV:10213,10212,65536
PRGV:10213,10214,65536
PRGV:10217,10214,65536
PRGV:10217,10218,65536
PRGV:10220,10218,65536
PRGV:10220,10221,65536
PRGV:10222,10221,65536
PRGV:10222,10223,65536
PRGV:10226,10223,65536
PRGV:10226,10226,65536
PRGV:10228,10226,65536
PRGV:10228,10229,65536
PRGV:10232,10229,65536
PRGV:10232,10233,65536
PRGV:10235,10233,65536
PRGV:10235,10236,65536
PRGV:10238,10236,65536
PRGV:10238,10239,65536
PRGV:10241,10239,65536
PRGV:10241,10242,65536
PRGV:10244,10242,65536
PRGV:10244,10245,65536
PRGV:10247,10245,65536
PRGV:10247,10248,65536
PRGV:10250,10248,65536
PRGV:10250,10251,65536
PRGV:10253,10251,65536
PRGV:10253,10254,65536
PRGV:10254,10254,65536
PRGV:10254,10255,65536
PRGV:10256,10255,65536
PRGV:10256,10257,65536
PRGV:10259,10257,65536
PRGV:10259,10260,65536
PRGV:10262,10260,65536
PRGV:10262,10263,65536
PRGV:10265,10263,65536
PRGV:10265,10266,65536
PRGV:10269,10266,65536
PRGV:10269,10269,65536
PRGV:10271,10269,65536
PRGV:10271,10272,65536
PRGV:10275,10272,65536
PRGV:10275,10275,65536
PRGV:10277,10275,65536
PRGV:10277,10278,65536
PRGV:10281,10278,65536
PRGV:10281,10282,65536
PRGV:10284,10282,65536
PRGV:10284,10285,65536
PRGV:10287,10285,65536
PRGV:10287,10288,65536
PRGV:10290,10288,65536
PRGV:10290,10291,65536
PRGV:10293,10291,65536
PRGV:10293,10294,65536
PRGV:10296,10294,65536
PRGV:10296,10297,65536
PRGV:10299,10297,65536
PRGV:10299,10300,65536
PRGV:10302,10300,65536
PRGV:10302,10302,65536
PRGV:10305,10302,65536
PRGV:10305,10306,65536
PRGV:10308,10306,65536
PRGV:10308,10309,65536
PRGV:10311,10309,65536
PRGV:10311,10312,65536
PRGV:10314,10312,65536
PRGV:10314,10315,65536
PRGV:10318,10315,65536
PRGV:10318,10318,65536
PRGV:10321,10318,65536
PRGV:10321,10322,65536
PRGV:10323,10322,65536
PRGV:10323,10324,65536
PRGV:10326,10324,65536
PRGV:10326,10327,65536
PRGV:10330,10327,65536
PRGV:10330,10331,65536
PRGV:10332,10331,65536
PRGV:10332,10333,65536
PRGV:10336,10333,65536
PRGV:10336,10337,65536
PRGV:10338,10337,65536
PRGV:10338,10339,65536
PRGV:10342,10339,65536
PRGV:10342,10343,65536
PRGV:10345,10343,65536
PRGV:10345,10346,65536
PRGV:10348,10346,65536
PRGV:10348,10349,65536
PRGV:10351,10349,65536
PRGV:10351,10352,65536
PRGV:10354,10352,65536
PRGV:10354,10355,65536
PRGV:10357,10355,65536
PRGV:10357,10358,65536
PRGV:10360,10358,65536
PRGV:10360,10361,65536
PRGV:10363,10361,65536
PRGV:10363,10364,65536
PRGV:10366,10364,65536
PRGV:10366,10367,65536
PRGV:10369,10367,65536
PRGV:10369,10370,65536
PRGV:10373,10370,65536
PRGV:10373,10374,65536
PRGV:10375,10374,65536
PRGV:10375,10376,65536
PRGV:10379,10376,65536
PRGV:10379,10380,65536
PRGV:10382,10380,65536
PRGV:10382,10383,65536
PRGV:10385,10383,65536
PRGV:10385,10386,65536
PRGV:10388,10386,65536
PRGV:10388,10388,65536
PRGV:10391,10388,65536
PRGV:10391,10392,65536
PRGV:10394,10392,65536
PRGV:10394,10394,65536
PRGV:10397,10394,65536
PRGV:10397,10398,65536
PRGV:10400,10398,65536
PRGV:10400,10401,65536
PRGV:10403,10401,65536
PRGV:10403,10404,65536
PRGV:10406,10404,65536
PRGV:10406,10407,65536
PRGV:10410,10407,65536
PRGV:10410,10410,65536
PRGV:10412,10410,65536
PRGV:10412,10413,65536
PRGV:10415,10413,65536
PRGV:10415,10416,65536
PRGV:10418,10416,65536
PRGV:10418,10419,65536
PRGV:10422,10419,65536
PRGV:10422,10423,65536
PRGV:10424,10423,65536
PRGV:10424,10425,65536
PRGV:10428,10425,65536
PRGV:10428,10429,65536
PRGV:10431,10429,65536
PRGV:10431,10432,65536
PRGV:10434,10432,65536
PRGV:10434,10435,65536
PRGV:10437,10435,65536
PRGV:10437,10438,65536
PRGV:10440,10438,65536
PRGV:10440,10441,65536
PRGV:10443,10441,65536
PRGV:10443,10443,65536
PRGV:10446,10443,65536
PRGV:10446,10447,65536
PRGV:10449,10447,65536
PRGV:10449,10450,65536
PRGV:10452,10450,65536
PRGV:10452,10453,65536
PRGV:10455,10453,65536
PRGV:10455,10456,65536
PRGV:10459,10456,65536
PRGV:10459,10459,65536
PRGV:10461,10459,65536
PRGV:10461,10462,65536
PRGV:10465,10462,65536
PRGV:10465,10465,65536
PRGV:10468,10465,65536
PRGV:10468,10469,65536
PRGV:10470,10469,65536
PRGV:10470,10471,65536
PRGV:10473,10471,65536
PRGV:10473,10474,65536
PRGV:10477,10474,65536
PRGV:10477,10478,65536
PRGV:10480,10478,65536
PRGV:10480,10480,65536
PRGV:10483,10480,65536
PRGV:10483,10484,65536
PRGV:10486,10484,65536
PRGV:10486,10487,65536
PRGV:10489,10487,65536
PRGV:10489,10490,65536
PRGV:10492,10490,65536
PRGV:10492,10493,65536
PRGV:10495,10493,65536
PRGV:10495,10496,65536
PRGV:10498,10496,65536
PRGV:10498,10499,65536
PRGV:10502,10499,65536
PRGV:10502,10502,65536
PRGV:10504,10502,65536
PRGV:10504,10505,65536
PRGV:10508,10505,65536
PRGV:10508,10508,65536
PRGV:10511,10508,65536
PRGV:10511,10512,65536
PRGV:10514,10512,65536
PRGV:10514,10515,65536
PRGV:10516,10515,65536
PRGV:10516,10517,65536
PRGV:10520,10517,65536
PRGV:10520,10521,65536
PRGV:10523,10521,65536
PRGV:10523,10524,65536
PRGV:10526,10524,65536
PRGV:10526,10527,65536
PRGV:10529,10527,65536
PRGV:10529,10530,65536
PRGV:10532,10530,65536
PRGV:10532,10533,65536
PRGV:10536,10533,65536
PRGV:10536,10537,65536
PRGV:10538,10537,65536
PRGV:10538,10539,65536
PRGV:10541,10539,65536
PRGV:10541,10542,65536
PRGV:10544,10542,65536
PRGV:10544,10545,65536
PRGV:10547,10545,65536
PRGV:10547,10548,65536
PRGV:10551,10548,65536
PRGV:10551,10551,65536
PRGV:10554,10551,65536
PRGV:10554,10555,65536
PRGV:10557,10555,65536
PRGV:10557,10557,65536
PRGV:10560,10557,65536
PRGV:10560,10561,65536
PRGV:10563,10561,65536
PRGV:10563,10564,65536
PRGV:10566,10564,65536
PRGV:10566,10567,65536
PRGV:10569,10567,65536
PRGV:10569,10570,65536
PRGV:10572,10570,65536
PRGV:10572,10573,65536
PRGV:10575,10573,65536
PRGV:10575,10576,65536
PRGV:10578,10576,65536
PRGV:10578,10579,65536
PRGV:10581,10579,65536
PRGV:10581,10582,65536
PRGV:10585,10582,65536
PRGV:10585,10586,65536
PRGV:10587,10586,65536
PRGV:10587,10588,65536
PRGV:10591,10588,65536
PRGV:10591,10592,65536
PRGV:10594,10592,65536
PRGV:10594,10594,65536
PRGV:10597,10594,65536
PRGV:10597,10598,65536
PRGV:10600,10598,65536
PRGV:10600,10600,65536
PRGV:10603,10600,65536
PRGV:10603,10604,65536
PRGV:10606,10604,65536
PRGV:10606,10607,65536
PRGV:10610,10607,65536
PRGV:10610,10610,65536
PRGV:10612,10610,65536
PRGV:10612,10613,65536
PRGV:10616,10613,65536
PRGV:10616,10616,65536
PRGV:10618,10616,65536
PRGV:10618,10619,65536
PRGV:10619,10619,65536
PRGV:10619,10620,65536
PRGV:10621,10620,65536
PRGV:10621,10622,65536
PRGV:10624,10622,65536
PRGV:10624,10625,65536
PRGV:10628,10625,65536
PRGV:10628,10629,65536
PRGV:10630,10629,65536
PRGV:10630,10631,65536
PRGV:10634,10631,65536
PRGV:10634,10635,65536
PRGV:10637,10635,65536
PRGV:10637,10638,65536
PRGV:10640,10638,65536
PRGV:10640,10641,65536
PRGV:10643,10641,65536
PRGV:10643,10644,65536
PRGV:10646,10644,65536
PRGV:10646,10647,65536
PRGV:10650,10647,65536
PRGV:10650,10651,65536
PRGV:10652,10651,65536
PRGV:10652,10653,65536
PRGV:10655,10653,65536
PRGV:10655,10656,65536
PRGV:10659,10656,65536
PRGV:10659,10659,65536
PRGV:10662,10659,65536
PRGV:10662,10663,65536
PRGV:10665,10663,65536
PRGV:10665,10665,65536
PRGV:10668,10665,65536
PRGV:10668,10669,65536
PRGV:10671,10669,65536
PRGV:10671,10672,65536
PRGV:10674,10672,65536
PRGV:10674,10675,65536
PRGV:10677,10675,65536
PRGV:10677,10678,65536
PRGV:10681,10678,65536
PRGV:10681,10681,65536
PRGV:10683,10681,65536
PRGV:10683,10684,65536
PRGV:10686,10684,65536
PRGV:10686,10687,65536
PRGV:10689,10687,65536
PRGV:10689,10690,65536
PRGV:10693,10690,65536
PRGV:10693,10694,65536
PRGV:10730,10694,65536
PRGV:10730,10731,65536
PRGV:10733,10731,65536
PRGV:10733,10734,65536
PRGV:10736,10734,65536
PRGV:10736,10737,65536
PRGV:10740,10737,65536
PRGV:10740,10740,65536
PRGV:10743,10740,65536
PRGV:10743,10744,65536
PRGV:10746,10744,65536
PRGV:10746,10746,65536
PRGV:10749,10746,65536
PRGV:10749,10750,65536
PRGV:10752,10750,65536
PRGV:10752,10753,65536
PRGV:10754,10753,65536
PRGV:10754,10755,65536
PRGV:10755,10755,65536
PRGV:10755,10756,65536
PRGV:10758,10756,65536
PRGV:10758,10759,65536
PRGV:10761,10759,65536
PRGV:10761,10762,65536
PRGV:10764,10762,65536
PRGV:10764,10765,65536
PRGV:10767,10765,65536
PRGV:10767,10768,65536
PRGV:10770,10768,65536
PRGV:10770,10771,65536
PRGV:10774,10771,65536
PRGV:10774,10775,65536
PRGV:10777,10775,65536
PRGV:10777,10778,65536
PRGV:10779,10778,65536
PRGV:10779,10780,65536
PRGV:10782,10780,65536
PRGV:10782,10783,65536
PRGV:10786,10783,65536
PRGV:10786,10787,65536
PRGV:10789,10787,65536
PRGV:10789,10790,65536
PRGV:10792,10790,65536
PRGV:10792,10793,65536
PRGV:10795,10793,65536
PRGV:10795,10796,65536
PRGV:10798,10796,65536
PRGV:10798,10799,65536
PRGV:10802,10799,65536
PRGV:10802,10803,65536
PRGV:10804,10803,65536
PRGV:10804,10805,65536
PRGV:10807,10805,65536
PRGV:10807,10808,65536
PRGV:10811,10808,65536
PRGV:10811,10811,65536
PRGV:10814,10811,65536
PRGV:10814,10815,65536
PRGV:10817,10815,65536
PRGV:10817,10817,65536
PRGV:10820,10817,65536
PRGV:10820,10821,65536
PRGV:10823,10821,65536
PRGV:10823,10824,65536
PRGV:10827,10824,65536
PRGV:10827,10827,65536
PRGV:10829,10827,65536
PRGV:10829,10830,65536
PRGV:10833,10830,65536
PRGV:10833,10833,65536
PRGV:10835,10833,65536
PRGV:10835,10836,65536
PRGV:10839,10836,65536
PRGV:10839,10840,65536
PRGV:10842,10840,65536
PRGV:10842,10843,65536
PRGV:10845,10843,65536
PRGV:10845,10846,65536
PRGV:10847,10846,65536
PRGV:10847,10848,65536
PRGV:10851,10848,65536
PRGV:10851,10852,65536
PRGV:10854,10852,65536
PRGV:10854,10855,65536
PRGV:10857,10855,65536
PRGV:10857,10858,65536
PRGV:10860,10858,65536
PRGV:10860,10861,65536
PRGV:10863,10861,65536
PRGV:10863,10864,65536
PRGV:10867,10864,65536
PRGV:10867,10868,65536
PRGV:10870,10868,65536
PRGV:10870,10871,65536
PRGV:10872,10871,65536
PRGV:10872,10873,65536
PRGV:10876,10873,65536
PRGV:10876,10876,65536
PRGV:10879,10876,65536
PRGV:10879,10880,65536
PRGV:10882,10880,65536
PRGV:10882,10883,65536
PRGV:10885,10883,65536
PRGV:10885,10886,65536
PRGV:10888,10886,65536
PRGV:10888,10889,65536
PRGV:10892,10889,65536
PRGV:10892,10892,65536
PRGV:10894,10892,65536
PRGV:10894,10895,65536
PRGV:10897,10895,65536
PRGV:10897,10898,65536
PRGV:10900,10898,65536
PRGV:10900,10901,65536
PRGV:10904,10901,65536
PRGV:10904,10905,65536
PRGV:10907,10905,65536
PRGV:10907,10908,65536
PRGV:10910,10908,65536
PRGV:10910,10911,65536
PRGV:10913,10911,65536
PRGV:10913,10914,65536
PRGV:10916,10914,65536
PRGV:10916,10917,65536
PRGV:10919,10917,65536
PRGV:10919,10920,65536
PRGV:10922,10920,65536
PRGV:10922,10923,65536
PRGV:10925,10923,65536
PRGV:10925,10926,65536
PRGV:10928,10926,65536
PRGV:10928,10929,65536
PRGV:10932,10929,65536
PRGV:10932,10933,65536
PRGV:10935,10933,65536
PRGV:10935,10936,65536
PRGV:10938,10936,65536
PRGV:10938,10939,65536
PRGV:10941,10939,65536
PRGV:10941,10942,65536
PRGV:10944,10942,65536
PRGV:10944,10945,65536
PRGV:10947,10945,65536
PRGV:10947,10948,65536
PRGV:10950,10948,65536
PRGV:10950,10951,65536
PRGV:10953,10951,65536
PRGV:10953,10954,65536
PRGV:10957,10954,65536
PRGV:10957,10957,65536
PRGV:10960,10957,65536
PRGV:10960,10961,65536
PRGV:10963,10961,65536
PRGV:10963,10964,65536
PRGV:10966,10964,65536
PRGV:10966,10967,65536
PRGV:10969,10967,65536
PRGV:10969,10970,65536
PRGV:10972,10970,65536
PRGV:10972,10973,65536
PRGV:10975,10973,65536
PRGV:10975,10976,65536
PRGV:10979,10976,65536
PRGV:10979,10979,65536
PRGV:10982,10979,65536
PRGV:10982,10983,65536
PRGV:10985,10983,65536
PRGV:10985,10985,65536
PRGV:10988,10985,65536
PRGV:10988,10989,65536
PRGV:10991,10989,65536
PRGV:10991,10992,65536
PRGV:10994,10992,65536
PRGV:10994,10995,65536
PRGV:10997,10995,65536
PRGV:10997,10998,65536
PRGV:11000,10998,65536
PRGV:11000,11001,65536
PRGV:11003,11001,65536
PRGV:11003,11004,65536
PRGV:11007,11004,65536
PRGV:11007,11008,65536
PRGV:11010,11008,65536
PRGV:11010,11011,65536
PRGV:11013,11011,65536
PRGV:11013,11014,65536
PRGV:11016,11014,65536
PRGV:11016,11017,65536
PRGV:11019,11017,65536
PRGV:11019,11020,65536
PRGV:11022,11020,65536
PRGV:11022,11023,65536
PRGV:11025,11023,65536
PRGV:11025,11026,65536
PRGV:11029,11026,65536
PRGV:11029,11030,65536
PRGV:11031,11030,65536
PRGV:11031,11032,65536
PRGV:11035,11032,65536
PRGV:11035,11036,65536
PRGV:11038,11036,65536
PRGV:11038,11039,65536
PRGV:11041,11039,65536
PRGV:11041,11042,65536
PRGV:11044,11042,65536
PRGV:11044,11044,65536
PRGV:11047,11044,65536
PRGV:11047,11048,65536
PRGV:11050,11048,65536
PRGV:11050,11051,65536
PRGV:11053,11051,65536
PRGV:11053,11054,65536
PRGV:11057,11054,65536
PRGV:11057,11058,65536
PRGV:11060,11058,65536
PRGV:11060,11060,65536
PRGV:11063,11060,65536
PRGV:11063,11064,65536
PRGV:11066,11064,65536
PRGV:11066,11067,65536
PRGV:11069,11067,65536
PRGV:11069,11070,65536
PRGV:11072,11070,65536
PRGV:11072,11073,65536
PRGV:11075,11073,65536
PRGV:11075,11076,65536
PRGV:11078,11076,65536
PRGV:11078,11079,65536
PRGV:11082,11079,65536
PRGV:11082,11082,65536
PRGV:11085,11082,65536
PRGV:11085,11086,65536
PRGV:11088,11086,65536
PRGV:11088,11089,65536
PRGV:11091,11089,65536
PRGV:11091,11092,65536
PRGV:11094,11092,65536
PRGV:11094,11095,65536
PRGV:11097,11095,65536
PRGV:11097,11098,65536
PRGV:11100,11098,65536
PRGV:11100,11101,65536
PRGV:11104,11101,65536
PRGV:11104,11104,65536
PRGV:11106,11104,65536
PRGV:11106,11107,65536
PRGV:11110,11107,65536
PRGV:11110,11111,65536
PRGV:11113,11111,65536
PRGV:11113,11114,65536
PRGV:11116,11114,65536
PRGV:11116,11117,65536
PRGV:11120,11117,65536
PRGV:11120,11120,65536
PRGV:11122,11120,65536
PRGV:11122,11123,65536
PRGV:11125,11123,65536
PRGV:11125,11126,65536
PRGV:11128,11126,65536
PRGV:11128,11129,65536
PRGV:11132,11129,65536
PRGV:11132,11133,65536
PRGV:11135,11133,65536
PRGV:11135,11136,65536
PRGV:11138,11136,65536
PRGV:11138,11139,65536
PRGV:11141,11139,65536
PRGV:11141,11142,65536
PRGV:11144,11142,65536
PRGV:11144,11145,65536
PRGV:11148,11145,65536
PRGV:11148,11149,65536
PRGV:11150,11149,65536
PRGV:11150,11151,65536
PRGV:11153,11151,65536
PRGV:11153,11154,65536
PRGV:11156,11154,65536
PRGV:11156,11157,65536
PRGV:11160,11157,65536
PRGV:11160,11161,65536
PRGV:11163,11161,65536
PRGV:11163,11164,65536
PRGV:11166,11164,65536
PRGV:11166,11167,65536
PRGV:11169,11167,65536
PRGV:11169,11170,65536
PRGV:11172,11170,65536
PRGV:11172,11173,65536
PRGV:11176,11173,65536
PRGV:11176,11177,65536
PRGV:11179,11177,65536
PRGV:11179,11180,65536
PRGV:11181,11180,65536
PRGV:11181,11182,65536
PRGV:11185,11182,65536
PRGV:11185,11185,65536
PRGV:11188,11185,65536
PRGV:11188,11189,65536
PRGV:11191,11189,65536
PRGV:11191,11192,65536
PRGV:11195,11192,65536
PRGV:11195,11195,65536
PRGV:11197,11195,65536
PRGV:11197,11198,65536
PRGV:11201,11198,65536
PRGV:11201,11201,65536
PRGV:11204,11201,65536
PRGV:11204,11205,65536
PRGV:11207,11205,65536
PRGV:11207,11208,65536
PRGV:11210,11208,65536
PRGV:11210,11211,65536
PRGV:11213,11211,65536
PRGV:11213,11214,65536
PRGV:11216,11214,65536
PRGV:11216,11217,65536
PRGV:11219,11217,65536
PRGV:11219,11220,65536
PRGV:11223,11220,65536
PRGV:11223,11223,65536
PRGV:11225,11223,65536
PRGV:11225,11226,65536
PRGV:11229,11226,65536
PRGV:11229,11229,65536
PRGV:11232,11229,65536
PRGV:11232,11233,65536
PRGV:11235,11233,65536
PRGV:11235,11236,65536
PRGV:11238,11236,65536
PRGV:11238,11239,65536
PRGV:11241,11239,65536
PRGV:11241,11242,65536
PRGV:11244,11242,65536
PRGV:11244,11245,65536
PRGV:11247,11245,65536
PRGV:11247,11248,65536
PRGV:11251,11248,65536
PRGV:11251,11252,65536
PRGV:11254,11252,65536
PRGV:11254,11255,65536
PRGV:11257,11255,65536
PRGV:11257,11258,65536
PRGV:11260,11258,65536
PRGV:11260,11261,65536
PRGV:11263,11261,65536
PRGV:11263,11264,65536
PRGV:11266,11264,65536
PRGV:11266,11267,65536
PRGV:11269,11267,65536
PRGV:11269,11270,65536
PRGV:11273,11270,65536
PRGV:11273,11274,65536
PRGV:11276,11274,65536
PRGV:11276,11277,65536
PRGV:11279,11277,65536
PRGV:11279,11280,65536
PRGV:11359,11280,65536
PRGV:11359,11359,65536
PRGV:11362,11359,65536
PRGV:11362,11363,65536
PRGV:11365,11363,65536
PRGV:11365,11366,65536
PRGV:11369,11366,65536
PRGV:11369,11369,65536
PRGV:11372,11369,65536
PRGV:11372,11373,65536
PRGV:11375,11373,65536
PRGV:11375,11375,65536
PRGV:11378,11375,65536
PRGV:11378,11379,65536
PRGV:11381,11379,65536
PRGV:11381,11382,65536
PRGV:11384,11382,65536
PRGV:11384,11385,65536
PRGV:11387,11385,65536
PRGV:11387,11388,65536
PRGV:11390,11388,65536
PRGV:11390,11391,65536
PRGV:11393,11391,65536
PRGV:11393,11394,65536
PRGV:11397,11394,65536
PRGV:11397,11397,65536
PRGV:11400,11397,65536
PRGV:11400,11401,65536
PRGV:11403,11401,65536
PRGV:11403,11404,65536
PRGV:11407,11404,65536
PRGV:11407,11407,65536
PRGV:11410,11407,65536
PRGV:11410,11411,65536
PRGV:11412,11411,65536
PRGV:11412,11413,65536
PRGV:11415,11413,65536
PRGV:11415,11416,65536
PRGV:11419,11416,65536
PRGV:11419,11420,65536
PRGV:11422,11420,65536
PRGV:11422,11423,65536
PRGV:11425,11423,65536
PRGV:11425,11426,65536
PRGV:11428,11426,65536
PRGV:11428,11429,65536
PRGV:11431,11429,65536
PRGV:11431,11432,65536
PRGV:11435,11432,65536
PRGV:11435,11435,65536
PRGV:11438,11435,65536
PRGV:11438,11439,65536
PRGV:11441,11439,65536
PRGV:11441,11442,65536
PRGV:11444,11442,65536
PRGV:11444,11445,65536
PRGV:11447,11445,65536
PRGV:11447,11448,65536
PRGV:11450,11448,65536
PRGV:11450,11451,65536
PRGV:11453,11451,65536
PRGV:11453,11454,65536
PRGV:11457,11454,65536
PRGV:11457,11458,65536
PRGV:11460,11458,65536
PRGV:11460,11461,65536
PRGV:11463,11461,65536
PRGV:11463,11464,65536
PRGV:11466,11464,65536
PRGV:11466,11467,65536
PRGV:11469,11467,65536
PRGV:11469,11470,65536
PRGV:11473,11470,65536
PRGV:11473,11473,65536
PRGV:11476,11473,65536
PRGV:11476,11477,65536
PRGV:11479,11477,65536
PRGV:11479,11480,65536
PRGV:11481,11480,65536
PRGV:11481,11482,65536
PRGV:11485,11482,65536
PRGV:11485,11486,65536
PRGV:11488,11486,65536
PRGV:11488,11489,65536
PRGV:11491,11489,65536
PRGV:11491,11492,65536
PRGV:11495,11492,65536
PRGV:11495,11496,65536
PRGV:11498,11496,65536
PRGV:11498,11499,65536
PRGV:11501,11499,65536
PRGV:11501,11502,65536
PRGV:11505,11502,65536
PRGV:11505,11505,65536
PRGV:11507,11505,65536
PRGV:11507,11508,65536
PRGV:11510,11508,65536
PRGV:11510,11511,65536
PRGV:11513,11511,65536
PRGV:11513,11514,65536
PRGV:11517,11514,65536
PRGV:11517,11518,65536
PRGV:11520,11518,65536
PRGV:11520,11521,65536
PRGV:11523,11521,65536
PRGV:11523,11524,65536
PRGV:11527,11524,65536
PRGV:11527,11527,65536
PRGV:11529,11527,65536
PRGV:11529,11530,65536
PRGV:11532,11530,65536
PRGV:11532,11533,65536
PRGV:11535,11533,65536
PRGV:11535,11536,65536
PRGV:11539,11536,65536
PRGV:11539,11540,65536
PRGV:11542,11540,65536
PRGV:11542,11543,65536
PRGV:11545,11543,65536
PRGV:11545,11546,65536
PRGV:11549,11546,65536
PRGV:11549,11550,65536
PRGV:11552,11550,65536
PRGV:11552,11553,65536
PRGV:11555,11553,65536
PRGV:11555,11556,65536
PRGV:11558,11556,65536
PRGV:11558,11558,65536
PRGV:11561,11558,65536
PRGV:11561,11562,65536
PRGV:11564,11562,65536
PRGV:11564,11565,65536
PRGV:11567,11565,65536
PRGV:11567,11568,65536
PRGV:11571,11568,65536
PRGV:11571,11572,65536
PRGV:11574,11572,65536
PRGV:11574,11575,65536
PRGV:11577,11575,65536
PRGV:11577,11578,65536
PRGV:11580,11578,65536
PRGV:11580,11581,65536
PRGV:11583,11581,65536
PRGV:11583,11584,65536
PRGV:11587,11584,65536
PRGV:11587,11588,65536
PRGV:11590,11588,65536
PRGV:11590,11591,65536
PRGV:11593,11591,65536
PRGV:11593,11594,65536
PRGV:11596,11594,65536
PRGV:11596,11597,65536
PRGV:11599,11597,65536
PRGV:11599,11600,65536
PRGV:11603,11600,65536
PRGV:11603,11603,65536
PRGV:11605,11603,65536
PRGV:11605,11606,65536
PRGV:11609,11606,65536
PRGV:11609,11610,65536
PRGV:11612,11610,65536
PRGV:11612,11613,65536
PRGV:11615,11613,65536
PRGV:11615,11616,65536
PRGV:11618,11616,65536
PRGV:11618,11619,65536
PRGV:11621,11619,65536
PRGV:11621,11622,65536
PRGV:11625,11622,65536
PRGV:11625,11626,65536
PRGV:11628,11626,65536
PRGV:11628,11629,65536
PRGV:11631,11629,65536
PRGV:11631,11632,65536
PRGV:11634,11632,65536
PRGV:11634,11635,65536
PRGV:11637,11635,65536
PRGV:11637,11638,65536
PRGV:11641,11638,65536
PRGV:11641,11641,65536
PRGV:11643,11641,65536
PRGV:11643,11644,65536
PRGV:11647,11644,65536
PRGV:11647,11648,65536
PRGV:11650,11648,65536
PRGV:11650,11651,65536
PRGV:11653,11651,65536
PRGV:11653,11654,65536
PRGV:11656,11654,65536
PRGV:11656,11657,65536
PRGV:11659,11657,65536
PRGV:11659,11660,65536
PRGV:11663,11660,65536
PRGV:11663,11664,65536
PRGV:11666,11664,65536
PRGV:11666,11667,65536
PRGV:11669,11667,65536
PRGV:11669,11670,65536
PRGV:11672,11670,65536
PRGV:11672,11673,65536
PRGV:11675,11673,65536
PRGV:11675,11676,65536
PRGV:11678,11676,65536
PRGV:11678,11679,65536
PRGV:11681,11679,65536
PRGV:11681,11682,65536
PRGV:11685,11682,65536
PRGV:11685,11686,65536
PRGV:11688,11686,65536
PRGV:11688,11689,65536
PRGV:11691,11689,65536
PRGV:11691,11692,65536
PRGV:11695,11692,65536
PRGV:11695,11695,65536
PRGV:11698,11695,65536
PRGV:11698,11699,65536
PRGV:11701,11699,65536
PRGV:11701,11702,65536
PRGV:11703,11702,65536
PRGV:11703,11704,65536
PRGV:11707,11704,65536
PRGV:11707,11708,65536
PRGV:11710,11708,65536
PRGV:11710,11711,65536
PRGV:11713,11711,65536
PRGV:11713,11714,65536
PRGV:11717,11714,65536
PRGV:11717,11718,65536
PRGV:11720,11718,65536
PRGV:11720,11721,65536
PRGV:11723,11721,65536
PRGV:11723,11724,65536
PRGV:11726,11724,65536
PRGV:11726,11727,65536
PRGV:11729,11727,65536
PRGV:11729,11730,65536
PRGV:11733,11730,65536
PRGV:11733,11733,65536
PRGV:11736,11733,65536
PRGV:11736,11737,65536
PRGV:11739,11737,65536
PRGV:11739,11740,65536
PRGV:11742,11740,65536
PRGV:11742,11743,65536
PRGV:11745,11743,65536
PRGV:11745,11746,65536
PRGV:11748,11746,65536
PRGV:11748,11749,65536
PRGV:11751,11749,65536
PRGV:11751,11752,65536
PRGV:11755,11752,65536
PRGV:11755,11756,65536
PRGV:11758,11756,65536
PRGV:11758,11759,65536
PRGV:11761,11759,65536
PRGV:11761,11762,65536
PRGV:11765,11762,65536
PRGV:11765,11765,65536
PRGV:11768,11765,65536
PRGV:11768,11769,65536
PRGV:11771,11769,65536
PRGV:11771,11771,65536
PRGV:11774,11771,65536
PRGV:11774,11775,65536
PRGV:11777,11775,65536
PRGV:11777,11778,65536
PRGV:11781,11778,65536
PRGV:11781,11781,65536
PRGV:11783,11781,65536
PRGV:11783,11784,65536
PRGV:11784,11784,65536
PRGV:11784,11785,65536
PRGV:11787,11785,65536
PRGV:11787,11787,65536
PRGV:11790,11787,65536
PRGV:11790,11791,65536
PRGV:11793,11791,65536
PRGV:11793,11794,65536
PRGV:11796,11794,65536
PRGV:11796,11797,65536
PRGV:11799,11797,65536
PRGV:11799,11800,65536
PRGV:11803,11800,65536
PRGV:11803,11803,65536
PRGV:11806,11803,65536
PRGV:11806,11807,65536
PRGV:11809,11807,65536
PRGV:11809,11809,65536
PRGV:11812,11809,65536
PRGV:11812,11813,65536
PRGV:11815,11813,65536
PRGV:11815,11816,65536
PRGV:11819,11816,65536
PRGV:11819,11819,65536
PRGV:11822,11819,65536
PRGV:11822,11823,65536
PRGV:11825,11823,65536
PRGV:11825,11826,65536
PRGV:11829,11826,65536
PRGV:11829,11829,65536
PRGV:11832,11829,65536
PRGV:11832,11833,65536
PRGV:11834,11833,65536
PRGV:11834,11835,65536
PRGV:11837,11835,65536
PRGV:11837,11838,65536
PRGV:11841,11838,65536
PRGV:11841,11841,65536
PRGV:11844,11841,65536
PRGV:11844,11845,65536
PRGV:11847,11845,65536
PRGV:11847,11848,65536
PRGV:11851,11848,65536
PRGV:11851,11851,65536
PRGV:11854,11851,65536
PRGV:11854,11855,65536
PRGV:11857,11855,65536
PRGV:11857,11858,65536
PRGV:11860,11858,65536
PRGV:11860,11861,65536
PRGV:11863,11861,65536
PRGV:11863,11863,65536
PRGV:11866,11863,65536
PRGV:11866,11867,65536
PRGV:11869,11867,65536
PRGV:11869,11870,65536
PRGV:11873,11870,65536
PRGV:11873,11873,65536
PRGV:11876,11873,65536
PRGV:11876,11877,65536
PRGV:11879,11877,65536
PRGV:11879,11880,65536
PRGV:11883,11880,65536
PRGV:11883,11883,65536
PRGV:11886,11883,65536
PRGV:11886,11887,65536
PRGV:11889,11887,65536
PRGV:11889,11889,65536
PRGV:11892,11889,65536
PRGV:11892,11893,65536
PRGV:11895,11893,65536
PRGV:11895,11896,65536
PRGV:11898,11896,65536
PRGV:11898,11899,65536
PRGV:11902,11899,65536
PRGV:11902,11903,65536
PRGV:11905,11903,65536
PRGV:11905,11905,65536
PRGV:11908,11905,65536
PRGV:11908,11909,65536
PRGV:11911,11909,65536
PRGV:11911,11911,65536
PRGV:11914,11911,65536
PRGV:11914,11915,65536
PRGV:11917,11915,65536
PRGV:11917,11918,65536
PRGV:11921,11918,65536
PRGV:11921,11921,65536
PRGV:11924,11921,65536
PRGV:11924,11925,65536
PRGV:11927,11925,65536
PRGV:11927,11928,65536
PRGV:11930,11928,65536
PRGV:11930,11931,65536
PRGV:11934,11931,65536
PRGV:11934,11935,65536
PRGV:11937,11935,65536
PRGV:11937,11938,65536
PRGV:11939,11938,65536
PRGV:11939,11940,65536
PRGV:11943,11940,65536
PRGV:11943,11943,65536
PRGV:11946,11943,65536
PRGV:11946,11947,65536
PRGV:11949,11947,65536
PRGV:11949,11950,65536
PRGV:11952,11950,65536
PRGV:11952,11953,65536
PRGV:11956,11953,65536
PRGV:11956,11957,65536
PRGV:11959,11957,65536
PRGV:11959,11960,65536
PRGV:11962,11960,65536
PRGV:11962,11963,65536
PRGV:11966,11963,65536
PRGV:11966,11966,65536
PRGV:11968,11966,65536
PRGV:11968,11969,65536
PRGV:11972,11969,65536
PRGV:11972,11973,65536
PRGV:11975,11973,65536
PRGV:11975,11976,65536
PRGV:11978,11976,65536
PRGV:11978,11979,65536
PRGV:11981,11979,65536
PRGV:11981,11982,65536
PRGV:11984,11982,65536
PRGV:11984,11985,65536
PRGV:11988,11985,65536
PRGV:11988,11989,65536
PRGV:11991,11989,65536
PRGV:11991,11992,65536
PRGV:11994,11992,65536
PRGV:11994,11995,65536
PRGV:11998,11995,65536
PRGV:11998,11998,65536
PRGV:12001,11998,65536
PRGV:12001,12002,65536
PRGV:12004,12002,65536
PRGV:12004,12004,65536
PRGV:12007,12004,65536
PRGV:12007,12008,65536
PRGV:12010,12008,65536
PRGV:12010,12011,65536
PRGV:12014,12011,65536
PRGV:12014,12014,65536
PRGV:12017,12014,65536
PRGV:12017,12018,65536
PRGV:12020,12018,65536
PRGV:12020,12020,65536
PRGV:12023,12020,65536
PRGV:12023,12024,65536
PRGV:12026,12024,65536
PRGV:12026,12027,65536
PRGV:12030,12027,65536
PRGV:12030,12030,65536
PRGV:12032,12030,65536
PRGV:12032,12033,65536
PRGV:12036,12033,65536
PRGV:12036,12036,65536
PRGV:12039,12036,65536
PRGV:12039,12040,65536
PRGV:12042,12040,65536
PRGV:12042,12043,65536
PRGV:12046,12043,65536
PRGV:12046,12046,65536
PRGV:12049,12046,65536
PRGV:12049,12050,65536
PRGV:12052,12050,65536
PRGV:12052,12053,65536
PRGV:12055,12053,65536
PRGV:12055,12056,65536
PRGV:12059,12056,65536
PRGV:12059,12060,65536
PRGV:12061,12060,65536
PRGV:12061,12062,65536
PRGV:12064,12062,65536
PRGV:12064,12065,65536
PRGV:12068,12065,65536
PRGV:12068,12068,65536
PRGV:12071,12068,65536
PRGV:12071,12072,65536
PRGV:12074,12072,65536
PRGV:12074,12075,65536
PRGV:12078,12075,65536
PRGV:12078,12078,65536
PRGV:12081,12078,65536
PRGV:12081,12082,65536
PRGV:12084,12082,65536
PRGV:12084,12085,65536
PRGV:12087,12085,65536
PRGV:12087,12088,65536
PRGV:12091,12088,65536
PRGV:12091,12092,65536
PRGV:12093,12092,65536
PRGV:12093,12094,65536
PRGV:12097,12094,65536
PRGV:12097,12098,65536
PRGV:12100,12098,65536
PRGV:12100,12101,65536
PRGV:12103,12101,65536
PRGV:12103,12104,65536
PRGV:12107,12104,65536
PRGV:12107,12107,65536
PRGV:12110,12107,65536
PRGV:12110,12111,65536
PRGV:12113,12111,65536
PRGV:12113,12114,65536
PRGV:12116,12114,65536
PRGV:12116,12117,65536
PRGV:12119,12117,65536
PRGV:12119,12120,65536
PRGV:12123,12120,65536
PRGV:12123,12123,65536
PRGV:12126,12123,65536
PRGV:12126,12127,65536
PRGV:12129,12127,65536
PRGV:12129,12130,65536
PRGV:12132,12130,65536
PRGV:12132,12133,65536
PRGV:12135,12133,65536
PRGV:12135,12136,65536
PRGV:12139,12136,65536
PRGV:12139,12139,65536
PRGV:12142,12139,65536
PRGV:12142,12143,65536
PRGV:12145,12143,65536
PRGV:12145,12146,65536
PRGV:12149,12146,65536
PRGV:12149,12149,65536
PRGV:12151,12149,65536
PRGV:12151,12152,65536
PRGV:12155,12152,65536
PRGV:12155,12155,65536
PRGV:12158,12155,65536
PRGV:12158,12159,65536
PRGV:12161,12159,65536
PRGV:12161,12162,65536
PRGV:12164,12162,65536
PRGV:12164,12165,65536
PRGV:12167,12165,65536
PRGV:12167,12168,65536
PRGV:12171,12168,65536
PRGV:12171,12171,65536
PRGV:12174,12171,65536
PRGV:12174,12175,65536
PRGV:12177,12175,65536
PRGV:12177,12178,65536
PRGV:12181,12178,65536
PRGV:12181,12181,65536
PRGV:12183,12181,65536
PRGV:12183,12184,65536
PRGV:12184,12184,65536
PRGV:12184,12185,65536
PRGV:12187,12185,65536
PRGV:12187,12187,65536
PRGV:12190,12187,65536
PRGV:12190,12191,65536
PRGV:12193,12191,65536
PRGV:12193,12194,65536
PRGV:12196,12194,65536
PRGV:12196,12197,65536
PRGV:12200,12197,65536
PRGV:12200,12201,65536
PRGV:12203,12201,65536
PRGV:12203,12204,65536
PRGV:12206,12204,65536
PRGV:12206,12207,65536
PRGV:12209,12207,65536
PRGV:12209,12210,65536
PRGV:12212,12210,65536
PRGV:12212,12213,65536
PRGV:12216,12213,65536
PRGV:12216,12217,65536
PRGV:12219,12217,65536
PRGV:12219,12220,65536
PRGV:12222,12220,65536
PRGV:12222,12223,65536
PRGV:12226,12223,65536
PRGV:12226,12226,65536
PRGV:12229,12226,65536
PRGV:12229,12230,65536
PRGV:12232,12230,65536
PRGV:12232,12233,65536
PRGV:12236,12233,65536
PRGV:12236,12236,65536
PRGV:12239,12236,65536
PRGV:12239,12240,65536
PRGV:12241,12240,65536
PRGV:12241,12242,65536
PRGV:12244,12242,65536
PRGV:12244,12245,65536
PRGV:12248,12245,65536
PRGV:12248,12248,65536
PRGV:12251,12248,65536
PRGV:12251,12252,65536
PRGV:12254,12252,65536
PRGV:12254,12255,65536
PRGV:12258,12255,65536
PRGV:12258,12258,65536
PRGV:12261,12258,65536
PRGV:12261,12262,65536
PRGV:12264,12262,65536
PRGV:12264,12265,65536
PRGV:12268,12265,65536
PRGV:12268,12268,65536
PRGV:12271,12268,65536
PRGV:12271,12272,65536
PRGV:12274,12272,65536
PRGV:12274,12274,65536
PRGV:12277,12274,65536
PRGV:12277,12278,65536
PRGV:12280,12278,65536
PRGV:12280,12281,65536
PRGV:12284,12281,65536
PRGV:12284,12284,65536
PRGV:12287,12284,65536
PRGV:12287,12288,65536
PRGV:12290,12288,65536
PRGV:12290,12291,65536
PRGV:12293,12291,65536
PRGV:12293,12294,65536
PRGV:12296,12294,65536
PRGV:12296,12297,65536
PRGV:12299,12297,65536
PRGV:12299,12300,65536
PRGV:12303,12300,65536
PRGV:12303,12304,65536
PRGV:12306,12304,65536
PRGV:12306,12307,65536
PRGV:12309,12307,65536
PRGV:12309,12310,65536
PRGV:12313,12310,65536
PRGV:12313,12313,65536
PRGV:12316,12313,65536
PRGV:12316,12317,65536
PRGV:12319,12317,65536
PRGV:12319,12320,65536
PRGV:12322,12320,65536
PRGV:12322,12323,65536
PRGV:12325,12323,65536
PRGV:12325,12326,65536
PRGV:12329,12326,65536
PRGV:12329,12329,65536
PRGV:12332,12329,65536
PRGV:12332,12333,65536
PRGV:12335,12333,65536
PRGV:12335,12336,65536
PRGV:12339,12336,65536
PRGV:12339,12339,65536
PRGV:12342,12339,65536
PRGV:12342,12343,65536
PRGV:12345,12343,65536
PRGV:12345,12346,65536
PRGV:12349,12346,65536
PRGV:12349,12349,65536
PRGV:12352,12349,65536
PRGV:12352,12353,65536
PRGV:12354,12353,65536
PRGV:12354,12355,65536
PRGV:12357,12355,65536
PRGV:12357,12358,65536
PRGV:12361,12358,65536
PRGV:12361,12361,65536
PRGV:12364,12361,65536
PRGV:12364,12365,65536
PRGV:12367,12365,65536
PRGV:12367,12368,65536
PRGV:12371,12368,65536
PRGV:12371,12371,65536
PRGV:12374,12371,65536
PRGV:12374,12375,65536
PRGV:12377,12375,65536
PRGV:12377,12378,65536
PRGV:12380,12378,65536
PRGV:12380,12381,65536
PRGV:12384,12381,65536
PRGV:12384,12385,65536
PRGV:12387,12385,65536
PRGV:12387,12388,65536
PRGV:12390,12388,65536
PRGV:12390,12391,65536
PRGV:12393,12391,65536
PRGV:12393,12394,65536
PRGV:12396,12394,65536
PRGV:12396,12397,65536
PRGV:12400,12397,65536
PRGV:12400,12401,65536
PRGV:12403,12401,65536
PRGV:12403,12404,65536
PRGV:12406,12404,65536
PRGV:12406,12407,65536
PRGV:12410,12407,65536
PRGV:12410,12410,65536
PRGV:12413,12410,65536
PRGV:12413,12414,65536
PRGV:12416,12414,65536
PRGV:12416,12417,65536
PRGV:12420,12417,65536
PRGV:12420,12420,65536
PRGV:12422,12420,65536
PRGV:12422,12423,65536
PRGV:12426,12423,65536
PRGV:12426,12426,65536
PRGV:12429,12426,65536
PRGV:12429,12430,65536
PRGV:12432,12430,65536
PRGV:12432,12433,65536
PRGV:12436,12433,65536
PRGV:12436,12436,65536
PRGV:12439,12436,65536
PRGV:12439,12440,65536
PRGV:12442,12440,65536
PRGV:12442,12443,65536
PRGV:12445,12443,65536
PRGV:12445,12446,65536
PRGV:12449,12446,65536
PRGV:12449,12450,65536
PRGV:12452,12450,65536
PRGV:12452,12452,65536
PRGV:12455,12452,65536
PRGV:12455,12456,65536
PRGV:12458,12456,65536
PRGV:12458,12459,65536
PRGV:12461,12459,65536
PRGV:12461,12462,65536
PRGV:12465,12462,65536
PRGV:12465,12466,65536
PRGV:12468,12466,65536
PRGV:12468,12469,65536
PRGV:12471,12469,65536
PRGV:12471,12472,65536
PRGV:12475,12472,65536
PRGV:12475,12475,65536
PRGV:12478,12475,65536
PRGV:12478,12479,65536
PRGV:12481,12479,65536
PRGV:12481,12481,65536
PRGV:12484,12481,65536
PRGV:12484,12485,65536
PRGV:12487,12485,65536
PRGV:12487,12488,65536
PRGV:13114,12488,65536
PRGV:13114,13114,65536
PRGV:13116,13114,65536
PRGV:13116,13117,65536
PRGV:13120,13117,65536
PRGV:13120,13120,65536
PRGV:13123,13120,65536
PRGV:13123,13124,65536
PRGV:13126,13124,65536
PRGV:13126,13127,65536
PRGV:13130,13127,65536
PRGV:13130,13131,65536
PRGV:13133,13131,65536
PRGV:13133,13134,65536
PRGV:13137,13134,65536
PRGV:13137,13138,65536
PRGV:13140,13138,65536
PRGV:13140,13141,65536
PRGV:13143,13141,65536
PRGV:13143,13144,65536
PRGV:13146,13144,65536
PRGV:13146,13147,65536
PRGV:13149,13147,65536
PRGV:13149,13150,65536
PRGV:13153,13150,65536
PRGV:13153,13153,65536
PRGV:13156,13153,65536
PRGV:13156,13157,65536
PRGV:13160,13157,65536
PRGV:13160,13161,65536
PRGV:13163,13161,65536
PRGV:13163,13164,65536
PRGV:13167,13164,65536
PRGV:13167,13167,65536
PRGV:13169,13167,65536
PRGV:13169,13170,65536
PRGV:13173,13170,65536
PRGV:13173,13173,65536
PRGV:13176,13173,65536
PRGV:13176,13177,65536
PRGV:13179,13177,65536
PRGV:13179,13180,65536
PRGV:13182,13180,65536
PRGV:13182,13183,65536
PRGV:13186,13183,65536
PRGV:13186,13187,65536
PRGV:13190,13187,65536
PRGV:13190,13190,65536
PRGV:13192,13190,65536
PRGV:13192,13193,65536
PRGV:13196,13193,65536
PRGV:13196,13196,65536
PRGV:13199,13196,65536
PRGV:13199,13200,65536
PRGV:13202,13200,65536
PRGV:13202,13203,65536
PRGV:13206,13203,65536
PRGV:13206,13206,65536
PRGV:13209,13206,65536
PRGV:13209,13210,65536
PRGV:13213,13210,65536
PRGV:13213,13214,65536
PRGV:13216,13214,65536
PRGV:13216,13217,65536
PRGV:13219,13217,65536
PRGV:13219,13220,65536
PRGV:13222,13220,65536
PRGV:13222,13223,65536
PRGV:13225,13223,65536
PRGV:13225,13226,65536
PRGV:13229,13226,65536
PRGV:13229,13230,65536
PRGV:13233,13230,65536
PRGV:13233,13233,65536
PRGV:13236,13233,65536
PRGV:13236,13237,65536
PRGV:13239,13237,65536
PRGV:13239,13240,65536
PRGV:13242,13240,65536
PRGV:13242,13243,65536
PRGV:13245,13243,65536
PRGV:13245,13246,65536
PRGV:13249,13246,65536
PRGV:13249,13249,65536
PRGV:13252,13249,65536
PRGV:13252,13253,65536
PRGV:13255,13253,65536
PRGV:13255,13256,65536
PRGV:13259,13256,65536
PRGV:13259,13259,65536
PRGV:13262,13259,65536
PRGV:13262,13263,65536
PRGV:13266,13263,65536
PRGV:13266,13266,65536
PRGV:13269,13266,65536
PRGV:13269,13270,65536
PRGV:13272,13270,65536
PRGV:13272,13273,65536
PRGV:13275,13273,65536
PRGV:13275,13276,65536
PRGV:13278,13276,65536
PRGV:13278,13279,65536
PRGV:13282,13279,65536
PRGV:13282,13282,65536
PRGV:13285,13282,65536
PRGV:13285,13286,65536
PRGV:13288,13286,65536
PRGV:13288,13289,65536
PRGV:13292,13289,65536
PRGV:13292,13293,65536
PRGV:13295,13293,65536
PRGV:13295,13296,65536
PRGV:13298,13296,65536
PRGV:13298,13299,65536
PRGV:13301,13299,65536
PRGV:13301,13302,65536
PRGV:13305,13302,65536
PRGV:13305,13306,65536
PRGV:13308,13306,65536
PRGV:13308,13309,65536
PRGV:13311,13309,65536
PRGV:13311,13312,65536
PRGV:13315,13312,65536
PRGV:13315,13316,65536
PRGV:13319,13316,65536
PRGV:13319,13319,65536
PRGV:13322,13319,65536
PRGV:13322,13323,65536
PRGV:13325,13323,65536
PRGV:13325,13325,65536
PRGV:13328,13325,65536
PRGV:13328,13329,65536
PRGV:13331,13329,65536
PRGV:13331,13332,65536
PRGV:13335,13332,65536
PRGV:13335,13335,65536
PRGV:13338,13335,65536
PRGV:13338,13339,65536
PRGV:13342,13339,65536
PRGV:13342,13342,65536
PRGV:13345,13342,65536
PRGV:13345,13346,65536
PRGV:13348,13346,65536
PRGV:13348,13348,65536
PRGV:13351,13348,65536
PRGV:13351,13352,65536
PRGV:13354,13352,65536
PRGV:13354,13355,65536
PRGV:13358,13355,65536
PRGV:13358,13358,65536
PRGV:13361,13358,65536
PRGV:13361,13362,65536
PRGV:13364,13362,65536
PRGV:13364,13365,65536
PRGV:13368,13365,65536
PRGV:13368,13369,65536
PRGV:13371,13369,65536
PRGV:13371,13372,65536
PRGV:13374,13372,65536
PRGV:13374,13375,65536
PRGV:13377,13375,65536
PRGV:13377,13378,65536
PRGV:13381,13378,65536
PRGV:13381,13382,65536
PRGV:13384,13382,65536
PRGV:13384,13385,65536
PRGV:13388,13385,65536
PRGV:13388,13389,65536
PRGV:13391,13389,65536
PRGV:13391,13392,65536
PRGV:13395,13392,65536
PRGV:13395,13395,65536
PRGV:13397,13395,65536
PRGV:13397,13398,65536
PRGV:13401,13398,65536
PRGV:13401,13401,65536
PRGV:13404,13401,65536
PRGV:13404,13405,65536
PRGV:13408,13405,65536
PRGV:13408,13409,65536
PRGV:13411,13409,65536
PRGV:13411,13412,65536
PRGV:13414,13412,65536
PRGV:13414,13415,65536
PRGV:13418,13415,65536
PRGV:13418,13418,65536
PRGV:13421,13418,65536
PRGV:13421,13422,65536
PRGV:13424,13422,65536
PRGV:13424,13424,65536
PRGV:13427,13424,65536
PRGV:13427,13428,65536
PRGV:13431,13428,65536
PRGV:13431,13432,65536
PRGV:13434,13432,65536
PRGV:13434,13435,65536
PRGV:13438,13435,65536
PRGV:13438,13438,65536
PRGV:13441,13438,65536
PRGV:13441,13442,65536
PRGV:13444,13442,65536
PRGV:13444,13445,65536
PRGV:13447,13445,65536
PRGV:13447,13448,65536
PRGV:13451,13448,65536
PRGV:13451,13451,65536
PRGV:13454,13451,65536
PRGV:13454,13455,65536
PRGV:13457,13455,65536
PRGV:13457,13458,65536
PRGV:13461,13458,65536
PRGV:13461,13461,65536
PRGV:13464,13461,65536
PRGV:13464,13465,65536
PRGV:13467,13465,65536
PRGV:13467,13468,65536
PRGV:13471,13468,65536
PRGV:13471,13472,65536
PRGV:13474,13472,65536
PRGV:13474,13475,65536
PRGV:13477,13475,65536
PRGV:13477,13478,65536
PRGV:13480,13478,65536
PRGV:13480,13481,65536
PRGV:13484,13481,65536
PRGV:13484,13485,65536
PRGV:13487,13485,65536
PRGV:13487,13488,65536
PRGV:13490,13488,65536
PRGV:13490,13491,65536
PRGV:13494,13491,65536
PRGV:13494,13494,65536
PRGV:13498,13494,65536
PRGV:13498,13498,65536
PRGV:13501,13498,65536
PRGV:13501,13502,65536
PRGV:13504,13502,65536
PRGV:13504,13505,65536
PRGV:13507,13505,65536
PRGV:13507,13508,65536
PRGV:13510,13508,65536
PRGV:13510,13511,65536
PRGV:13514,13511,65536
PRGV:13514,13514,65536
PRGV:13517,13514,65536
PRGV:13517,13518,65536
PRGV:13521,13518,65536
PRGV:13521,13521,65536
PRGV:13524,13521,65536
PRGV:13524,13525,65536
PRGV:13527,13525,65536
PRGV:13527,13528,65536
PRGV:13531,13528,65536
PRGV:13531,13531,65536
PRGV:13533,13531,65536
PRGV:13533,13534,65536
PRGV:13537,13534,65536
PRGV:13537,13537,65536
PRGV:13540,13537,65536
PRGV:13540,13541,65536
PRGV:13544,13541,65536
PRGV:13544,13545,65536
PRGV:13547,13545,65536
PRGV:13547,13548,65536
PRGV:13550,13548,65536
PRGV:13550,13551,65536
PRGV:13554,13551,65536
PRGV:13554,13554,65536
PRGV:13557,13554,65536
PRGV:13557,13558,65536
PRGV:13560,13558,65536
PRGV:13560,13561,65536
PRGV:13564,13561,65536
PRGV:13564,13565,65536
PRGV:13567,13565,65536
PRGV:13567,13568,65536
PRGV:13570,13568,65536
PRGV:13570,13571,65536
PRGV:13574,13571,65536
PRGV:13574,13574,65536
PRGV:13577,13574,65536
PRGV:13577,13578,65536
PRGV:13580,13578,65536
PRGV:13580,13581,65536
PRGV:13584,13581,65536
PRGV:13584,13585,65536
PRGV:13587,13585,65536
PRGV:13587,13588,65536
PRGV:13590,13588,65536
PRGV:13590,13591,65536
PRGV:13593,13591,65536
PRGV:13593,13594,65536
PRGV:13597,13594,65536
PRGV:13597,13597,65536
PRGV:13600,13597,65536
PRGV:13600,13601,65536
PRGV:13604,13601,65536
PRGV:13604,13605,65536
PRGV:13607,13605,65536
PRGV:13607,13608,65536
PRGV:13610,13608,65536
PRGV:13610,13611,65536
PRGV:13614,13611,65536
PRGV:13614,13615,65536
PRGV:13617,13615,65536
PRGV:13617,13618,65536
PRGV:13620,13618,65536
PRGV:13620,13621,65536
PRGV:13623,13621,65536
PRGV:13623,13624,65536
PRGV:13627,13624,65536
PRGV:13627,13628,65536
PRGV:13630,13628,65536
PRGV:13630,13631,65536
PRGV:13634,13631,65536
PRGV:13634,13634,65536
PRGV:13637,13634,65536
PRGV:13637,13638,65536
PRGV:13640,13638,65536
PRGV:13640,13641,65536
PRGV:13644,13641,65536
PRGV:13644,13644,65536
PRGV:13647,13644,65536
PRGV:13647,13648,65536
PRGV:13650,13648,65536
PRGV:13650,13651,65536
PRGV:13653,13651,65536
PRGV:13653,13654,65536
PRGV:13657,13654,65536
PRGV:13657,13657,65536
PRGV:13660,13657,65536
PRGV:13660,13661,65536
PRGV:13664,13661,65536
PRGV:13664,13665,65536
PRGV:13667,13665,65536
PRGV:13667,13668,65536
PRGV:13671,13668,65536
PRGV:13671,13671,65536
PRGV:13674,13671,65536
PRGV:13674,13675,65536
PRGV:13677,13675,65536
PRGV:13677,13677,65536
PRGV:13680,13677,65536
PRGV:13680,13681,65536
PRGV:13684,13681,65536
PRGV:13684,13684,65536
PRGV:13687,13684,65536
PRGV:13687,13688,65536
PRGV:13690,13688,65536
PRGV:13690,13691,65536
PRGV:13694,13691,65536
PRGV:13694,13694,65536
PRGV:13697,13694,65536
PRGV:13697,13698,65536
PRGV:13701,13698,65536
PRGV:13701,13702,65536
PRGV:14951,13702,65536
PRGV:14951,14952,65536
PRGV:14955,14952,65536
PRGV:14955,14955,65536
PRGV:14958,14955,65536
PRGV:14958,14959,65536
PRGV:14962,14959,65536
PRGV:14962,14962,65536
PRGV:14965,14962,65536
PRGV:14965,14966,65536
PRGV:14969,14966,65536
PRGV:14969,14970,65536
PRGV:14972,14970,65536
PRGV:14972,14973,65536
PRGV:14975,14973,65536
PRGV:14975,14976,65536
PRGV:14979,14976,65536
PRGV:14979,14979,65536
PRGV:14982,14979,65536
PRGV:14982,14983,65536
PRGV:14985,14983,65536
PRGV:14985,14986,65536
PRGV:14989,14986,65536
PRGV:14989,14990,65536
PRGV:14993,14990,65536
PRGV:14993,14993,65536
PRGV:14996,14993,65536
PRGV:14996,14997,65536
PRGV:15000,14997,65536
PRGV:15000,15000,65536
PRGV:15003,15000,65536
PRGV:15003,15004,65536
PRGV:15006,15004,65536
PRGV:15006,15006,65536
PRGV:15010,15006,65536
PRGV:15010,15010,65536
PRGV:15013,15010,65536
PRGV:15013,15014,65536
PRGV:15016,15014,65536
PRGV:15016,15017,65536
PRGV:15020,15017,65536
PRGV:15020,15021,65536
PRGV:15023,15021,65536
PRGV:15023,15024,65536
PRGV:15027,15024,65536
PRGV:15027,15028,65536
PRGV:15031,15028,65536
PRGV:15031,15031,65536
PRGV:15034,15031,65536
PRGV:15034,15035,65536
PRGV:15038,15035,65536
PRGV:15038,15038,65536
PRGV:15040,15038,65536
PRGV:15040,15041,65536
PRGV:15044,15041,65536
PRGV:15044,15044,65536
PRGV:15048,15044,65536
PRGV:15048,15048,65536
PRGV:15051,15048,65536
PRGV:15051,15052,65536
PRGV:15054,15052,65536
PRGV:15054,15055,65536
PRGV:15058,15055,65536
PRGV:15058,15059,65536
PRGV:15061,15059,65536
PRGV:15061,15062,65536
PRGV:15065,15062,65536
PRGV:15065,15066,65536
PRGV:15069,15066,65536
PRGV:15069,15069,65536
PRGV:15071,15069,65536
PRGV:15071,15072,65536
PRGV:15075,15072,65536
PRGV:15075,15076,65536
PRGV:15078,15076,65536
PRGV:15078,15079,65536
PRGV:15082,15079,65536
PRGV:15082,15082,65536
PRGV:15086,15082,65536
PRGV:15086,15086,65536
PRGV:15089,15086,65536
PRGV:15089,15090,65536
PRGV:15093,15090,65536
PRGV:15093,15093,65536
PRGV:15096,15093,65536
PRGV:15096,15097,65536
PRGV:15099,15097,65536
PRGV:15099,15100,65536
PRGV:15103,15100,65536
PRGV:15103,15104,65536
PRGV:15107,15104,65536
PRGV:15107,15107,65536
PRGV:15110,15107,65536
PRGV:15110,15111,65536
PRGV:15113,15111,65536
PRGV:15113,15114,65536
PRGV:15116,15114,65536
PRGV:15116,15117,65536
PRGV:15120,15117,65536
PRGV:15120,15120,65536
PRGV:15124,15120,65536
PRGV:15124,15124,65536
PRGV:15127,15124,65536
PRGV:15127,15128,65536
PRGV:15131,15128,65536
PRGV:15131,15131,65536
PRGV:15134,15131,65536
PRGV:15134,15135,65536
PRGV:15137,15135,65536
PRGV:15137,15138,65536
PRGV:15141,15138,65536
PRGV:15141,15142,65536
PRGV:15144,15142,65536
PRGV:15144,15145,65536
PRGV:15147,15145,65536
PRGV:15147,15148,65536
PRGV:15151,15148,65536
PRGV:15151,15152,65536
PRGV:15154,15152,65536
PRGV:15154,15155,65536
PRGV:15158,15155,65536
PRGV:15158,15159,65536
PRGV:15162,15159,65536
PRGV:15162,15162,65536
PRGV:15165,15162,65536
PRGV:15165,15166,65536
PRGV:15169,15166,65536
PRGV:15169,15169,65536
PRGV:15172,15169,65536
PRGV:15172,15173,65536
PRGV:15176,15173,65536
PRGV:15176,15177,65536
PRGV:15179,15177,65536
PRGV:15179,15179,65536
PRGV:15182,15179,65536
PRGV:15182,15183,65536
PRGV:15186,15183,65536
PRGV:15186,15187,65536
PRGV:15189,15187,65536
PRGV:15189,15190,65536
PRGV:15193,15190,65536
PRGV:15193,15194,65536
PRGV:15196,15194,65536
PRGV:15196,15197,65536
PRGV:15200,15197,65536
PRGV:15200,15200,65536
PRGV:15204,15200,65536
PRGV:15204,15204,65536
PRGV:15206,15204,65536
PRGV:15206,15207,65536
PRGV:15210,15207,65536
PRGV:15210,15210,65536
PRGV:15213,15210,65536
PRGV:15213,15214,65536
PRGV:15217,15214,65536
PRGV:15217,15217,65536
PRGV:15221,15217,65536
PRGV:15221,15221,65536
PRGV:15224,15221,65536
PRGV:15224,15225,65536
PRGV:15227,15225,65536
PRGV:15227,15228,65536
PRGV:15231,15228,65536
PRGV:15231,15231,65536
PRGV:15234,15231,65536
PRGV:15234,15234,65536
PRGV:15238,15234,65536
PRGV:15238,15238,65536
PRGV:15241,15238,65536
PRGV:15241,15242,65536
PRGV:15244,15242,65536
PRGV:15244,15245,65536
PRGV:15248,15245,65536
PRGV:15248,15249,65536
PRGV:15251,15249,65536
PRGV:15251,15252,65536
PRGV:15255,15252,65536
PRGV:15255,15256,65536
PRGV:15259,15256,65536
PRGV:15259,15259,65536
PRGV:15262,15259,65536
PRGV:15262,15263,65536
PRGV:15266,15263,65536
PRGV:15266,15266,65536
PRGV:15269,15266,65536
PRGV:15269,15269,65536
PRGV:15269,15270,65536
PRGV:15272,15270,65536
PRGV:15272,15272,65536
PRGV:15276,15272,65536
PRGV:15276,15276,65536
PRGV:15279,15276,65536
PRGV:15279,15280,65536
PRGV:15282,15280,65536
PRGV:15282,15283,65536
PRGV:15286,15283,65536
PRGV:15286,15287,65536
PRGV:15289,15287,65536
PRGV:15289,15290,65536
PRGV:15293,15290,65536
PRGV:15293,15294,65536
PRGV:15297,15294,65536
PRGV:15297,15297,65536
PRGV:15300,15297,65536
PRGV:15300,15301,65536
PRGV:15304,15301,65536
PRGV:15304,15304,65536
PRGV:15307,15304,65536
PRGV:15307,15307,65536
PRGV:15310,15307,65536
PRGV:15310,15311,65536
PRGV:15314,15311,65536
PRGV:15314,15314,65536
PRGV:15317,15314,65536
PRGV:15317,15318,65536
PRGV:15321,15318,65536
PRGV:15321,15322,65536
PRGV:15324,15322,65536
PRGV:15324,15325,65536
PRGV:15328,15325,65536
PRGV:15328,15329,65536
PRGV:15331,15329,65536
PRGV:15331,15331,65536
PRGV:15334,15331,65536
PRGV:15334,15335,65536
PRGV:15338,15335,65536
PRGV:15338,15339,65536
PRGV:15341,15339,65536
PRGV:15341,15342,65536
PRGV:15345,15342,65536
PRGV:15345,15346,65536
PRGV:15348,15346,65536
PRGV:15348,15349,65536
PRGV:15352,15349,65536
PRGV:15352,15353,65536
PRGV:15356,15353,65536
PRGV:15356,15356,65536
PRGV:15359,15356,65536
PRGV:15359,15360,65536
PRGV:15363,15360,65536
PRGV:15363,15363,65536
PRGV:15365,15363,65536
PRGV:15365,15366,65536
PRGV:15369,15366,65536
PRGV:15369,15369,65536
PRGV:15373,15369,65536
PRGV:15373,15373,65536
PRGV:15376,15373,65536
PRGV:15376,15377,65536
PRGV:15380,15377,65536
PRGV:15380,15380,65536
PRGV:15383,15380,65536
PRGV:15383,15384,65536
PRGV:15387,15384,65536
PRGV:15387,15388,65536
PRGV:15390,15388,65536
PRGV:15390,15391,65536
PRGV:15393,15391,65536
PRGV:15393,15394,65536
PRGV:15397,15394,65536
PRGV:15397,15398,65536
PRGV:15400,15398,65536
PRGV:15400,15401,65536
PRGV:15404,15401,65536
PRGV:15404,15405,65536
PRGV:15407,15405,65536
PRGV:15407,15408,65536
PRGV:15411,15408,65536
PRGV:15411,15412,65536
PRGV:15414,15412,65536
PRGV:15414,15415,65536
PRGV:15418,15415,65536
PRGV:15418,15419,65536
PRGV:15422,15419,65536
PRGV:15422,15422,65536
PRGV:15424,15422,65536
PRGV:15424,15425,65536
PRGV:15428,15425,65536
PRGV:15428,15429,65536
PRGV:15432,15429,65536
PRGV:15432,15432,65536
PRGV:15435,15432,65536
PRGV:15435,15436,65536
PRGV:15439,15436,65536
PRGV:15439,15439,65536
PRGV:15442,15439,65536
PRGV:15442,15443,65536
PRGV:15446,15443,65536
PRGV:15446,15447,65536
PRGV:15449,15447,65536
PRGV:15449,15450,65536
PRGV:15453,15450,65536
PRGV:15453,15454,65536
PRGV:15456,15454,65536
PRGV:15456,15456,65536
PRGV:15459,15456,65536
PRGV:15459,15460,65536
PRGV:15463,15460,65536
PRGV:15463,15464,65536
PRGV:15466,15464,65536
PRGV:15466,15467,65536
PRGV:15470,15467,65536
PRGV:15470,15471,65536
PRGV:15473,15471,65536
PRGV:15473,15474,65536
PRGV:15477,15474,65536
PRGV:15477,15478,65536
PRGV:15481,15478,65536
PRGV:15481,15481,65536
PRGV:15484,15481,65536
PRGV:15484,15485,65536
PRGV:15487,15485,65536
PRGV:15487,15488,65536
PRGV:15491,15488,65536
PRGV:15491,15491,65536
PRGV:15494,15491,65536
PRGV:15494,15495,65536
PRGV:15498,15495,65536
PRGV:15498,15498,65536
PRGV:15502,15498,65536
PRGV:15502,15502,65536
PRGV:15505,15502,65536
PRGV:15505,15505,65536
PRGV:15508,15505,65536
PRGV:15508,15509,65536
PRGV:15512,15509,65536
PRGV:15512,15513,65536
PRGV:15515,15513,65536
PRGV:15515,15516,65536
PRGV:15519,15516,65536
PRGV:15519,15519,65536
PRGV:15522,15519,65536
PRGV:15522,15523,65536
PRGV:15526,15523,65536
PRGV:15526,15526,65536
PRGV:15529,15526,65536
PRGV:15529,15530,65536
PRGV:15532,15530,65536
PRGV:15532,15533,65536
PRGV:15536,15533,65536
PRGV:15536,15537,65536
PRGV:15540,15537,65536
PRGV:15540,15540,65536
PRGV:15543,15540,65536
PRGV:15543,15544,65536
PRGV:15547,15544,65536
PRGV:15547,15547,65536
PRGV:15551,15547,65536
PRGV:15551,15551,65536
PRGV:15553,15551,65536
PRGV:15553,15554,65536
PRGV:15557,15554,65536
PRGV:15557,15557,65536
PRGV:15560,15557,65536
PRGV:15560,15561,65536
PRGV:16182,15561,65536
PRGV:16182,16182,65536
PRGV:16185,16182,65536
PRGV:16185,16186,65536
PRGV:16189,16186,65536
PRGV:16189,16190,65536
PRGV:16192,16190,65536
PRGV:16192,16192,65536
PRGV:16196,16192,65536
PRGV:16196,16196,65536
PRGV:16199,16196,65536
PRGV:16199,16200,65536
PRGV:16203,16200,65536
PRGV:16203,16203,65536
PRGV:16206,16203,65536
PRGV:16206,16207,65536
PRGV:16210,16207,65536
PRGV:16210,16211,65536
PRGV:16214,16211,65536
PRGV:16214,16214,65536
PRGV:16217,16214,65536
PRGV:16217,16217,65536
PRGV:16220,16217,65536
PRGV:16220,16221,65536
PRGV:16224,16221,65536
PRGV:16224,16224,65536
PRGV:16228,16224,65536
PRGV:16228,16228,65536
PRGV:16231,16228,65536
PRGV:16231,16231,65536
PRGV:16235,16231,65536
PRGV:16235,16235,65536
PRGV:16238,16235,65536
PRGV:16238,16239,65536
PRGV:16242,16239,65536
PRGV:16242,16242,65536
PRGV:16245,16242,65536
PRGV:16245,16245,65536
PRGV:16245,16246,65536
PRGV:16248,16246,65536
PRGV:16248,16249,65536
PRGV:16252,16249,65536
PRGV:16252,16252,65536
PRGV:16256,16252,65536
PRGV:16256,16256,65536
PRGV:16259,16256,65536
PRGV:16259,16260,65536
PRGV:16263,16260,65536
PRGV:16263,16263,65536
PRGV:16267,16263,65536
PRGV:16267,16267,65536
PRGV:16270,16267,65536
PRGV:16270,16271,65536
PRGV:16274,16271,65536
PRGV:16274,16274,65536
PRGV:16277,16274,65536
PRGV:16277,16277,65536
PRGV:16277,16278,65536
PRGV:16280,16278,65536
PRGV:16280,16281,65536
PRGV:16284,16281,65536
PRGV:16284,16284,65536
PRGV:16288,16284,65536
PRGV:16288,16288,65536
PRGV:16291,16288,65536
PRGV:16291,16291,65536
PRGV:16295,16291,65536
PRGV:16295,16295,65536
PRGV:16298,16295,65536
PRGV:16298,16299,65536
PRGV:16302,16299,65536
PRGV:16302,16303,65536
PRGV:16306,16303,65536
PRGV:16306,16306,65536
PRGV:16309,16306,65536
PRGV:16309,16309,65536
PRGV:16312,16309,65536
PRGV:16312,16313,65536
PRGV:16316,16313,65536
PRGV:16316,16316,65536
PRGV:16320,16316,65536
PRGV:16320,16320,65536
PRGV:16323,16320,65536
PRGV:16323,16323,65536
PRGV:16327,16323,65536
PRGV:16327,16327,65536
PRGV:16330,16327,65536
PRGV:16330,16331,65536
PRGV:16334,16331,65536
PRGV:16334,16334,65536
PRGV:16337,16334,65536
PRGV:16337,16338,65536
PRGV:16341,16338,65536
PRGV:16341,16342,65536
PRGV:16344,16342,65536
PRGV:16344,16344,65536
PRGV:16344,16345,65536
PRGV:16348,16345,65536
PRGV:16348,16348,65536
PRGV:16351,16348,65536
PRGV:16351,16352,65536
PRGV:16355,16352,65536
PRGV:16355,16355,65536
PRGV:16359,16355,65536
PRGV:16359,16359,65536
PRGV:16362,16359,65536
PRGV:16362,16363,65536
PRGV:16366,16363,65536
PRGV:16366,16366,65536
PRGV:16369,16366,65536
PRGV:16369,16370,65536
PRGV:16373,16370,65536
PRGV:16373,16374,65536
PRGV:16376,16374,65536
PRGV:16376,16377,65536
PRGV:16380,16377,65536
PRGV:16380,16380,65536
PRGV:16383,16380,65536
PRGV:16383,16383,65536
PRGV:16387,16383,65536
PRGV:16387,16387,65536
PRGV:16390,16387,65536
PRGV:16390,16391,65536
PRGV:16394,16391,65536
PRGV:16394,16394,65536
PRGV:16398,16394,65536
PRGV:16398,16398,65536
PRGV:16401,16398,65536
PRGV:16401,16402,65536
PRGV:16405,16402,65536
PRGV:16405,16406,65536
PRGV:16408,16406,65536
PRGV:16408,16408,65536
PRGV:16412,16408,65536
PRGV:16412,16412,65536
PRGV:16415,16412,65536
PRGV:16415,16415,65536
PRGV:16419,16415,65536
PRGV:16419,16419,65536
PRGV:16422,16419,65536
PRGV:16422,16423,65536
PRGV:16426,16423,65536
PRGV:16426,16426,65536
PRGV:16430,16426,65536
PRGV:16430,16430,65536
PRGV:16433,16430,65536
PRGV:16433,16434,65536
PRGV:16436,16434,65536
PRGV:16436,16437,65536
PRGV:16440,16437,65536
PRGV:16440,16440,65536
PRGV:16443,16440,65536
PRGV:16443,16444,65536
PRGV:16447,16444,65536
PRGV:16447,16448,65536
PRGV:16451,16448,65536
PRGV:16451,16451,65536
PRGV:16454,16451,65536
PRGV:16454,16455,65536
PRGV:16458,16455,65536
PRGV:16458,16458,65536
PRGV:16461,16458,65536
PRGV:16461,16462,65536
PRGV:16464,16462,65536
PRGV:16464,16465,65536
PRGV:16468,16465,65536
PRGV:16468,16469,65536
PRGV:16472,16469,65536
PRGV:16472,16472,65536
PRGV:16475,16472,65536
PRGV:16475,16476,65536
PRGV:16479,16476,65536
PRGV:16479,16480,65536
PRGV:16483,16480,65536
PRGV:16483,16483,65536
PRGV:16486,16483,65536
PRGV:16486,16487,65536
PRGV:16490,16487,65536
PRGV:16490,16490,65536
PRGV:16493,16490,65536
PRGV:16493,16494,65536
PRGV:16496,16494,65536
PRGV:16496,16497,65536
PRGV:16500,16497,65536
PRGV:16500,16501,65536
PRGV:16504,16501,65536
PRGV:16504,16504,65536
PRGV:16507,16504,65536
PRGV:16507,16508,65536
PRGV:16511,16508,65536
PRGV:16511,16512,65536
PRGV:16515,16512,65536
PRGV:16515,16515,65536
PRGV:16518,16515,65536
PRGV:16518,16519,65536
PRGV:16522,16519,65536
PRGV:16522,16523,65536
PRGV:16525,16523,65536
PRGV:16525,16526,65536
PRGV:16526,16526,65536
PRGV:16528,16526,65536
PRGV:16528,16529,65536
PRGV:16532,16529,65536
PRGV:16532,16533,65536
PRGV:16536,16533,65536
PRGV:16536,16537,65536
PRGV:16539,16537,65536
PRGV:16539,16540,65536
PRGV:16543,16540,65536
PRGV:16543,16544,65536
PRGV:16547,16544,65536
PRGV:16547,16548,65536
PRGV:16550,16548,65536
PRGV:16550,16551,65536
PRGV:16554,16551,65536
PRGV:16554,16554,65536
PRGV:16557,16554,65536
PRGV:16557,16558,65536
PRGV:16561,16558,65536
PRGV:16561,16561,65536
PRGV:16564,16561,65536
PRGV:16564,16565,65536
PRGV:16568,16565,65536
PRGV:16568,16569,65536
PRGV:16572,16569,65536
PRGV:16572,16572,65536
PRGV:16575,16572,65536
PRGV:16575,16576,65536
PRGV:16579,16576,65536
PRGV:16579,16580,65536
PRGV:16582,16580,65536
PRGV:16582,16582,65536
PRGV:16586,16582,65536
PRGV:16586,16586,65536
PRGV:16589,16586,65536
PRGV:16589,16590,65536
PRGV:16593,16590,65536
PRGV:16593,16593,65536
PRGV:16597,16593,65536
PRGV:16597,16597,65536
PRGV:16600,16597,65536
PRGV:16600,16601,65536
PRGV:16604,16601,65536
PRGV:16604,16604,65536
PRGV:16608,16604,65536
PRGV:16608,16608,65536
PRGV:16610,16608,65536
PRGV:16610,16611,65536
PRGV:16614,16611,65536
PRGV:16614,16615,65536
PRGV:16618,16615,65536
PRGV:16618,16618,65536
PRGV:16621,16618,65536
PRGV:16621,16622,65536
PRGV:16625,16622,65536
PRGV:16625,16626,65536
PRGV:16629,16626,65536
PRGV:16629,16629,65536
PRGV:16632,16629,65536
PRGV:16632,16632,65536
PRGV:16632,16633,65536
PRGV:16636,16633,65536
PRGV:16636,16636,65536
PRGV:16639,16636,65536
PRGV:16639,16640,65536
PRGV:16643,16640,65536
PRGV:16643,16643,65536
PRGV:16647,16643,65536
PRGV:16647,16647,65536
PRGV:16650,16647,65536
PRGV:16650,16651,65536
PRGV:16654,16651,65536
PRGV:16654,16654,65536
PRGV:16657,16654,65536
PRGV:16657,16657,65536
PRGV:16660,16657,65536
PRGV:16660,16661,65536
PRGV:16664,16661,65536
PRGV:16664,16664,65536
PRGV:16668,16664,65536
PRGV:16668,16668,65536
PRGV:16672,16668,65536
PRGV:16672,16672,65536
PRGV:16675,16672,65536
PRGV:16675,16675,65536
PRGV:16679,16675,65536
PRGV:16679,16679,65536
PRGV:16683,16679,65536
PRGV:16683,16683,65536
PRGV:16686,16683,65536
PRGV:16686,16686,65536
PRGV:16689,16686,65536
PRGV:16689,16689,65536
PRGV:16692,16689,65536
PRGV:16692,16693,65536
PRGV:16696,16693,65536
PRGV:16696,16697,65536
PRGV:16700,16697,65536
PRGV:16700,16701,65536
PRGV:16703,16701,65536
PRGV:16703,16704,65536
PRGV:16707,16704,65536
PRGV:16707,16708,65536
PRGV:16711,16708,65536
PRGV:16711,16711,65536
PRGV:16714,16711,65536
PRGV:16714,16715,65536
PRGV:16718,16715,65536
PRGV:16718,16719,65536
PRGV:16721,16719,65536
PRGV:16721,16722,65536
PRGV:16724,16722,65536
PRGV:16724,16725,65536
PRGV:16728,16725,65536
PRGV:16728,16729,65536
PRGV:16732,16729,65536
PRGV:16732,16733,65536
PRGV:16735,16733,65536
PRGV:16735,16736,65536
PRGV:16739,16736,65536
PRGV:16739,16740,65536
PRGV:16743,16740,65536
PRGV:16743,16744,65536
PRGV:16746,16744,65536
PRGV:16746,16747,65536
PRGV:16750,16747,65536
PRGV:16750,16751,65536
PRGV:16753,16751,65536
PRGV:16753,16754,65536
PRGV:16757,16754,65536
PRGV:16757,16757,65536
PRGV:16760,16757,65536
PRGV:16760,16761,65536
PRGV:16764,16761,65536
PRGV:16764,16765,65536
PRGV:16768,16765,65536
PRGV:16768,16769,65536
PRGV:16771,16769,65536
PRGV:16771,16772,65536
PRGV:16775,16772,65536
PRGV:16775,16776,65536
PRGV:16779,16776,65536
PRGV:16779,16780,65536
PRGV:16782,16780,65536
PRGV:16782,16783,65536
PRGV:16786,16783,65536
PRGV:16786,16786,65536
PRGV:16789,16786,65536
PRGV:16789,16789,65536
PRGV:16793,16789,65536
PRGV:16793,16793,65536
PRGV:16797,16793,65536
PRGV:16797,16797,65536
PRGV:16800,16797,65536
PRGV:16800,16800,65536
PRGV:16804,16800,65536
PRGV:16804,16804,65536
PRGV:17298,16804,65536
PRGV:17298,17299,65536
PRGV:17302,17299,65536
PRGV:17302,17303,65536
PRGV:17306,17303,65536
PRGV:17306,17306,65536
PRGV:17309,17306,65536
PRGV:17309,17310,65536
PRGV:17313,17310,65536
PRGV:17313,17313,65536
PRGV:17313,17314,65536
PRGV:17316,17314,65536
PRGV:17316,17317,65536
PRGV:17320,17317,65536
PRGV:17320,17320,65536
PRGV:17323,17320,65536
PRGV:17323,17324,65536
PRGV:17327,17324,65536
PRGV:17327,17328,65536
PRGV:17331,17328,65536
PRGV:17331,17331,65536
PRGV:17335,17331,65536
PRGV:17335,17335,65536
PRGV:17338,17335,65536
PRGV:17338,17339,65536
PRGV:17342,17339,65536
PRGV:17342,17342,65536
PRGV:17345,17342,65536
PRGV:17345,17345,65536
PRGV:17348,17345,65536
PRGV:17348,17349,65536
PRGV:17352,17349,65536
PRGV:17352,17353,65536
PRGV:17356,17353,65536
PRGV:17356,17357,65536
PRGV:17360,17357,65536
PRGV:17360,17360,65536
PRGV:17363,17360,65536
PRGV:17363,17364,65536
PRGV:17367,17364,65536
PRGV:17367,17368,65536
PRGV:17371,17368,65536
PRGV:17371,17371,65536
PRGV:17374,17371,65536
PRGV:17374,17375,65536
PRGV:17378,17375,65536
PRGV:17378,17378,65536
PRGV:17381,17378,65536
PRGV:17381,17382,65536
PRGV:17385,17382,65536
PRGV:17385,17385,65536
PRGV:17389,17385,65536
PRGV:17389,17389,65536
PRGV:17393,17389,65536
PRGV:17393,17393,65536
PRGV:17396,17393,65536
PRGV:17396,17397,65536
PRGV:17400,17397,65536
PRGV:17400,17400,65536
PRGV:17403,17400,65536
PRGV:17403,17404,65536
PRGV:17406,17404,65536
PRGV:17406,17407,65536
PRGV:17410,17407,65536
PRGV:17410,17411,65536
PRGV:17414,17411,65536
PRGV:17414,17415,65536
PRGV:17418,17415,65536
PRGV:17418,17418,65536
PRGV:17421,17418,65536
PRGV:17421,17422,65536
PRGV:17425,17422,65536
PRGV:17425,17426,65536
PRGV:17429,17426,65536
PRGV:17429,17429,65536
PRGV:17432,17429,65536
PRGV:17432,17432,65536
PRGV:17436,17432,65536
PRGV:17436,17436,65536
PRGV:17439,17436,65536
PRGV:17439,17440,65536
PRGV:17443,17440,65536
PRGV:17443,17444,65536
PRGV:17447,17444,65536
PRGV:17447,17447,65536
PRGV:17450,17447,65536
PRGV:17450,17451,65536
PRGV:17454,17451,65536
PRGV:17454,17455,65536
PRGV:17458,17455,65536
PRGV:17458,17458,65536
PRGV:17458,17459,65536
PRGV:17461,17459,65536
PRGV:17461,17461,65536
PRGV:17465,17461,65536
PRGV:17465,17465,65536
PRGV:17469,17465,65536
PRGV:17469,17469,65536
PRGV:17472,17469,65536
PRGV:17472,17472,65536
PRGV:17476,17472,65536
PRGV:17476,17476,65536
PRGV:17480,17476,65536
PRGV:17480,17480,65536
PRGV:17483,17480,65536
PRGV:17483,17484,65536
PRGV:17487,17484,65536
PRGV:17487,17487,65536
PRGV:17490,17487,65536
PRGV:17490,17491,65536
PRGV:17494,17491,65536
PRGV:17494,17494,65536
PRGV:17497,17494,65536
PRGV:17497,17498,65536
PRGV:17501,17498,65536
PRGV:17501,17502,65536
PRGV:17505,17502,65536
PRGV:17505,17505,65536
PRGV:17509,17505,65536
PRGV:17509,17509,65536
PRGV:17512,17509,65536
PRGV:17512,17513,65536
PRGV:17516,17513,65536
PRGV:17516,17517,65536
PRGV:17519,17517,65536
PRGV:17519,17520,65536
PRGV:17520,17520,65536
PRGV:17523,17520,65536
PRGV:17523,17523,65536
PRGV:17526,17523,65536
PRGV:17526,17527,65536
PRGV:17530,17527,65536
PRGV:17530,17530,65536
PRGV:17534,17530,65536
PRGV:17534,17534,65536
PRGV:17537,17534,65536
PRGV:17537,17538,65536
PRGV:17541,17538,65536
PRGV:17541,17542,65536
PRGV:17545,17542,65536
PRGV:17545,17545,65536
PRGV:17548,17545,65536
PRGV:17548,17549,65536
PRGV:17552,17549,65536
PRGV:17552,17553,65536
PRGV:17556,17553,65536
PRGV:17556,17556,65536
PRGV:17559,17556,65536
PRGV:17559,17559,65536
PRGV:17563,17559,65536
PRGV:17563,17563,65536
PRGV:17567,17563,65536
PRGV:17567,17567,65536
PRGV:17570,17567,65536
PRGV:17570,17571,65536
PRGV:17574,17571,65536
PRGV:17574,17574,65536
PRGV:17577,17574,65536
PRGV:17577,17578,65536
PRGV:17581,17578,65536
PRGV:17581,17582,65536
PRGV:17585,17582,65536
PRGV:17585,17585,65536
PRGV:17589,17585,65536
PRGV:17589,17589,65536
PRGV:17592,17589,65536
PRGV:17592,17593,65536
PRGV:17596,17593,65536
PRGV:17596,17596,65536
PRGV:17599,17596,65536
PRGV:17599,17599,65536
PRGV:17602,17599,65536
PRGV:17602,17603,65536
PRGV:17606,17603,65536
PRGV:17606,17607,65536
PRGV:17610,17607,65536
PRGV:17610,17611,65536
PRGV:17614,17611,65536
PRGV:17614,17615,65536
PRGV:17617,17615,65536
PRGV:17617,17618,65536
PRGV:17621,17618,65536
PRGV:17621,17622,65536
PRGV:17624,17622,65536
PRGV:17624,17625,65536
PRGV:17628,17625,65536
PRGV:17628,17629,65536
PRGV:17632,17629,65536
PRGV:17632,17632,65536
PRGV:17635,17632,65536
PRGV:17635,17636,65536
PRGV:17639,17636,65536
PRGV:17639,17640,65536
PRGV:17643,17640,65536
PRGV:17643,17644,65536
PRGV:17646,17644,65536
PRGV:17646,17647,65536
PRGV:17650,17647,65536
PRGV:17650,17651,65536
PRGV:17654,17651,65536
PRGV:17654,17655,65536
PRGV:17657,17655,65536
PRGV:17657,17658,65536
PRGV:17661,17658,65536
PRGV:17661,17661,65536
PRGV:17665,17661,65536
PRGV:17665,17665,65536
PRGV:17669,17665,65536
PRGV:17669,17669,65536
PRGV:17672,17669,65536
PRGV:17672,17672,65536
PRGV:17676,17672,65536
PRGV:17676,17676,65536
PRGV:17680,17676,65536
PRGV:17680,17680,65536
PRGV:17682,17680,65536
PRGV:17682,17683,65536
PRGV:17686,17683,65536
PRGV:17686,17687,65536
PRGV:17690,17687,65536
PRGV:17690,17691,65536
PRGV:17694,17691,65536
PRGV:17694,17694,65536
PRGV:17698,17694,65536
PRGV:17698,17698,65536
PRGV:17701,17698,65536
PRGV:17701,17702,65536
PRGV:17705,17702,65536
PRGV:17705,17705,65536
PRGV:17708,17705,65536
PRGV:17708,17709,65536
PRGV:17711,17709,65536
PRGV:17711,17712,65536
PRGV:17715,17712,65536
PRGV:17715,17716,65536
PRGV:17719,17716,65536
PRGV:17719,17720,65536
PRGV:17723,17720,65536
PRGV:17723,17724,65536
PRGV:17727,17724,65536
PRGV:17727,17727,65536
PRGV:17731,17727,65536
PRGV:17731,17731,65536
PRGV:17734,17731,65536
PRGV:17734,17734,65536
PRGV:17737,17734,65536
PRGV:17737,17738,65536
PRGV:17741,17738,65536
PRGV:17741,17742,65536
PRGV:17745,17742,65536
PRGV:17745,17745,65536
PRGV:17748,17745,65536
PRGV:17748,17749,65536
PRGV:17752,17749,65536
PRGV:17752,17753,65536
PRGV:17756,17753,65536
PRGV:17756,17757,65536
PRGV:17760,17757,65536
PRGV:17760,17761,65536
PRGV:17763,17761,65536
PRGV:17763,17764,65536
PRGV:17767,17764,65536
PRGV:17767,17768,65536
PRGV:17770,17768,65536
PRGV:17770,17771,65536
PRGV:17774,17771,65536
PRGV:17774,17774,65536
PRGV:17778,17774,65536
PRGV:17778,17778,65536
PRGV:17781,17778,65536
PRGV:17781,17782,65536
PRGV:17785,17782,65536
PRGV:17785,17786,65536
PRGV:17789,17786,65536
PRGV:17789,17790,65536
PRGV:17792,17790,65536
PRGV:17792,17793,65536
PRGV:17796,17793,65536
PRGV:17796,17796,65536
PRGV:17800,17796,65536
PRGV:17800,17800,65536
PRGV:17803,17800,65536
PRGV:17803,17803,65536
PRGV:17807,17803,65536
PRGV:17807,17807,65536
PRGV:17811,17807,65536
PRGV:17811,17811,65536
PRGV:17815,17811,65536
PRGV:17815,17815,65536
PRGV:17818,17815,65536
PRGV:17818,17819,65536
PRGV:17821,17819,65536
PRGV:17821,17822,65536
PRGV:17825,17822,65536
PRGV:17825,17826,65536
PRGV:17829,17826,65536
PRGV:17829,17829,65536
PRGV:17832,17829,65536
PRGV:17832,17833,65536
PRGV:17836,17833,65536
PRGV:17836,17837,65536
PRGV:17840,17837,65536
PRGV:17840,17840,65536
PRGV:17844,17840,65536
PRGV:17844,17844,65536
PRGV:17848,17844,65536
PRGV:17848,17848,65536
PRGV:17850,17848,65536
PRGV:17850,17851,65536
PRGV:17854,17851,65536
PRGV:17854,17855,65536
PRGV:17858,17855,65536
PRGV:17858,17859,65536
PRGV:17862,17859,65536
PRGV:17862,17862,65536
PRGV:17866,17862,65536
PRGV:17866,17866,65536
PRGV:17869,17866,65536
PRGV:17869,17870,65536
PRGV:17872,17870,65536
PRGV:17872,17873,65536
PRGV:17876,17873,65536
PRGV:17876,17877,65536
PRGV:17880,17877,65536
PRGV:17880,17880,65536
PRGV:17883,17880,65536
PRGV:17883,17884,65536
PRGV:17887,17884,65536
PRGV:17887,17888,65536
PRGV:17891,17888,65536
PRGV:17891,17892,65536
PRGV:17895,17892,65536
PRGV:17895,17895,65536
PRGV:17898,17895,65536
PRGV:17898,17899,65536
PRGV:17902,17899,65536
PRGV:17902,17903,65536
PRGV:17906,17903,65536
PRGV:17906,17906,65536
PRGV:17909,17906,65536
PRGV:17909,17909,65536
PRGV:17913,17909,65536
PRGV:17913,17913,65536
PRGV:17916,17913,65536
PRGV:17916,17917,65536
PRGV:17920,17917,65536
PRGV:17920,17921,65536
PRGV:17924,17921,65536
PRGV:17924,17924,65536
PRGV:17927,17924,65536
PRGV:17927,17928,65536
PRGV:17931,17928,65536
PRGV:17931,17932,65536
PRGV:17935,17932,65536
PRGV:17935,17936,65536
PRGV:18664,17936,65536
PRGV:18664,18664,65536
PRGV:18668,18664,65536
PRGV:18668,18668,65536
PRGV:18672,18668,65536
PRGV:18672,18672,65536
PRGV:18675,18672,65536
PRGV:18675,18676,65536
PRGV:18679,18676,65536
PRGV:18679,18680,65536
PRGV:18683,18680,65536
PRGV:18683,18684,65536
PRGV:18687,18684,65536
PRGV:18687,18688,65536
PRGV:18690,18688,65536
PRGV:18690,18690,65536
PRGV:18694,18690,65536
PRGV:18694,18694,65536
PRGV:18698,18694,65536
PRGV:18698,18698,65536
PRGV:18701,18698,65536
PRGV:18701,18702,65536
PRGV:18705,18702,65536
PRGV:18705,18706,65536
PRGV:18709,18706,65536
PRGV:18709,18709,65536
PRGV:18712,18709,65536
PRGV:18712,18713,65536
PRGV:18716,18713,65536
PRGV:18716,18717,65536
PRGV:18720,18717,65536
PRGV:18720,18721,65536
PRGV:18724,18721,65536
PRGV:18724,18724,65536
PRGV:18728,18724,65536
PRGV:18728,18728,65536
PRGV:18732,18728,65536
PRGV:18732,18732,65536
PRGV:18734,18732,65536
PRGV:18734,18735,65536
PRGV:18738,18735,65536
PRGV:18738,18739,65536
PRGV:18742,18739,65536
PRGV:18742,18743,65536
PRGV:18746,18743,65536
PRGV:18746,18746,65536
PRGV:18750,18746,65536
PRGV:18750,18750,65536
PRGV:18754,18750,65536
PRGV:18754,18754,65536
PRGV:18758,18754,65536
PRGV:18758,18758,65536
PRGV:18761,18758,65536
PRGV:18761,18761,65536
PRGV:18764,18761,65536
PRGV:18764,18765,65536
PRGV:18768,18765,65536
PRGV:18768,18769,65536
PRGV:18772,18769,65536
PRGV:18772,18772,65536
PRGV:18776,18772,65536
PRGV:18776,18776,65536
PRGV:18780,18776,65536
PRGV:18780,18780,65536
PRGV:18783,18780,65536
PRGV:18783,18784,65536
PRGV:18787,18784,65536
PRGV:18787,18788,65536
PRGV:18790,18788,65536
PRGV:18790,18791,65536
PRGV:18794,18791,65536
PRGV:18794,18794,65536
PRGV:18798,18794,65536
PRGV:18798,18798,65536
PRGV:18802,18798,65536
PRGV:18802,18802,65536
PRGV:18805,18802,65536
PRGV:18805,18806,65536
PRGV:18809,18806,65536
PRGV:18809,18810,65536
PRGV:18813,18810,65536
PRGV:18813,18814,65536
PRGV:18817,18814,65536
PRGV:18817,18818,65536
PRGV:18820,18818,65536
PRGV:18820,18820,65536
PRGV:18820,18821,65536
PRGV:18824,18821,65536
PRGV:18824,18824,65536
PRGV:18828,18824,65536
PRGV:18828,18828,65536
PRGV:18831,18828,65536
PRGV:18831,18832,65536
PRGV:18835,18832,65536
PRGV:18835,18836,65536
PRGV:18839,18836,65536
PRGV:18839,18840,65536
PRGV:18843,18840,65536
PRGV:18843,18843,65536
PRGV:18846,18843,65536
PRGV:18846,18847,65536
PRGV:18850,18847,65536
PRGV:18850,18851,65536
PRGV:18854,18851,65536
PRGV:18854,18854,65536
PRGV:18858,18854,65536
PRGV:18858,18858,65536
PRGV:18862,18858,65536
PRGV:18862,18862,65536
PRGV:18866,18862,65536
PRGV:18866,18866,65536
PRGV:18869,18866,65536
PRGV:18869,18870,65536
PRGV:18873,18870,65536
PRGV:18873,18874,65536
PRGV:18876,18874,65536
PRGV:18876,18876,65536
PRGV:18880,18876,65536
PRGV:18880,18880,65536
PRGV:18884,18880,65536
PRGV:18884,18884,65536
PRGV:18888,18884,65536
PRGV:18888,18888,65536
PRGV:18891,18888,65536
PRGV:18891,18892,65536
PRGV:18895,18892,65536
PRGV:18895,18896,65536
PRGV:18899,18896,65536
PRGV:18899,18900,65536
PRGV:18903,18900,65536
PRGV:18903,18903,65536
PRGV:18906,18903,65536
PRGV:18906,18906,65536
PRGV:18906,18907,65536
PRGV:18910,18907,65536
PRGV:18910,18910,65536
PRGV:18913,18910,65536
PRGV:18913,18914,65536
PRGV:18917,18914,65536
PRGV:18917,18918,65536
PRGV:18921,18918,65536
PRGV:18921,18922,65536
PRGV:18925,18922,65536
PRGV:18925,18926,65536
PRGV:18929,18926,65536
PRGV:18929,18929,65536
PRGV:18932,18929,65536
PRGV:18932,18933,65536
PRGV:18937,18933,65536
PRGV:18937,18937,65536
PRGV:18940,18937,65536
PRGV:18940,18940,65536
PRGV:18944,18940,65536
PRGV:18944,18944,65536
PRGV:18948,18944,65536
PRGV:18948,18948,65536
PRGV:18951,18948,65536
PRGV:18951,18952,65536
PRGV:18955,18952,65536
PRGV:18955,18955,65536
PRGV:18959,18955,65536
PRGV:18959,18959,65536
PRGV:18962,18959,65536
PRGV:18962,18963,65536
PRGV:18966,18963,65536
PRGV:18966,18967,65536
PRGV:18970,18967,65536
PRGV:18970,18971,65536
PRGV:18974,18971,65536
PRGV:18974,18975,65536
PRGV:18978,18975,65536
PRGV:18978,18978,65536
PRGV:18981,18978,65536
PRGV:18981,18981,65536
PRGV:18981,18982,65536
PRGV:18984,18982,65536
PRGV:18984,18985,65536
PRGV:18988,18985,65536
PRGV:18988,18989,65536
PRGV:18992,18989,65536
PRGV:18992,18993,65536
PRGV:18996,18993,65536
PRGV:18996,18997,65536
PRGV:19000,18997,65536
PRGV:19000,19000,65536
PRGV:19004,19000,65536
PRGV:19004,19004,65536
PRGV:19008,19004,65536
PRGV:19008,19008,65536
PRGV:19011,19008,65536
PRGV:19011,19012,65536
PRGV:19014,19012,65536
PRGV:19014,19015,65536
PRGV:19018,19015,65536
PRGV:19018,19019,65536
PRGV:19022,19019,65536
PRGV:19022,19022,65536
PRGV:19026,19022,65536
PRGV:19026,19026,65536
PRGV:19030,19026,65536
PRGV:19030,19030,65536
PRGV:19034,19030,65536
PRGV:19034,19034,65536
PRGV:19037,19034,65536
PRGV:19037,19038,65536
PRGV:19041,19038,65536
PRGV:19041,19042,65536
PRGV:19045,19042,65536
PRGV:19045,19045,65536
PRGV:19048,19045,65536
PRGV:19048,19049,65536
PRGV:19052,19049,65536
PRGV:19052,19053,65536
PRGV:19056,19053,65536
PRGV:19056,19057,65536
PRGV:19060,19057,65536
PRGV:19060,19060,65536
PRGV:19064,19060,65536
PRGV:19064,19064,65536
PRGV:19068,19064,65536
PRGV:19068,19068,65536
PRGV:19070,19068,65536
PRGV:19070,19071,65536
PRGV:19074,19071,65536
PRGV:19074,19075,65536
PRGV:19078,19075,65536
PRGV:19078,19079,65536
PRGV:19082,19079,65536
PRGV:19082,19082,65536
PRGV:19086,19082,65536
PRGV:19086,19086,65536
PRGV:19090,19086,65536
PRGV:19090,19090,65536
PRGV:19094,19090,65536
PRGV:19094,19094,65536
PRGV:19097,19094,65536
PRGV:19097,19097,65536
PRGV:19101,19097,65536
PRGV:19101,19101,65536
PRGV:19105,19101,65536
PRGV:19105,19105,65536
PRGV:19108,19105,65536
PRGV:19108,19109,65536
PRGV:19112,19109,65536
PRGV:19112,19113,65536
PRGV:19116,19113,65536
PRGV:19116,19117,65536
PRGV:19120,19117,65536
PRGV:19120,19120,65536
PRGV:19123,19120,65536
PRGV:19123,19123,65536
PRGV:19127,19123,65536
PRGV:19127,19127,65536
PRGV:19130,19127,65536
PRGV:19130,19131,65536
PRGV:19134,19131,65536
PRGV:19134,19135,65536
PRGV:19138,19135,65536
PRGV:19138,19139,65536
PRGV:19142,19139,65536
PRGV:19142,19143,65536
PRGV:19146,19143,65536
PRGV:19146,19146,65536
PRGV:19150,19146,65536
PRGV:19150,19150,65536
PRGV:19153,19150,65536
PRGV:19153,19154,65536
PRGV:19156,19154,65536
PRGV:19156,19157,65536
PRGV:19160,19157,65536
PRGV:19160,19161,65536
PRGV:19164,19161,65536
PRGV:19164,19165,65536
PRGV:19168,19165,65536
PRGV:19168,19168,65536
PRGV:19172,19168,65536
PRGV:19172,19172,65536
PRGV:19176,19172,65536
PRGV:19176,19176,65536
PRGV:19179,19176,65536
PRGV:19179,19180,65536
PRGV:19183,19180,65536
PRGV:19183,19184,65536
PRGV:19187,19184,65536
PRGV:19187,19187,65536
PRGV:19191,19187,65536
PRGV:19191,19191,65536
PRGV:19194,19191,65536
PRGV:19194,19195,65536
PRGV:19198,19195,65536
PRGV:19198,19199,65536
PRGV:19202,19199,65536
PRGV:19202,19203,65536
PRGV:19205,19203,65536
PRGV:19205,19206,65536
PRGV:19209,19206,65536
PRGV:19209,19210,65536
PRGV:19213,19210,65536
PRGV:19213,19214,65536
PRGV:19217,19214,65536
PRGV:19217,19217,65536
PRGV:19221,19217,65536
PRGV:19221,19221,65536
PRGV:19225,19221,65536
PRGV:19225,19225,65536
PRGV:19229,19225,65536
PRGV:19229,19229,65536
PRGV:19232,19229,65536
PRGV:19232,19233,65536
PRGV:19236,19233,65536
PRGV:19236,19237,65536
PRGV:19239,19237,65536
PRGV:19239,19239,65536
PRGV:19243,19239,65536
PRGV:19243,19243,65536
PRGV:19247,19243,65536
PRGV:19247,19247,65536
PRGV:19251,19247,65536
PRGV:19251,19251,65536
PRGV:19254,19251,65536
PRGV:19254,19255,65536
PRGV:19258,19255,65536
PRGV:19258,19259,65536
PRGV:19262,19259,65536
PRGV:19262,19263,65536
PRGV:19266,19263,65536
PRGV:19266,19266,65536
PRGV:19270,19266,65536
PRGV:19270,19270,65536
PRGV:19274,19270,65536
PRGV:19274,19274,65536
PRGV:19277,19274,65536
PRGV:19277,19277,65536
PRGV:19281,19277,65536
PRGV:19281,19281,65536
PRGV:19284,19281,65536
PRGV:19284,19285,65536
PRGV:19288,19285,65536
PRGV:19288,19288,65536
PRGV:19292,19288,65536
PRGV:19292,19292,65536
PRGV:19296,19292,65536
PRGV:19296,19296,65536
PRGV:19300,19296,65536
PRGV:19300,19300,65536
PRGV:19303,19300,65536
PRGV:19303,19304,65536
PRGV:19307,19304,65536
PRGV:19307,19308,65536
PRGV:19311,19308,65536
PRGV:19311,19312,65536
PRGV:19314,19312,65536
PRGV:19314,19315,65536
PRGV:19318,19315,65536
PRGV:19318,19319,65536
PRGV:19322,19319,65536
PRGV:19322,19323,65536
PRGV:19458,19323,65536
PRGV:19458,19459,65536
PRGV:19462,19459,65536
PRGV:19462,19463,65536
PRGV:19466,19463,65536
PRGV:19466,19466,65536
PRGV:19470,19466,65536
PRGV:19470,19470,65536
PRGV:19474,19470,65536
PRGV:19474,19474,65536
PRGV:19477,19474,65536
PRGV:19477,19478,65536
PRGV:19481,19478,65536
PRGV:19481,19482,65536
PRGV:19485,19482,65536
PRGV:19485,19486,65536
PRGV:19489,19486,65536
PRGV:19489,19490,65536
PRGV:19492,19490,65536
PRGV:19492,19492,65536
PRGV:19496,19492,65536
PRGV:19496,19496,65536
PRGV:19500,19496,65536
PRGV:19500,19500,65536
PRGV:19503,19500,65536
PRGV:19503,19504,65536
PRGV:19507,19504,65536
PRGV:19507,19508,65536
PRGV:19511,19508,65536
PRGV:19511,19512,65536
PRGV:19515,19512,65536
PRGV:19515,19515,65536
PRGV:19519,19515,65536
PRGV:19519,19519,65536
PRGV:19522,19519,65536
PRGV:19522,19523,65536
PRGV:19526,19523,65536
PRGV:19526,19526,65536
PRGV:19530,19526,65536
PRGV:19530,19530,65536
PRGV:19534,19530,65536
PRGV:19534,19534,65536
PRGV:19538,19534,65536
PRGV:19538,19538,65536
PRGV:19541,19538,65536
PRGV:19541,19542,65536
PRGV:19545,19542,65536
PRGV:19545,19546,65536
PRGV:19549,19546,65536
PRGV:19549,19550,65536
PRGV:19552,19550,65536
PRGV:19552,19553,65536
PRGV:19553,19553,65536
PRGV:19556,19553,65536
PRGV:19556,19557,65536
PRGV:19560,19557,65536
PRGV:19560,19561,65536
PRGV:19564,19561,65536
PRGV:19564,19564,65536
PRGV:19568,19564,65536
PRGV:19568,19568,65536
PRGV:19572,19568,65536
PRGV:19572,19572,65536
PRGV:19576,19572,65536
PRGV:19576,19576,65536
PRGV:19579,19576,65536
PRGV:19579,19580,65536
PRGV:19583,19580,65536
PRGV:19583,19584,65536
PRGV:19586,19584,65536
PRGV:19586,19586,65536
PRGV:19590,19586,65536
PRGV:19590,19590,65536
PRGV:19594,19590,65536
PRGV:19594,19594,65536
PRGV:19598,19594,65536
PRGV:19598,19599,65536
PRGV:19602,19599,65536
PRGV:19602,19602,65536
PRGV:19606,19602,65536
PRGV:19606,19606,65536
PRGV:19610,19606,65536
PRGV:19610,19610,65536
PRGV:19612,19610,65536
PRGV:19612,19613,65536
PRGV:19616,19613,65536
PRGV:19616,19617,65536
PRGV:19620,19617,65536
PRGV:19620,19621,65536
PRGV:19624,19621,65536
PRGV:19624,19624,65536
PRGV:19628,19624,65536
PRGV:19628,19628,65536
PRGV:19632,19628,65536
PRGV:19632,19632,65536
PRGV:19636,19632,65536
PRGV:19636,19636,65536
PRGV:19639,19636,65536
PRGV:19639,19640,65536
PRGV:19643,19640,65536
PRGV:19643,19644,65536
PRGV:19647,19644,65536
PRGV:19647,19648,65536
PRGV:19651,19648,65536
PRGV:19651,19651,65536
PRGV:19654,19651,65536
PRGV:19654,19655,65536
PRGV:19658,19655,65536
PRGV:19658,19659,65536
PRGV:19662,19659,65536
PRGV:19662,19662,65536
PRGV:19666,19662,65536
PRGV:19666,19666,65536
PRGV:19670,19666,65536
PRGV:19670,19670,65536
PRGV:19674,19670,65536
PRGV:19674,19674,65536
PRGV:19677,19674,65536
PRGV:19677,19678,65536
PRGV:19681,19678,65536
PRGV:19681,19681,65536
PRGV:19685,19681,65536
PRGV:19685,19685,65536
PRGV:19688,19685,65536
PRGV:19688,19689,65536
PRGV:19692,19689,65536
PRGV:19692,19693,65536
PRGV:19696,19693,65536
PRGV:19696,19697,65536
PRGV:19700,19697,65536
PRGV:19700,19701,65536
PRGV:19704,19701,65536
PRGV:19704,19704,65536
PRGV:19708,19704,65536
PRGV:19708,19708,65536
PRGV:19711,19708,65536
PRGV:19711,19712,65536
PRGV:19715,19712,65536
PRGV:19715,19715,65536
PRGV:19719,19715,65536
PRGV:19719,19719,65536
PRGV:19723,19719,65536
PRGV:19723,19723,65536
PRGV:19726,19723,65536
PRGV:19726,19727,65536
PRGV:19730,19727,65536
PRGV:19730,19731,65536
PRGV:19734,19731,65536
PRGV:19734,19735,65536
PRGV:19738,19735,65536
PRGV:19738,19739,65536
PRGV:19741,19739,65536
PRGV:19741,19742,65536
PRGV:19745,19742,65536
PRGV:19745,19746,65536
PRGV:19749,19746,65536
PRGV:19749,19750,65536
PRGV:19753,19750,65536
PRGV:19753,19753,65536
PRGV:19757,19753,65536
PRGV:19757,19757,65536
PRGV:19761,19757,65536
PRGV:19761,19761,65536
PRGV:19764,19761,65536
PRGV:19764,19765,65536
PRGV:19768,19765,65536
PRGV:19768,19769,65536
PRGV:19772,19769,65536
PRGV:19772,19772,65536
PRGV:19775,19772,65536
PRGV:19775,19776,65536
PRGV:19779,19776,65536
PRGV:19779,19780,65536
PRGV:19783,19780,65536
PRGV:19783,19784,65536
PRGV:19787,19784,65536
PRGV:19787,19788,65536
PRGV:19791,19788,65536
PRGV:19791,19791,65536
PRGV:19795,19791,65536
PRGV:19795,19795,65536
PRGV:19799,19795,65536
PRGV:19799,19799,65536
PRGV:19802,19799,65536
PRGV:19802,19802,65536
PRGV:19806,19802,65536
PRGV:19806,19806,65536
PRGV:19810,19806,65536
PRGV:19810,19810,65536
PRGV:19814,19810,65536
PRGV:19814,19814,65536
PRGV:19817,19814,65536
PRGV:19817,19818,65536
PRGV:19821,19818,65536
PRGV:19821,19822,65536
PRGV:19825,19822,65536
PRGV:19825,19826,65536
PRGV:19829,19826,65536
PRGV:19829,19829,65536
PRGV:19832,19829,65536
PRGV:19832,19833,65536
PRGV:19836,19833,65536
PRGV:19836,19837,65536
PRGV:19840,19837,65536
PRGV:19840,19840,65536
PRGV:19844,19840,65536
PRGV:19844,19844,65536
PRGV:19848,19844,65536
PRGV:19848,19849,65536
PRGV:19852,19849,65536
PRGV:19852,19853,65536
PRGV:19855,19853,65536
PRGV:19855,19855,65536
PRGV:19859,19855,65536
PRGV:19859,19859,65536
PRGV:19863,19859,65536
PRGV:19863,19863,65536
PRGV:19867,19863,65536
PRGV:19867,19867,65536
PRGV:19871,19867,65536
PRGV:19871,19871,65536
PRGV:19875,19871,65536
PRGV:19875,19875,65536
PRGV:19879,19875,65536
PRGV:19879,19879,65536
PRGV:19881,19879,65536
PRGV:19881,19882,65536
PRGV:19886,19882,65536
PRGV:19886,19886,65536
PRGV:19890,19886,65536
PRGV:19890,19890,65536
PRGV:19893,19890,65536
PRGV:19893,19894,65536
PRGV:19897,19894,65536
PRGV:19897,19898,65536
PRGV:19901,19898,65536
PRGV:19901,19902,65536
PRGV:19905,19902,65536
PRGV:19905,19905,65536
PRGV:19908,19905,65536
PRGV:19908,19909,65536
PRGV:19912,19909,65536
PRGV:19912,19913,65536
PRGV:19916,19913,65536
PRGV:19916,19916,65536
PRGV:19920,19916,65536
PRGV:19920,19920,65536
PRGV:19924,19920,65536
PRGV:19924,19924,65536
PRGV:19928,19924,65536
PRGV:19928,19928,65536
PRGV:19931,19928,65536
PRGV:19931,19932,65536
PRGV:19935,19932,65536
PRGV:19935,19936,65536
PRGV:19939,19936,65536
PRGV:19939,19939,65536
PRGV:19942,19939,65536
PRGV:19942,19943,65536
PRGV:19946,19943,65536
PRGV:19946,19947,65536
PRGV:19950,19947,65536
PRGV:19950,19951,65536
PRGV:19954,19951,65536
PRGV:19954,19954,65536
PRGV:19958,19954,65536
PRGV:19958,19958,65536
PRGV:19962,19958,65536
PRGV:19962,19962,65536
PRGV:19966,19962,65536
PRGV:19966,19967,65536
PRGV:19969,19967,65536
PRGV:19969,19969,65536
PRGV:19973,19969,65536
PRGV:19973,19973,65536
PRGV:19977,19973,65536
PRGV:19977,19977,65536
PRGV:19980,19977,65536
PRGV:19980,19981,65536
PRGV:19985,19981,65536
PRGV:19985,19985,65536
PRGV:19989,19985,65536
PRGV:19989,19989,65536
PRGV:19993,19989,65536
PRGV:19993,19993,65536
PRGV:19996,19993,65536
PRGV:19996,19997,65536
PRGV:20000,19997,65536
PRGV:20000,20001,65536
PRGV:20003,20001,65536
PRGV:20003,20003,65536
PRGV:20007,20003,65536
PRGV:20007,20007,65536
PRGV:20011,20007,65536
PRGV:20011,20011,65536
PRGV:20015,20011,65536
PRGV:20015,20016,65536
PRGV:20019,20016,65536
PRGV:20019,20019,65536
PRGV:20023,20019,65536
PRGV:20023,20023,65536
PRGV:20027,20023,65536
PRGV:20027,20027,65536
PRGV:20031,20027,65536
PRGV:20031,20031,65536
PRGV:20034,20031,65536
PRGV:20034,20035,65536
PRGV:20038,20035,65536
PRGV:20038,20038,65536
PRGV:20042,20038,65536
PRGV:20042,20042,65536
PRGV:20045,20042,65536
PRGV:20045,20046,65536
PRGV:20049,20046,65536
PRGV:20049,20050,65536
PRGV:20053,20050,65536
PRGV:20053,20054,65536
PRGV:20056,20054,65536
PRGV:20056,20057,65536
PRGV:20057,20057,65536
PRGV:20060,20057,65536
PRGV:20060,20061,65536
PRGV:20064,20061,65536
PRGV:20064,20065,65536
PRGV:20068,20065,65536
PRGV:20068,20068,65536
PRGV:20072,20068,65536
PRGV:20072,20072,65536
PRGV:20076,20072,65536
PRGV:20076,20077,65536
PRGV:20080,20077,65536
PRGV:20080,20081,65536
PRGV:20084,20081,65536
PRGV:20084,20084,65536
PRGV:20088,20084,65536
PRGV:20088,20088,65536
PRGV:20091,20088,65536
PRGV:20091,20092,65536
PRGV:20095,20092,65536
PRGV:20095,20095,65536
PRGV:20099,20095,65536
PRGV:20099,20099,65536
PRGV:20103,20099,65536
PRGV:20103,20103,65536
PRGV:20107,20103,65536
PRGV:20107,20107,65536
PRGV:20110,20107,65536
PRGV:20110,20111,65536
PRGV:20114,20111,65536
PRGV:20114,20114,65536
PRGV:20118,20114,65536
PRGV:20118,20118,65536
PRGV:20121,20118,65536
PRGV:20121,20122,65536
PRGV:20125,20122,65536
PRGV:20125,20126,65536
PRGV:20130,20126,65536
PRGV:20130,20130,65536
PRGV:20134,20130,65536
PRGV:20134,20134,65536
PRGV:20137,20134,65536
PRGV:20137,20138,65536
PRGV:20140,20138,65536
PRGV:20140,20141,65536
PRGV:20145,20141,65536
PRGV:20145,20145,65536
PRGV:20148,20145,65536
PRGV:20148,20149,65536
PRGV:20152,20149,65536
PRGV:20152,20153,65536
PRGV:20156,20153,65536
PRGV:20156,20157,65536
PRGV:20160,20157,65536
PRGV:20160,20160,65536
PRGV:20164,20160,65536
PRGV:20164,20164,65536
PRGV:20168,20164,65536
PRGV:20168,20168,65536
PRGV:20171,20168,65536
PRGV:20171,20171,65536
PRGV:20175,20171,65536
PRGV:20175,20175,65536
PRGV:20179,20175,65536
PRGV:20179,20179,65536
PRGV:20183,20179,65536
PRGV:20183,20183,65536
PRGV:20186,20183,65536
PRGV:20186,20187,65536
PRGV:20190,20187,65536
PRGV:20190,20191,65536
PRGV:20194,20191,65536
PRGV:20194,20195,65536
PRGV:20199,20195,65536
PRGV:20199,20199,65536
PRGV:20201,20199,65536
PRGV:20201,20202,65536
PRGV:20205,20202,65536
PRGV:20205,20206,65536
PRGV:20210,20206,65536
PRGV:20210,20210,65536
PRGV:20213,20210,65536
PRGV:20213,20214,65536
PRGV:20217,20214,65536
PRGV:20217,20218,65536
PRGV:20221,20218,65536
PRGV:20221,20222,65536
PRGV:20224,20222,65536
PRGV:20224,20225,65536
PRGV:20228,20225,65536
PRGV:20228,20229,65536
PRGV:20232,20229,65536
PRGV:20232,20233,65536
PRGV:20237,20233,65536
PRGV:20237,20237,65536
PRGV:20240,20237,65536
PRGV:20240,20241,65536
PRGV:20244,20241,65536
PRGV:20244,20245,65536
PRGV:20248,20245,65536
PRGV:20248,20248,65536
PRGV:20251,20248,65536
PRGV:20251,20252,65536
PRGV:20255,20252,65536
PRGV:20255,20256,65536
PRGV:20259,20256,65536
PRGV:20259,20260,65536
PRGV:20263,20260,65536
PRGV:20263,20263,65536
PRGV:20267,20263,65536
PRGV:20267,20267,65536
PRGV:20271,20267,65536
PRGV:20271,20271,65536
PRGV:20274,20271,65536
PRGV:20274,20274,65536
PRGV:20278,20274,65536
PRGV:20278,20278,65536
PRGV:20282,20278,65536
PRGV:20282,20282,65536
PRGV:20286,20282,65536
PRGV:20286,20287,65536
PRGV:20290,20287,65536
PRGV:20290,20290,65536
PRGV:20294,20290,65536
PRGV:20294,20294,65536
PRGV:20298,20294,65536
PRGV:20298,20298,65536
PRGV:20301,20298,65536
PRGV:20301,20301,65536
PRGV:20305,20301,65536
PRGV:20305,20305,65536
PRGV:20309,20305,65536
PRGV:20309,20309,65536
PRGV:20313,20309,65536
PRGV:20313,20313,65536
PRGV:20316,20313,65536
PRGV:20316,20317,65536
PRGV:20320,20317,65536
PRGV:20320,20321,65536
PRGV:20325,20321,65536
PRGV:20325,20325,65536
PRGV:20329,20325,65536
PRGV:20329,20329,65536
PRGV:20332,20329,65536
PRGV:20332,20333,65536
PRGV:20335,20333,65536
PRGV:20335,20336,65536
PRGV:20340,20336,65536
PRGV:20340,20340,65536
PRGV:20343,20340,65536
PRGV:20343,20344,65536
PRGV:20347,20344,65536
PRGV:20347,20348,65536
PRGV:20351,20348,65536
PRGV:20351,20352,65536
PRGV:20355,20352,65536
PRGV:20355,20355,65536
PRGV:20359,20355,65536
PRGV:20359,20359,65536
PRGV:20363,20359,65536
PRGV:20363,20363,65536
PRGV:20366,20363,65536
PRGV:20366,20366,65536
PRGV:20370,20366,65536
PRGV:20370,20370,65536
PRGV:20374,20370,65536
PRGV:20374,20374,65536
PRGV:20378,20374,65536
PRGV:20378,20378,65536
PRGV:20382,20378,65536
PRGV:20382,20382,65536
PRGV:20386,20382,65536
PRGV:20386,20386,65536
PRGV:20390,20386,65536
PRGV:20390,20390,65536
PRGV:20394,20390,65536
PRGV:20394,20394,65536
PRGV:20397,20394,65536
PRGV:20397,20398,65536
PRGV:20401,20398,65536
PRGV:20401,20401,65536
PRGV:20405,20401,65536
PRGV:20405,20405,65536
PRGV:20408,20405,65536
PRGV:20408,20409,65536
PRGV:20412,20409,65536
PRGV:20412,20413,65536
PRGV:20416,20413,65536
PRGV:20416,20417,65536
PRGV:20420,20417,65536
PRGV:20420,20420,65536
PRGV:20424,20420,65536
PRGV:20424,20424,65536
PRGV:20428,20424,65536
PRGV:20428,20428,65536
PRGV:20432,20428,65536
PRGV:20432,20433,65536
PRGV:20435,20433,65536
PRGV:20435,20435,65536
PRGV:20439,20435,65536
PRGV:20439,20439,65536
PRGV:20443,20439,65536
PRGV:20443,20444,65536
PRGV:20447,20444,65536
PRGV:20447,20447,65536
PRGV:20451,20447,65536
PRGV:20451,20451,65536
PRGV:20455,20451,65536
PRGV:20455,20455,65536
PRGV:20459,20455,65536
PRGV:20459,20459,65536
PRGV:20462,20459,65536
PRGV:20462,20463,65536
PRGV:20466,20463,65536
PRGV:20466,20467,65536
PRGV:20470,20467,65536
PRGV:20470,20470,65536
PRGV:20473,20470,65536
PRGV:20473,20474,65536
PRGV:20477,20474,65536
PRGV:20477,20478,65536
PRGV:20481,20478,65536
PRGV:20481,20482,65536
PRGV:20485,20482,65536
PRGV:20485,20485,65536
PRGV:20489,20485,65536
PRGV:20489,20490,65536
PRGV:20493,20490,65536
PRGV:20493,20494,65536
PRGV:20497,20494,65536
PRGV:20497,20498,65536
PRGV:20500,20498,65536
PRGV:20500,20501,65536
PRGV:20504,20501,65536
PRGV:20504,20505,65536
PRGV:20508,20505,65536
PRGV:20508,20509,65536
PRGV:20512,20509,65536
PRGV:20512,20512,65536
PRGV:20516,20512,65536
PRGV:20516,20516,65536
PRGV:20520,20516,65536
PRGV:20520,20521,65536
PRGV:20524,20521,65536
PRGV:20524,20525,65536
PRGV:20527,20525,65536
PRGV:20527,20527,65536
PRGV:20531,20527,65536
PRGV:20531,20532,65536
PRGV:20535,20532,65536
PRGV:20535,20536,65536
PRGV:20539,20536,65536
PRGV:20539,20539,65536
PRGV:20543,20539,65536
PRGV:20543,20543,65536
PRGV:20547,20543,65536
PRGV:20547,20547,65536
PRGV:20551,20547,65536
PRGV:20551,20551,65536
PRGV:20555,20551,65536
PRGV:20555,20555,65536
PRGV:20558,20555,65536
PRGV:20558,20558,65536
PRGV:20562,20558,65536
PRGV:20562,20562,65536
PRGV:20566,20562,65536
PRGV:20566,20566,65536
PRGV:20570,20566,65536
PRGV:20570,20570,65536
PRGV:20574,20570,65536
PRGV:20574,20574,65536
PRGV:20578,20574,65536
PRGV:20578,20578,65536
PRGV:20581,20578,65536
PRGV:20581,20582,65536
PRGV:20585,20582,65536
PRGV:20585,20586,65536
PRGV:20589,20586,65536
PRGV:20589,20589,65536
PRGV:20592,20589,65536
PRGV:20592,20593,65536
PRGV:20596,20593,65536
PRGV:20596,20597,65536
PRGV:20600,20597,65536
PRGV:20600,20601,65536
PRGV:20604,20601,65536
PRGV:20604,20604,65536
PRGV:20608,20604,65536
PRGV:20608,20609,65536
PRGV:20612,20609,65536
PRGV:20612,20613,65536
PRGV:20616,20613,65536
PRGV:20616,20617,65536
PRGV:20620,20617,65536
PRGV:20620,20620,65536
PRGV:20624,20620,65536
PRGV:20624,20624,65536
PRGV:20627,20624,65536
PRGV:20627,20628,65536
PRGV:20631,20628,65536
PRGV:20631,20631,65536
PRGV:20635,20631,65536
PRGV:20635,20635,65536
PRGV:20639,20635,65536
PRGV:20639,20639,65536
PRGV:20643,20639,65536
PRGV:20643,20643,65536
PRGV:20647,20643,65536
PRGV:20647,20647,65536
PRGV:20651,20647,65536
PRGV:20651,20651,65536
PRGV:20655,20651,65536
PRGV:20655,20655,65536
PRGV:20658,20655,65536
PRGV:20658,20658,65536
PRGV:20662,20658,65536
PRGV:20662,20662,65536
PRGV:20666,20662,65536
PRGV:20666,20666,65536
PRGV:20670,20666,65536
PRGV:20670,20670,65536
PRGV:20673,20670,65536
PRGV:20673,20674,65536
PRGV:20677,20674,65536
PRGV:20677,20678,65536
PRGV:20682,20678,65536
PRGV:20682,20682,65536
PRGV:20685,20682,65536
PRGV:20685,20686,65536
PRGV:20689,20686,65536
PRGV:20689,20690,65536
PRGV:20693,20690,65536
PRGV:20693,20693,65536
PRGV:20697,20693,65536
PRGV:20697,20697,65536
PRGV:20700,20697,65536
PRGV:20700,20701,65536
PRGV:20704,20701,65536
PRGV:20704,20705,65536
PRGV:20708,20705,65536
PRGV:20708,20709,65536
PRGV:20712,20709,65536
PRGV:20712,20713,65536
PRGV:20716,20713,65536
PRGV:20716,20717,65536
PRGV:20720,20717,65536
PRGV:20720,20721,65536
PRGV:20723,20721,65536
PRGV:20723,20724,65536
PRGV:20727,20724,65536
PRGV:20727,20728,65536
PRGV:20731,20728,65536
PRGV:20731,20732,65536
PRGV:20735,20732,65536
PRGV:20735,20735,65536
PRGV:20739,20735,65536
PRGV:20739,20739,65536
PRGV:20743,20739,65536
PRGV:20743,20743,65536
PRGV:20747,20743,65536
PRGV:20747,20748,65536
PRGV:20751,20748,65536
PRGV:20751,20751,65536
PRGV:20755,20751,65536
PRGV:20755,20755,65536
PRGV:20758,20755,65536
PRGV:20758,20759,65536
PRGV:20762,20759,65536
PRGV:20762,20762,65536
PRGV:20766,20762,65536
PRGV:20766,20766,65536
PRGV:20770,20766,65536
PRGV:20770,20770,65536
PRGV:20774,20770,65536
PRGV:20774,20774,65536
PRGV:20777,20774,65536
PRGV:20777,20778,65536
PRGV:20781,20778,65536
PRGV:20781,20782,65536
PRGV:20786,20782,65536
PRGV:20786,20786,65536
PRGV:20790,20786,65536
PRGV:20790,20790,65536
PRGV:20793,20790,65536
PRGV:20793,20794,65536
PRGV:20797,20794,65536
PRGV:20797,20797,65536
PRGV:20801,20797,65536
PRGV:20801,20801,65536
PRGV:20804,20801,65536
PRGV:20804,20805,65536
PRGV:20808,20805,65536
PRGV:20808,20809,65536
PRGV:21471,20809,65536
PRGV:21471,21471,65536
PRGV:21475,21471,65536
PRGV:21475,21475,65536
PRGV:21479,21475,65536
PRGV:21479,21480,65536
PRGV:21483,21480,65536
PRGV:21483,21484,65536
PRGV:21488,21484,65536
PRGV:21488,21488,65536
PRGV:21491,21488,65536
PRGV:21491,21491,65536
PRGV:21495,21491,65536
PRGV:21495,21495,65536
PRGV:21499,21495,65536
PRGV:21499,21499,65536
PRGV:21502,21499,65536
PRGV:21502,21503,65536
PRGV:21507,21503,65536
PRGV:21507,21507,65536
PRGV:21511,21507,65536
PRGV:21511,21511,65536
PRGV:21514,21511,65536
PRGV:21514,21514,65536
PRGV:21518,21514,65536
PRGV:21518,21518,65536
PRGV:21522,21518,65536
PRGV:21522,21523,65536
PRGV:21526,21523,65536
PRGV:21526,21526,65536
PRGV:21530,21526,65536
PRGV:21530,21530,65536
PRGV:21534,21530,65536
PRGV:21534,21534,65536
PRGV:21538,21534,65536
PRGV:21538,21539,65536
PRGV:21542,21539,65536
PRGV:21542,21542,65536
PRGV:21546,21542,65536
PRGV:21546,21546,65536
PRGV:21549,21546,65536
PRGV:21549,21550,65536
PRGV:21553,21550,65536
PRGV:21553,21553,65536
PRGV:21557,21553,65536
PRGV:21557,21558,65536
PRGV:21561,21558,65536
PRGV:21561,21562,65536
PRGV:21565,21562,65536
PRGV:21565,21566,65536
PRGV:21569,21566,65536
PRGV:21569,21569,65536
PRGV:21573,21569,65536
PRGV:21573,21574,65536
PRGV:21577,21574,65536
PRGV:21577,21578,65536
PRGV:21581,21578,65536
PRGV:21581,21581,65536
PRGV:21584,21581,65536
PRGV:21584,21585,65536
PRGV:21588,21585,65536
PRGV:21588,21589,65536
PRGV:21593,21589,65536
PRGV:21593,21593,65536
PRGV:21597,21593,65536
PRGV:21597,21597,65536
PRGV:21600,21597,65536
PRGV:21600,21601,65536
PRGV:21605,21601,65536
PRGV:21605,21605,65536
PRGV:21609,21605,65536
PRGV:21609,21609,65536
PRGV:21612,21609,65536
PRGV:21612,21612,65536
PRGV:21616,21612,65536
PRGV:21616,21616,65536
PRGV:21620,21616,65536
PRGV:21620,21621,65536
PRGV:21624,21621,65536
PRGV:21624,21625,65536
PRGV:21628,21625,65536
PRGV:21628,21628,65536
PRGV:21632,21628,65536
PRGV:21632,21632,65536
PRGV:21636,21632,65536
PRGV:21636,21636,65536
PRGV:21640,21636,65536
PRGV:21640,21640,65536
PRGV:21643,21640,65536
PRGV:21643,21644,65536
PRGV:21647,21644,65536
PRGV:21647,21648,65536
PRGV:21651,21648,65536
PRGV:21651,21652,65536
PRGV:21655,21652,65536
PRGV:21655,21655,65536
PRGV:21659,21655,65536
PRGV:21659,21660,65536
PRGV:21663,21660,65536
PRGV:21663,21664,65536
PRGV:21667,21664,65536
PRGV:21667,21667,65536
PRGV:21671,21667,65536
PRGV:21671,21672,65536
PRGV:21675,21672,65536
PRGV:21675,21676,65536
PRGV:21679,21676,65536
PRGV:21679,21680,65536
PRGV:21683,21680,65536
PRGV:21683,21683,65536
PRGV:21686,21683,65536
PRGV:21686,21687,65536
PRGV:21690,21687,65536
PRGV:21690,21691,65536
PRGV:21695,21691,65536
PRGV:21695,21695,65536
PRGV:21698,21695,65536
PRGV:21698,21699,65536
PRGV:21702,21699,65536
PRGV:21702,21703,65536
PRGV:21706,21703,65536
PRGV:21706,21707,65536
PRGV:21711,21707,65536
PRGV:21711,21711,65536
PRGV:21714,21711,65536
PRGV:21714,21715,65536
PRGV:21718,21715,65536
PRGV:21718,21718,65536
PRGV:21722,21718,65536
PRGV:21722,21722,65536
PRGV:21726,21722,65536
PRGV:21726,21726,65536
PRGV:21730,21726,65536
PRGV:21730,21730,65536
PRGV:21734,21730,65536
PRGV:21734,21734,65536
PRGV:21738,21734,65536
PRGV:21738,21738,65536
PRGV:21742,21738,65536
PRGV:21742,21742,65536
PRGV:21746,21742,65536
PRGV:21746,21746,65536
PRGV:21750,21746,65536
PRGV:21750,21750,65536
PRGV:21754,21750,65536
PRGV:21754,21754,65536
PRGV:21758,21754,65536
PRGV:21758,21758,65536
PRGV:21761,21758,65536
PRGV:21761,21761,65536
PRGV:21765,21761,65536
PRGV:21765,21766,65536
PRGV:21769,21766,65536
PRGV:21769,21769,65536
PRGV:21773,21769,65536
PRGV:21773,21773,65536
PRGV:21777,21773,65536
PRGV:21777,21778,65536
PRGV:21781,21778,65536
PRGV:21781,21781,65536
PRGV:21786,21781,65536
PRGV:21786,21786,65536
PRGV:21788,21786,65536
PRGV:21788,21789,65536
PRGV:21793,21789,65536
PRGV:21793,21793,65536
PRGV:21797,21793,65536
PRGV:21797,21797,65536
PRGV:21800,21797,65536
PRGV:21800,21801,65536
PRGV:21805,21801,65536
PRGV:21805,21805,65536
PRGV:21809,21805,65536
PRGV:21809,21809,65536
PRGV:21813,21809,65536
PRGV:21813,21813,65536
PRGV:21817,21813,65536
PRGV:21817,21817,65536
PRGV:21820,21817,65536
PRGV:21820,21821,65536
PRGV:21824,21821,65536
PRGV:21824,21824,65536
PRGV:21828,21824,65536
PRGV:21828,21828,65536
PRGV:21832,21828,65536
PRGV:21832,21833,65536
PRGV:21836,21833,65536
PRGV:21836,21837,65536
PRGV:21840,21837,65536
PRGV:21840,21840,65536
PRGV:21844,21840,65536
PRGV:21844,21845,65536
PRGV:21848,21845,65536
PRGV:21848,21848,65536
PRGV:21852,21848,65536
PRGV:21852,21852,65536
PRGV:21855,21852,65536
PRGV:21855,21856,65536
PRGV:21859,21856,65536
PRGV:21859,21860,65536
PRGV:21864,21860,65536
PRGV:21864,21864,65536
PRGV:21868,21864,65536
PRGV:21868,21868,65536
PRGV:21871,21868,65536
PRGV:21871,21872,65536
PRGV:21876,21872,65536
PRGV:21876,21876,65536
PRGV:21880,21876,65536
PRGV:21880,21880,65536
PRGV:21883,21880,65536
PRGV:21883,21883,65536
PRGV:21887,21883,65536
PRGV:21887,21887,65536
PRGV:21891,21887,65536
PRGV:21891,21891,65536
PRGV:21895,21891,65536
PRGV:21895,21896,65536
PRGV:21899,21896,65536
PRGV:21899,21899,65536
PRGV:21903,21899,65536
PRGV:21903,21903,65536
PRGV:21907,21903,65536
PRGV:21907,21908,65536
PRGV:21911,21908,65536
PRGV:21911,21911,65536
PRGV:21915,21911,65536
PRGV:21915,21915,65536
PRGV:21918,21915,65536
PRGV:21918,21919,65536
PRGV:21922,21919,65536
PRGV:21922,21923,65536
PRGV:21927,21923,65536
PRGV:21927,21927,65536
PRGV:21930,21927,65536
PRGV:21930,21931,65536
PRGV:21934,21931,65536
PRGV:21934,21935,65536
PRGV:21939,21935,65536
PRGV:21939,21939,65536
PRGV:21943,21939,65536
PRGV:21943,21943,65536
PRGV:21946,21943,65536
PRGV:21946,21947,65536
PRGV:21950,21947,65536
PRGV:21950,21951,65536
PRGV:21955,21951,65536
PRGV:21955,21955,65536
PRGV:21958,21955,65536
PRGV:21958,21958,65536
PRGV:21962,21958,65536
PRGV:21962,21962,65536
PRGV:21966,21962,65536
PRGV:21966,21966,65536
PRGV:21969,21966,65536
PRGV:21969,21970,65536
PRGV:21974,21970,65536
PRGV:21974,21974,65536
PRGV:21978,21974,65536
PRGV:21978,21978,65536
PRGV:21982,21978,65536
PRGV:21982,21982,65536
PRGV:21986,21982,65536
PRGV:21986,21986,65536
PRGV:21990,21986,65536
PRGV:21990,21990,65536
PRGV:21993,21990,65536
PRGV:21993,21994,65536
PRGV:21994,21994,65536
PRGV:21997,21994,65536
PRGV:21997,21997,65536
PRGV:22001,21997,65536
PRGV:22001,22002,65536
PRGV:22005,22002,65536
PRGV:22005,22006,65536
PRGV:22009,22006,65536
PRGV:22009,22010,65536
PRGV:22014,22010,65536
PRGV:22014,22014,65536
PRGV:22017,22014,65536
PRGV:22017,22018,65536
PRGV:22021,22018,65536
PRGV:22021,22022,65536
PRGV:22025,22022,65536
PRGV:22025,22026,65536
PRGV:22030,22026,65536
PRGV:22030,22030,65536
PRGV:22033,22030,65536
PRGV:22033,22033,65536
PRGV:22037,22033,65536
PRGV:22037,22037,65536
PRGV:22041,22037,65536
PRGV:22041,22041,65536
PRGV:22044,22041,65536
PRGV:22044,22045,65536
PRGV:22049,22045,65536
PRGV:22049,22049,65536
PRGV:22053,22049,65536
PRGV:22053,22053,65536
PRGV:22057,22053,65536
PRGV:22057,22057,65536
PRGV:22061,22057,65536
PRGV:22061,22061,65536
PRGV:22065,22061,65536
PRGV:22065,22065,65536
PRGV:22069,22065,65536
PRGV:22069,22069,65536
PRGV:22073,22069,65536
PRGV:22073,22073,65536
PRGV:22077,22073,65536
PRGV:22077,22077,65536
PRGV:22081,22077,65536
PRGV:22081,22081,65536
PRGV:22084,22081,65536
PRGV:22084,22084,65536
PRGV:22088,22084,65536
PRGV:22088,22088,65536
PRGV:22092,22088,65536
PRGV:22092,22093,65536
PRGV:22096,22093,65536
PRGV:22096,22097,65536
PRGV:22100,22097,65536
PRGV:22100,22100,65536
PRGV:22104,22100,65536
PRGV:22104,22105,65536
PRGV:22108,22105,65536
PRGV:22108,22109,65536
PRGV:22112,22109,65536
PRGV:22112,22113,65536
PRGV:22115,22113,65536
PRGV:22115,22116,65536
PRGV:22120,22116,65536
PRGV:22120,22120,65536
PRGV:22124,22120,65536
PRGV:22124,22124,65536
PRGV:22128,22124,65536
PRGV:22128,22128,65536
PRGV:22132,22128,65536
PRGV:22132,22132,65536
PRGV:22136,22132,65536
PRGV:22136,22136,65536
PRGV:22140,22136,65536
PRGV:22140,22140,65536
PRGV:22144,22140,65536
PRGV:22144,22144,65536
PRGV:22148,22144,65536
PRGV:22148,22148,65536
PRGV:22152,22148,65536
PRGV:22152,22152,65536
PRGV:22155,22152,65536
PRGV:22155,22156,65536
PRGV:22159,22156,65536
PRGV:22159,22159,65536
PRGV:22163,22159,65536
PRGV:22163,22164,65536
PRGV:22167,22164,65536
PRGV:22167,22168,65536
PRGV:22172,22168,65536
PRGV:22172,22172,65536
PRGV:22176,22172,65536
PRGV:22176,22176,65536
PRGV:22179,22176,65536
PRGV:22179,22179,65536
PRGV:22183,22179,65536
PRGV:22183,22183,65536
PRGV:22187,22183,65536
PRGV:22187,22187,65536
PRGV:22191,22187,65536
PRGV:22191,22191,65536
PRGV:22195,22191,65536
PRGV:22195,22196,65536
PRGV:22199,22196,65536
PRGV:22199,22200,65536
PRGV:22203,22200,65536
PRGV:22203,22203,65536
PRGV:22206,22203,65536
PRGV:22206,22207,65536
PRGV:22211,22207,65536
PRGV:22211,22211,65536
PRGV:22215,22211,65536
PRGV:22215,22215,65536
PRGV:22219,22215,65536
PRGV:22219,22219,65536
PRGV:22223,22219,65536
PRGV:22223,22223,65536
PRGV:22227,22223,65536
PRGV:22227,22227,65536
PRGV:22231,22227,65536
PRGV:22231,22232,65536
PRGV:22234,22232,65536
PRGV:22234,22235,65536
PRGV:22238,22235,65536
PRGV:22238,22239,65536
PRGV:22242,22239,65536
PRGV:22242,22243,65536
PRGV:22247,22243,65536
PRGV:22247,22247,65536
PRGV:22250,22247,65536
PRGV:22250,22251,65536
PRGV:22254,22251,65536
PRGV:22254,22255,65536
PRGV:22259,22255,65536
PRGV:22259,22259,65536
PRGV:22263,22259,65536
PRGV:22263,22263,65536
PRGV:22267,22263,65536
PRGV:22267,22267,65536
PRGV:22270,22267,65536
PRGV:22270,22270,65536
PRGV:22274,22270,65536
PRGV:22274,22274,65536
PRGV:22278,22274,65536
PRGV:22278,22278,65536
PRGV:22282,22278,65536
PRGV:22282,22283,65536
PRGV:22286,22283,65536
PRGV:22286,22287,65536
PRGV:22290,22287,65536
PRGV:22290,22290,65536
PRGV:22294,22290,65536
PRGV:22294,22295,65536
PRGV:22298,22295,65536
PRGV:22298,22299,65536
PRGV:22302,22299,65536
PRGV:22302,22302,65536
PRGV:22302,22303,65536
PRGV:22306,22303,65536
PRGV:22306,22306,65536
PRGV:22310,22306,65536
PRGV:22310,22310,65536
PRGV:22314,22310,65536
PRGV:22314,22314,65536
PRGV:22318,22314,65536
PRGV:22318,22318,65536
PRGV:22322,22318,65536
PRGV:22322,22322,65536
PRGV:22326,22322,65536
PRGV:22326,22326,65536
PRGV:22330,22326,65536
PRGV:22330,22330,65536
PRGV:22334,22330,65536
PRGV:22334,22335,65536
PRGV:22337,22335,65536
PRGV:22337,22338,65536
PRGV:22341,22338,65536
PRGV:22341,22342,65536
PRGV:22346,22342,65536
PRGV:22346,22346,65536
PRGV:22350,22346,65536
PRGV:22350,22350,65536
PRGV:22353,22350,65536
PRGV:22353,22354,65536
PRGV:22358,22354,65536
PRGV:22358,22358,65536
PRGV:22362,22358,65536
PRGV:22362,22362,65536
PRGV:22365,22362,65536
PRGV:22365,22365,65536
PRGV:22366,22365,65536
PRGV:22366,22366,65536
PRGV:22369,22366,65536
PRGV:22369,22369,65536
PRGV:22373,22369,65536
PRGV:22373,22374,65536
PRGV:22377,22374,65536
PRGV:22377,22377,65536
PRGV:22382,22377,65536
PRGV:22382,22382,65536
PRGV:22385,22382,65536
PRGV:22385,22386,65536
PRGV:22389,22386,65536
PRGV:22389,22390,65536
PRGV:22394,22390,65536
PRGV:22394,22394,65536
PRGV:22397,22394,65536
PRGV:22397,22397,65536
PRGV:22401,22397,65536
PRGV:22401,22401,65536
PRGV:22405,22401,65536
PRGV:22405,22406,65536
PRGV:22409,22406,65536
PRGV:22409,22409,65536
PRGV:22413,22409,65536
PRGV:22413,22414,65536
PRGV:22417,22414,65536
PRGV:22417,22418,65536
PRGV:22421,22418,65536
PRGV:22421,22422,65536
PRGV:22426,22422,65536
PRGV:22426,22426,65536
PRGV:22429,22426,65536
PRGV:22429,22430,65536
PRGV:22433,22430,65536
PRGV:22433,22433,65536
PRGV:22437,22433,65536
PRGV:22437,22437,65536
PRGV:22441,22437,65536
PRGV:22441,22441,65536
PRGV:22445,22441,65536
PRGV:22445,22445,65536
PRGV:22449,22445,65536
PRGV:22449,22450,65536
PRGV:22453,22450,65536
PRGV:22453,22453,65536
PRGV:22457,22453,65536
PRGV:22457,22457,65536
PRGV:22461,22457,65536
PRGV:22461,22462,65536
PRGV:22465,22462,65536
PRGV:22465,22465,65536
PRGV:22469,22465,65536
PRGV:22469,22469,65536
PRGV:22473,22469,65536
PRGV:22473,22473,65536
PRGV:22477,22473,65536
PRGV:22477,22477,65536
PRGV:22481,22477,65536
PRGV:22481,22481,65536
PRGV:22485,22481,65536
PRGV:22485,22485,65536
PRGV:22489,22485,65536
PRGV:22489,22489,65536
PRGV:22493,22489,65536
PRGV:22493,22493,65536
PRGV:22497,22493,65536
PRGV:22497,22498,65536
PRGV:22501,22498,65536
PRGV:22501,22501,65536
PRGV:22504,22501,65536
PRGV:22504,22505,65536
PRGV:22509,22505,65536
PRGV:22509,22509,65536
PRGV:22513,22509,65536
PRGV:22513,22513,65536
PRGV:22516,22513,65536
PRGV:22516,22517,65536
PRGV:22521,22517,65536
PRGV:22521,22521,65536
PRGV:22525,22521,65536
PRGV:22525,22525,65536
PRGV:22528,22525,65536
PRGV:22528,22528,65536
PRGV:22532,22528,65536
PRGV:22532,22533,65536
PRGV:22536,22533,65536
PRGV:22536,22537,65536
PRGV:22541,22537,65536
PRGV:22541,22541,65536
PRGV:22545,22541,65536
PRGV:22545,22545,65536
PRGV:22549,22545,65536
PRGV:22549,22549,65536
PRGV:22553,22549,65536
PRGV:22553,22553,65536
PRGV:22557,22553,65536
PRGV:22557,22557,65536
PRGV:22561,22557,65536
PRGV:22561,22561,65536
PRGV:22565,22561,65536
PRGV:22565,22565,65536
PRGV:22568,22565,65536
PRGV:22568,22569,65536
PRGV:22572,22569,65536
PRGV:22572,22572,65536
PRGV:22577,22572,65536
PRGV:22577,22577,65536
PRGV:22580,22577,65536
PRGV:22580,22581,65536
PRGV:22584,22581,65536
PRGV:22584,22585,65536
PRGV:22589,22585,65536
PRGV:22589,22589,65536
PRGV:22592,22589,65536
PRGV:22592,22593,65536
PRGV:22597,22593,65536
PRGV:22597,22597,65536
PRGV:22600,22597,65536
PRGV:22600,22601,65536
PRGV:22604,22601,65536
PRGV:22604,22604,65536
PRGV:22608,22604,65536
PRGV:22608,22609,65536
PRGV:22612,22609,65536
PRGV:22612,22613,65536
PRGV:22616,22613,65536
PRGV:22616,22617,65536
PRGV:22621,22617,65536
PRGV:22621,22621,65536
PRGV:22624,22621,65536
PRGV:22624,22625,65536
PRGV:22628,22625,65536
PRGV:22628,22628,65536
PRGV:22632,22628,65536
PRGV:22632,22633,65536
PRGV:22636,22633,65536
PRGV:22636,22636,65536
PRGV:22640,22636,65536
PRGV:22640,22641,65536
PRGV:22644,22641,65536
PRGV:22644,22645,65536
PRGV:22648,22645,65536
PRGV:22648,22648,65536
PRGV:22653,22648,65536
PRGV:22653,22653,65536
PRGV:22656,22653,65536
PRGV:22656,22656,65536
PRGV:22660,22656,65536
PRGV:22660,22660,65536
PRGV:22664,22660,65536
PRGV:22664,22664,65536
PRGV:22668,22664,65536
PRGV:22668,22668,65536
PRGV:22672,22668,65536
PRGV:22672,22672,65536
PRGV:22676,22672,65536
PRGV:22676,22677,65536
PRGV:22680,22677,65536
PRGV:22680,22680,65536
PRGV:22684,22680,65536
PRGV:22684,22685,65536
PRGV:22688,22685,65536
PRGV:22688,22688,65536
PRGV:22692,22688,65536
PRGV:22692,22692,65536
PRGV:22696,22692,65536
PRGV:22696,22696,65536
PRGV:22700,22696,65536
PRGV:22700,22700,65536
PRGV:22704,22700,65536
PRGV:22704,22705,65536
PRGV:22708,22705,65536
PRGV:22708,22709,65536
PRGV:22712,22709,65536
PRGV:22712,22712,65536
PRGV:22715,22712,65536
PRGV:22715,22716,65536
PRGV:22720,22716,65536
PRGV:22720,22720,65536
PRGV:22724,22720,65536
PRGV:22724,22724,65536
PRGV:22728,22724,65536
PRGV:22728,22728,65536
PRGV:22732,22728,65536
PRGV:22732,22732,65536
PRGV:22736,22732,65536
PRGV:22736,22737,65536
PRGV:22740,22737,65536
PRGV:22740,22740,65536
PRGV:22743,22740,65536
PRGV:22743,22744,65536
PRGV:22748,22744,65536
PRGV:22748,22748,65536
PRGV:22752,22748,65536
PRGV:22752,22752,65536
PRGV:22756,22752,65536
PRGV:22756,22756,65536
PRGV:22760,22756,65536
PRGV:22760,22760,65536
PRGV:22764,22760,65536
PRGV:22764,22765,65536
PRGV:22768,22765,65536
PRGV:22768,22768,65536
PRGV:22772,22768,65536
PRGV:22772,22772,65536
PRGV:22775,22772,65536
PRGV:22775,22776,65536
PRGV:22780,22776,65536
PRGV:22780,22780,65536
PRGV:22784,22780,65536
PRGV:22784,22784,65536
PRGV:22788,22784,65536
PRGV:22788,22788,65536
PRGV:22792,22788,65536
PRGV:22792,22792,65536
PRGV:22796,22792,65536
PRGV:22796,22797,65536
PRGV:22799,22797,65536
PRGV:22799,22799,65536
PRGV:22803,22799,65536
PRGV:22803,22804,65536
PRGV:22808,22804,65536
PRGV:22808,22808,65536
PRGV:22812,22808,65536
PRGV:22812,22812,65536
PRGV:22816,22812,65536
PRGV:22816,22816,65536
PRGV:22820,22816,65536
PRGV:22820,22820,65536
PRGV:22824,22820,65536
PRGV:22824,22824,65536
PRGV:22828,22824,65536
PRGV:22828,22828,65536
PRGV:22832,22828,65536
PRGV:22832,22832,65536
PRGV:22835,22832,65536
PRGV:22835,22836,65536
PRGV:22840,22836,65536
PRGV:22840,22840,65536
PRGV:22844,22840,65536
PRGV:22844,22844,65536
PRGV:22848,22844,65536
PRGV:22848,22848,65536
PRGV:22852,22848,65536
PRGV:22852,22852,65536
PRGV:22855,22852,65536
PRGV:22855,22856,65536
PRGV:22860,22856,65536
PRGV:22860,22860,65536
PRGV:22864,22860,65536
PRGV:22864,22864,65536
PRGV:22867,22864,65536
PRGV:22867,22868,65536
PRGV:22872,22868,65536
PRGV:22872,22872,65536
PRGV:22876,22872,65536
PRGV:22876,22876,65536
PRGV:22880,22876,65536
PRGV:22880,22880,65536
PRGV:22884,22880,65536
PRGV:22884,22884,65536
PRGV:22887,22884,65536
PRGV:22887,22888,65536
PRGV:22892,22888,65536
PRGV:22892,22892,65536
PRGV:22895,22892,65536
PRGV:22895,22896,65536
PRGV:22900,22896,65536
PRGV:22900,22900,65536
PRGV:22904,22900,65536
PRGV:22904,22904,65536
PRGV:22908,22904,65536
PRGV:22908,22908,65536
PRGV:22912,22908,65536
PRGV:22912,22912,65536
PRGV:22916,22912,65536
PRGV:22916,22916,65536
PRGV:22919,22916,65536
PRGV:22919,22919,65536
PRGV:22924,22919,65536
PRGV:22924,22924,65536
PRGV:22927,22924,65536
PRGV:22927,22928,65536
PRGV:22932,22928,65536
PRGV:22932,22932,65536
PRGV:22936,22932,65536
PRGV:22936,22936,65536
PRGV:22940,22936,65536
PRGV:22940,22940,65536
PRGV:22944,22940,65536
PRGV:22944,22944,65536
PRGV:22947,22944,65536
PRGV:22947,22948,65536
PRGV:22952,22948,65536
PRGV:22952,22952,65536
PRGV:22955,22952,65536
PRGV:22955,22956,65536
PRGV:22960,22956,65536
PRGV:22960,22960,65536
PRGV:22964,22960,65536
PRGV:22964,22964,65536
PRGV:22968,22964,65536
PRGV:22968,22969,65536
PRGV:22972,22969,65536
PRGV:22972,22972,65536
PRGV:22976,22972,65536
PRGV:22976,22976,65536
PRGV:22979,22976,65536
PRGV:22979,22980,65536
PRGV:22984,22980,65536
PRGV:22984,22984,65536
PRGV:22987,22984,65536
PRGV:22987,22988,65536
PRGV:22992,22988,65536
PRGV:22992,22992,65536
PRGV:22996,22992,65536
PRGV:22996,22996,65536
PRGV:23000,22996,65536
PRGV:23000,23000,65536
PRGV:23004,23000,65536
PRGV:23004,23004,65536
PRGV:23007,23004,65536
PRGV:23007,23008,65536
PRGV:23012,23008,65536
PRGV:23012,23012,65536
PRGV:23016,23012,65536
PRGV:23016,23016,65536
PRGV:23020,23016,65536
PRGV:23020,23020,65536
PRGV:23024,23020,65536
PRGV:23024,23024,65536
PRGV:23028,23024,65536
PRGV:23028,23029,65536
PRGV:23032,23029,65536
PRGV:23032,23032,65536
PRGV:23036,23032,65536
PRGV:23036,23036,65536
PRGV:23040,23036,65536
PRGV:23040,23040,65536
PRGV:23044,23040,65536
PRGV:23044,23044,65536
PRGV:23048,23044,65536
PRGV:23048,23048,65536
PRGV:23052,23048,65536
PRGV:23052,23052,65536
PRGV:23056,23052,65536
PRGV:23056,23057,65536
PRGV:23060,23057,65536
PRGV:23060,23060,65536
PRGV:23063,23060,65536
PRGV:23063,23064,65536
PRGV:23068,23064,65536
PRGV:23068,23068,65536
PRGV:23072,23068,65536
PRGV:23072,23072,65536
PRGV:23076,23072,65536
PRGV:23076,23076,65536
PRGV:23080,23076,65536
PRGV:23080,23080,65536
PRGV:23084,23080,65536
PRGV:23084,23085,65536
PRGV:23088,23085,65536
PRGV:23088,23089,65536
PRGV:23093,23089,65536
PRGV:23093,23093,65536
PRGV:23096,23093,65536
PRGV:23096,23096,65536
PRGV:23100,23096,65536
PRGV:23100,23100,65536
PRGV:23104,23100,65536
PRGV:23104,23104,65536
PRGV:23108,23104,65536
PRGV:23108,23108,65536
PRGV:23112,23108,65536
PRGV:23112,23113,65536
PRGV:23116,23113,65536
PRGV:23116,23117,65536
PRGV:23121,23117,65536
PRGV:23121,23121,65536
PRGV:23124,23121,65536
PRGV:23124,23124,65536
PRGV:23128,23124,65536
PRGV:23128,23128,65536
PRGV:23132,23128,65536
PRGV:23132,23133,65536
PRGV:23136,23133,65536
PRGV:23136,23137,65536
PRGV:23140,23137,65536
PRGV:23140,23140,65536
PRGV:23144,23140,65536
PRGV:23144,23145,65536
PRGV:23148,23145,65536
PRGV:23148,23149,65536
PRGV:23153,23149,65536
PRGV:23153,23153,65536
PRGV:23157,23153,65536
PRGV:23157,23157,65536
PRGV:23160,23157,65536
PRGV:23160,23160,65536
PRGV:23161,23160,65536
PRGV:23161,23161,65536
PRGV:23164,23161,65536
PRGV:23164,23165,65536
PRGV:23168,23165,65536
PRGV:23168,23168,65536
PRGV:23173,23168,65536
PRGV:23173,23173,65536
PRGV:23176,23173,65536
PRGV:23176,23177,65536
PRGV:23181,23177,65536
PRGV:23181,23181,65536
PRGV:23185,23181,65536
PRGV:23185,23185,65536
PRGV:23189,23185,65536
PRGV:23189,23189,65536
PRGV:23193,23189,65536
PRGV:23193,23193,65536
PRGV:23196,23193,65536
PRGV:23196,23197,65536
PRGV:23201,23197,65536
PRGV:23201,23201,65536
PRGV:23204,23201,65536
PRGV:23204,23205,65536
PRGV:23208,23205,65536
PRGV:23208,23209,65536
PRGV:23213,23209,65536
PRGV:23213,23213,65536
PRGV:23217,23213,65536
PRGV:23217,23217,65536
PRGV:23221,23217,65536
PRGV:23221,23221,65536
PRGV:23224,23221,65536
PRGV:23224,23225,65536
PRGV:23229,23225,65536
PRGV:23229,23229,65536
PRGV:23233,23229,65536
PRGV:23233,23233,65536
PRGV:23237,23233,65536
PRGV:23237,23237,65536
PRGV:23241,23237,65536
PRGV:23241,23241,65536
PRGV:23245,23241,65536
PRGV:23245,23246,65536
PRGV:23249,23246,65536
PRGV:23249,23249,65536
PRGV:23254,23249,65536
PRGV:23254,23254,65536
PRGV:23257,23254,65536
PRGV:23257,23257,65536
PRGV:23261,23257,65536
PRGV:23261,23261,65536
PRGV:23265,23261,65536
PRGV:23265,23265,65536
PRGV:23269,23265,65536
PRGV:23269,23269,65536
PRGV:23273,23269,65536
PRGV:23273,23274,65536
PRGV:23277,23274,65536
PRGV:23277,23278,65536
PRGV:23282,23278,65536
PRGV:23282,23282,65536
PRGV:23285,23282,65536
PRGV:23285,23286,65536
PRGV:23289,23286,65536
PRGV:23289,23289,65536
PRGV:23293,23289,65536
PRGV:23293,23293,65536
PRGV:23297,23293,65536
PRGV:23297,23297,65536
PRGV:23301,23297,65536
PRGV:23301,23302,65536
PRGV:23305,23302,65536
PRGV:23305,23306,65536
PRGV:23310,23306,65536
PRGV:23310,23310,65536
PRGV:23314,23310,65536
PRGV:23314,23314,65536
PRGV:23317,23314,65536
PRGV:23317,23317,65536
PRGV:23321,23317,65536
PRGV:23321,23322,65536
PRGV:23325,23322,65536
PRGV:23325,23325,65536
PRGV:23330,23325,65536
PRGV:23330,23330,65536
PRGV:23334,23330,65536
PRGV:23334,23334,65536
PRGV:23338,23334,65536
PRGV:23338,23338,65536
PRGV:23342,23338,65536
PRGV:23342,23343,65536
PRGV:23346,23343,65536
PRGV:23346,23346,65536
PRGV:23349,23346,65536
PRGV:23349,23350,65536
PRGV:23353,23350,65536
PRGV:23353,23354,65536
PRGV:23358,23354,65536
PRGV:23358,23358,65536
PRGV:23362,23358,65536
PRGV:23362,23362,65536
PRGV:23366,23362,65536
PRGV:23366,23366,65536
PRGV:23370,23366,65536
PRGV:23370,23371,65536
PRGV:23374,23371,65536
PRGV:23374,23374,65536
PRGV:23379,23374,65536
PRGV:23379,23379,65536
PRGV:23382,23379,65536
PRGV:23382,23382,65536
PRGV:23386,23382,65536
PRGV:23386,23386,65536
PRGV:23390,23386,65536
PRGV:23390,23390,65536
PRGV:23394,23390,65536
PRGV:23394,23394,65536
PRGV:23398,23394,65536
PRGV:23398,23399,65536
PRGV:23402,23399,65536
PRGV:23402,23403,65536
PRGV:23407,23403,65536
PRGV:23407,23407,65536
PRGV:23410,23407,65536
PRGV:23410,23411,65536
PRGV:23414,23411,65536
PRGV:23414,23414,65536
PRGV:23418,23414,65536
PRGV:23418,23419,65536
PRGV:23422,23419,65536
PRGV:23422,23422,65536
PRGV:23426,23422,65536
PRGV:23426,23427,65536
PRGV:23430,23427,65536
PRGV:23430,23431,65536
PRGV:23435,23431,65536
PRGV:23435,23435,65536
PRGV:23439,23435,65536
PRGV:23439,23439,65536
PRGV:23443,23439,65536
PRGV:23443,23443,65536
PRGV:23446,23443,65536
PRGV:23446,23447,65536
PRGV:23450,23447,65536
PRGV:23450,23450,65536
PRGV:23455,23450,65536
PRGV:23455,23455,65536
PRGV:23458,23455,65536
PRGV:23458,23459,65536
PRGV:23463,23459,65536
PRGV:23463,23463,65536
PRGV:23467,23463,65536
PRGV:23467,23468,65536
PRGV:23471,23468,65536
PRGV:23471,23471,65536
PRGV:23474,23471,65536
PRGV:23474,23475,65536
PRGV:23479,23475,65536
PRGV:23479,23479,65536
PRGV:23483,23479,65536
PRGV:23483,23483,65536
PRGV:23487,23483,65536
PRGV:23487,23487,65536
PRGV:23491,23487,65536
PRGV:23491,23491,65536
PRGV:23495,23491,65536
PRGV:23495,23496,65536
PRGV:23499,23496,65536
PRGV:23499,23499,65536
PRGV:23500,23499,65536
PRGV:23500,23500,65536
PRGV:23503,23500,65536
PRGV:23503,23503,65536
PRGV:23507,23503,65536
PRGV:23507,23507,65536
PRGV:23511,23507,65536
PRGV:23511,23512,65536
PRGV:23515,23512,65536
PRGV:23515,23515,65536
PRGV:23520,23515,65536
PRGV:23520,23520,65536
PRGV:23523,23520,65536
PRGV:23523,23524,65536
PRGV:23527,23524,65536
PRGV:23527,23528,65536
PRGV:23531,23528,65536
PRGV:23531,23531,65536
PRGV:23536,23531,65536
PRGV:23536,23536,65536
PRGV:23539,23536,65536
PRGV:23539,23540,65536
PRGV:23544,23540,65536
PRGV:23544,23544,65536
PRGV:23548,23544,65536
PRGV:23548,23548,65536
PRGV:23552,23548,65536
PRGV:23552,23552,65536
PRGV:23555,23552,65536
PRGV:23555,23556,65536
PRGV:23559,23556,65536
PRGV:23559,23560,65536
PRGV:23564,23560,65536
PRGV:23564,23564,65536
PRGV:23567,23564,65536
PRGV:23567,23568,65536
PRGV:23572,23568,65536
PRGV:23572,23572,65536
PRGV:23576,23572,65536
PRGV:23576,23577,65536
PRGV:25130,23577,65536
PRGV:25130,25130,65536
PRGV:25134,25130,65536
PRGV:25134,25134,65536
PRGV:25138,25134,65536
PRGV:25138,25139,65536
PRGV:25143,25139,65536
PRGV:25143,25143,65536
PRGV:25147,25143,65536
PRGV:25147,25147,65536
PRGV:25151,25147,65536
PRGV:25151,25151,65536
PRGV:25155,25151,65536
PRGV:25155,25155,65536
PRGV:25156,25155,65536
PRGV:25156,25156,65536
PRGV:25159,25156,65536
PRGV:25159,25159,65536
PRGV:25163,25159,65536
PRGV:25163,25163,65536
PRGV:25167,25163,65536
PRGV:25167,25167,65536
PRGV:25172,25167,65536
PRGV:25172,25172,65536
PRGV:25176,25172,65536
PRGV:25176,25176,65536
PRGV:25180,25176,65536
PRGV:25180,25180,65536
PRGV:25184,25180,65536
PRGV:25184,25184,65536
PRGV:25189,25184,65536
PRGV:25189,25189,65536
PRGV:25192,25189,65536
PRGV:25192,25192,65536
PRGV:25196,25192,65536
PRGV:25196,25197,65536
PRGV:25200,25197,65536
PRGV:25200,25200,65536
PRGV:25205,25200,65536
PRGV:25205,25205,65536
PRGV:25209,25205,65536
PRGV:25209,25209,65536
PRGV:25213,25209,65536
PRGV:25213,25213,65536
PRGV:25217,25213,65536
PRGV:25217,25217,65536
PRGV:25222,25217,65536
PRGV:25222,25222,65536
PRGV:25226,25222,65536
PRGV:25226,25226,65536
PRGV:25230,25226,65536
PRGV:25230,25230,65536
PRGV:25233,25230,65536
PRGV:25233,25233,65536
PRGV:25238,25233,65536
PRGV:25238,25238,65536
PRGV:25242,25238,65536
PRGV:25242,25242,65536
PRGV:25246,25242,65536
PRGV:25246,25247,65536
PRGV:25250,25247,65536
PRGV:25250,25251,65536
PRGV:25255,25251,65536
PRGV:25255,25255,65536
PRGV:25259,25255,65536
PRGV:25259,25259,65536
PRGV:25263,25259,65536
PRGV:25263,25263,65536
PRGV:25267,25263,65536
PRGV:25267,25267,65536
PRGV:25271,25267,65536
PRGV:25271,25271,65536
PRGV:25276,25271,65536
PRGV:25276,25276,65536
PRGV:25279,25276,65536
PRGV:25279,25279,65536
PRGV:25283,25279,65536
PRGV:25283,25284,65536
PRGV:25287,25284,65536
PRGV:25287,25287,65536
PRGV:25292,25287,65536
PRGV:25292,25292,65536
PRGV:25296,25292,65536
PRGV:25296,25296,65536
PRGV:25300,25296,65536
PRGV:25300,25301,65536
PRGV:25304,25301,65536
PRGV:25304,25305,65536
PRGV:25309,25305,65536
PRGV:25309,25309,65536
PRGV:25313,25309,65536
PRGV:25313,25313,65536
PRGV:25316,25313,65536
PRGV:25316,25317,65536
PRGV:25321,25317,65536
PRGV:25321,25321,65536
PRGV:25325,25321,65536
PRGV:25325,25325,65536
PRGV:25329,25325,65536
PRGV:25329,25329,65536
PRGV:25333,25329,65536
PRGV:25333,25334,65536
PRGV:25338,25334,65536
PRGV:25338,25338,65536
PRGV:25342,25338,65536
PRGV:25342,25342,65536
PRGV:25346,25342,65536
PRGV:25346,25346,65536
PRGV:25351,25346,65536
PRGV:25351,25351,65536
PRGV:25354,25351,65536
PRGV:25354,25354,65536
PRGV:25358,25354,65536
PRGV:25358,25359,65536
PRGV:25363,25359,65536
PRGV:25363,25363,65536
PRGV:25367,25363,65536
PRGV:25367,25367,65536
PRGV:25371,25367,65536
PRGV:25371,25371,65536
PRGV:25375,25371,65536
PRGV:25375,25376,65536
PRGV:25380,25376,65536
PRGV:25380,25380,65536
PRGV:25383,25380,65536
PRGV:25383,25383,65536
PRGV:25387,25383,65536
PRGV:25387,25388,65536
PRGV:25391,25388,65536
PRGV:25391,25392,65536
PRGV:25396,25392,65536
PRGV:25396,25396,65536
PRGV:25400,25396,65536
PRGV:25400,25400,65536
PRGV:25405,25400,65536
PRGV:25405,25405,65536
PRGV:25408,25405,65536
PRGV:25408,25409,65536
PRGV:25413,25409,65536
PRGV:25413,25413,65536
PRGV:25416,25413,65536
PRGV:25416,25416,65536
PRGV:25421,25416,65536
PRGV:25421,25421,65536
PRGV:25425,25421,65536
PRGV:25425,25425,65536
PRGV:25429,25425,65536
PRGV:25429,25429,65536
PRGV:25433,25429,65536
PRGV:25433,25433,65536
PRGV:25438,25433,65536
PRGV:25438,25438,65536
PRGV:25442,25438,65536
PRGV:25442,25442,65536
PRGV:25446,25442,65536
PRGV:25446,25446,65536
PRGV:25450,25446,65536
PRGV:25450,25450,65536
PRGV:25454,25450,65536
PRGV:25454,25454,65536
PRGV:25458,25454,65536
PRGV:25458,25458,65536
PRGV:25462,25458,65536
PRGV:25462,25463,65536
PRGV:25467,25463,65536
PRGV:25467,25467,65536
PRGV:25471,25467,65536
PRGV:25471,25471,65536
PRGV:25475,25471,65536
PRGV:25475,25475,65536
PRGV:25479,25475,65536
PRGV:25479,25480,65536
PRGV:25484,25480,65536
PRGV:25484,25484,65536
PRGV:25487,25484,65536
PRGV:25487,25487,65536
PRGV:25492,25487,65536
PRGV:25492,25492,65536
PRGV:25495,25492,65536
PRGV:25495,25496,65536
PRGV:25500,25496,65536
PRGV:25500,25500,65536
PRGV:25504,25500,65536
PRGV:25504,25504,65536
PRGV:25509,25504,65536
PRGV:25509,25509,65536
PRGV:25513,25509,65536
PRGV:25513,25513,65536
PRGV:25517,25513,65536
PRGV:25517,25517,65536
PRGV:25521,25517,65536
PRGV:25521,25522,65536
PRGV:25525,25522,65536
PRGV:25525,25525,65536
PRGV:25529,25525,65536
PRGV:25529,25529,65536
PRGV:25533,25529,65536
PRGV:25533,25533,65536
PRGV:25537,25533,65536
PRGV:25537,25538,65536
PRGV:25542,25538,65536
PRGV:25542,25542,65536
PRGV:25546,25542,65536
PRGV:25546,25546,65536
PRGV:25551,25546,65536
PRGV:25551,25551,65536
PRGV:25554,25551,65536
PRGV:25554,25555,65536
PRGV:25558,25555,65536
PRGV:25558,25558,65536
PRGV:25562,25558,65536
PRGV:25562,25562,65536
PRGV:25566,25562,65536
PRGV:25566,25567,65536
PRGV:25571,25567,65536
PRGV:25571,25571,65536
PRGV:25575,25571,65536
PRGV:25575,25576,65536
PRGV:25579,25576,65536
PRGV:25579,25579,65536
PRGV:25584,25579,65536
PRGV:25584,25584,65536
PRGV:25588,25584,65536
PRGV:25588,25588,65536
PRGV:25592,25588,65536
PRGV:25592,25593,65536
PRGV:25596,25593,65536
PRGV:25596,25596,65536
PRGV:25600,25596,65536
PRGV:25600,25600,65536
PRGV:25604,25600,65536
PRGV:25604,25604,65536
PRGV:25608,25604,65536
PRGV:25608,25609,65536
PRGV:25613,25609,65536
PRGV:25613,25613,65536
PRGV:25617,25613,65536
PRGV:25617,25617,65536
PRGV:25622,25617,65536
PRGV:25622,25622,65536
PRGV:25625,25622,65536
PRGV:25625,25626,65536
PRGV:25630,25626,65536
PRGV:25630,25630,65536
PRGV:25633,25630,65536
PRGV:25633,25633,65536
PRGV:25638,25633,65536
PRGV:25638,25638,65536
PRGV:25642,25638,65536
PRGV:25642,25642,65536
PRGV:25646,25642,65536
PRGV:25646,25647,65536
PRGV:25651,25647,65536
PRGV:25651,25651,65536
PRGV:25655,25651,65536
PRGV:25655,25655,65536
PRGV:25658,25655,65536
PRGV:25658,25659,65536
PRGV:25663,25659,65536
PRGV:25663,25663,65536
PRGV:25667,25663,65536
PRGV:25667,25668,65536
PRGV:25671,25668,65536
PRGV:25671,25671,65536
PRGV:25676,25671,65536
PRGV:25676,25676,65536
PRGV:25680,25676,65536
PRGV:25680,25680,65536
PRGV:25683,25680,65536
PRGV:25683,25683,65536
PRGV:25688,25683,65536
PRGV:25688,25688,65536
PRGV:25692,25688,65536
PRGV:25692,25692,65536
PRGV:25696,25692,65536
PRGV:25696,25697,65536
PRGV:25700,25697,65536
PRGV:25700,25701,65536
PRGV:25705,25701,65536
PRGV:25705,25705,65536
PRGV:25709,25705,65536
PRGV:25709,25709,65536
PRGV:25714,25709,65536
PRGV:25714,25714,65536
PRGV:25717,25714,65536
PRGV:25717,25717,65536
PRGV:25721,25717,65536
PRGV:25721,25721,65536
PRGV:25726,25721,65536
PRGV:25726,25726,65536
PRGV:25730,25726,65536
PRGV:25730,25730,65536
PRGV:25734,25730,65536
PRGV:25734,25734,65536
PRGV:25738,25734,65536
PRGV:25738,25739,65536
PRGV:25743,25739,65536
PRGV:25743,25743,65536
PRGV:25746,25743,65536
PRGV:25746,25746,65536
PRGV:25750,25746,65536
PRGV:25750,25751,65536
PRGV:25755,25751,65536
PRGV:25755,25755,65536
PRGV:25759,25755,65536
PRGV:25759,25759,65536
PRGV:25764,25759,65536
PRGV:25764,25764,65536
PRGV:25768,25764,65536
PRGV:25768,25768,65536
PRGV:25772,25768,65536
PRGV:25772,25772,65536
PRGV:25776,25772,65536
PRGV:25776,25777,65536
PRGV:25780,25777,65536
PRGV:25780,25780,65536
PRGV:25784,25780,65536
PRGV:25784,25784,65536
PRGV:25788,25784,65536
PRGV:25788,25789,65536
PRGV:25793,25789,65536
PRGV:25793,25793,65536
PRGV:25797,25793,65536
PRGV:25797,25797,65536
PRGV:25801,25797,65536
PRGV:25801,25801,65536
PRGV:25806,25801,65536
PRGV:25806,25806,65536
PRGV:25810,25806,65536
PRGV:25810,25810,65536
PRGV:25813,25810,65536
PRGV:25813,25813,65536
PRGV:25814,25813,65536
PRGV:25814,25814,65536
PRGV:25818,25814,65536
PRGV:25818,25818,65536
PRGV:25822,25818,65536
PRGV:25822,25822,65536
PRGV:25826,25822,65536
PRGV:25826,25827,65536
PRGV:25830,25827,65536
PRGV:25830,25831,65536
PRGV:25835,25831,65536
PRGV:25835,25835,65536
PRGV:25839,25835,65536
PRGV:25839,25839,65536
PRGV:25844,25839,65536
PRGV:25844,25844,65536
PRGV:25847,25844,65536
PRGV:25847,25847,65536
PRGV:25851,25847,65536
PRGV:25851,25851,65536
PRGV:25856,25851,65536
PRGV:25856,25856,65536
PRGV:25860,25856,65536
PRGV:25860,25860,65536
PRGV:26395,25860,65536
PRGV:26395,26395,65536
PRGV:26399,26395,65536
PRGV:26399,26400,65536
PRGV:26404,26400,65536
PRGV:26404,26404,65536
PRGV:26408,26404,65536
PRGV:26408,26408,65536
PRGV:26413,26408,65536
PRGV:26413,26413,65536
PRGV:26417,26413,65536
PRGV:26417,26417,65536
PRGV:26420,26417,65536
PRGV:26420,26420,65536
PRGV:26425,26420,65536
PRGV:26425,26425,65536
PRGV:26429,26425,65536
PRGV:26429,26429,65536
PRGV:26433,26429,65536
PRGV:26433,26433,65536
PRGV:26437,26433,65536
PRGV:26437,26438,65536
PRGV:26442,26438,65536
PRGV:26442,26442,65536
PRGV:26446,26442,65536
PRGV:26446,26446,65536
PRGV:26451,26446,65536
PRGV:26451,26451,65536
PRGV:26454,26451,65536
PRGV:26454,26454,65536
PRGV:26458,26454,65536
PRGV:26458,26458,65536
PRGV:26463,26458,65536
PRGV:26463,26463,65536
PRGV:26467,26463,65536
PRGV:26467,26467,65536
PRGV:26472,26467,65536
PRGV:26472,26472,65536
PRGV:26476,26472,65536
PRGV:26476,26476,65536
PRGV:26480,26476,65536
PRGV:26480,26481,65536
PRGV:26484,26481,65536
PRGV:26484,26484,65536
PRGV:26488,26484,65536
PRGV:26488,26488,65536
PRGV:26492,26488,65536
PRGV:26492,26493,65536
PRGV:26497,26493,65536
PRGV:26497,26497,65536
PRGV:26501,26497,65536
PRGV:26501,26501,65536
PRGV:26505,26501,65536
PRGV:26505,26505,65536
PRGV:26510,26505,65536
PRGV:26510,26510,65536
PRGV:26514,26510,65536
PRGV:26514,26514,65536
PRGV:26518,26514,65536
PRGV:26518,26518,65536
PRGV:26522,26518,65536
PRGV:26522,26522,65536
PRGV:26526,26522,65536
PRGV:26526,26526,65536
PRGV:26530,26526,65536
PRGV:26530,26531,65536
PRGV:26535,26531,65536
PRGV:26535,26535,65536
PRGV:26539,26535,65536
PRGV:26539,26539,65536
PRGV:26544,26539,65536
PRGV:26544,26544,65536
PRGV:26548,26544,65536
PRGV:26548,26548,65536
PRGV:26552,26548,65536
PRGV:26552,26553,65536
PRGV:26556,26553,65536
PRGV:26556,26556,65536
PRGV:26560,26556,65536
PRGV:26560,26560,65536
PRGV:26564,26560,65536
PRGV:26564,26564,65536
PRGV:26568,26564,65536
PRGV:26568,26569,65536
PRGV:26573,26569,65536
PRGV:26573,26574,65536
PRGV:26578,26574,65536
PRGV:26578,26578,65536
PRGV:26582,26578,65536
PRGV:26582,26582,65536
PRGV:26586,26582,65536
PRGV:26586,26586,65536
PRGV:26590,26586,65536
PRGV:26590,26590,65536
PRGV:26594,26590,65536
PRGV:26594,26595,65536
PRGV:26599,26595,65536
PRGV:26599,26599,65536
PRGV:26603,26599,65536
PRGV:26603,26603,65536
PRGV:26607,26603,65536
PRGV:26607,26607,65536
PRGV:26611,26607,65536
PRGV:26611,26612,65536
PRGV:26615,26612,65536
PRGV:26615,26615,65536
PRGV:26620,26615,65536
PRGV:26620,26620,65536
PRGV:26624,26620,65536
PRGV:26624,26624,65536
PRGV:26629,26624,65536
PRGV:26629,26629,65536
PRGV:26632,26629,65536
PRGV:26632,26633,65536
PRGV:26637,26633,65536
PRGV:26637,26637,65536
PRGV:26641,26637,65536
PRGV:26641,26641,65536
PRGV:26645,26641,65536
PRGV:26645,26645,65536
PRGV:26649,26645,65536
PRGV:26649,26650,65536
PRGV:26654,26650,65536
PRGV:26654,26654,65536
PRGV:26658,26654,65536
PRGV:26658,26658,65536
PRGV:26662,26658,65536
PRGV:26662,26662,65536
PRGV:26667,26662,65536
PRGV:26667,26667,65536
PRGV:26670,26667,65536
PRGV:26670,26671,65536
PRGV:26671,26671,65536
PRGV:26675,26671,65536
PRGV:26675,26675,65536
PRGV:26679,26675,65536
PRGV:26679,26679,65536
PRGV:26683,26679,65536
PRGV:26683,26683,65536
PRGV:26687,26683,65536
PRGV:26687,26688,65536
PRGV:26692,26688,65536
PRGV:26692,26692,65536
PRGV:26696,26692,65536
PRGV:26696,26696,65536
PRGV:26701,26696,65536
PRGV:26701,26701,65536
PRGV:26705,26701,65536
PRGV:26705,26705,65536
PRGV:26709,26705,65536
PRGV:26709,26710,65536
PRGV:26714,26710,65536
PRGV:26714,26714,65536
PRGV:26717,26714,65536
PRGV:26717,26717,65536
PRGV:26722,26717,65536
PRGV:26722,26722,65536
PRGV:26726,26722,65536
PRGV:26726,26726,65536
PRGV:26730,26726,65536
PRGV:26730,26731,65536
PRGV:26735,26731,65536
PRGV:26735,26735,65536
PRGV:26739,26735,65536
PRGV:26739,26739,65536
PRGV:26743,26739,65536
PRGV:26743,26743,65536
PRGV:26747,26743,65536
PRGV:26747,26747,65536
PRGV:26751,26747,65536
PRGV:26751,26752,65536
PRGV:26756,26752,65536
PRGV:26756,26756,65536
PRGV:26760,26756,65536
PRGV:26760,26760,65536
PRGV:26765,26760,65536
PRGV:26765,26765,65536
PRGV:26769,26765,65536
PRGV:26769,26769,65536
PRGV:26772,26769,65536
PRGV:26772,26772,65536
PRGV:26777,26772,65536
PRGV:26777,26777,65536
PRGV:26781,26777,65536
PRGV:26781,26781,65536
PRGV:26785,26781,65536
PRGV:26785,26786,65536
PRGV:26790,26786,65536
PRGV:26790,26790,65536
PRGV:26794,26790,65536
PRGV:26794,26794,65536
PRGV:26798,26794,65536
PRGV:26798,26798,65536
PRGV:26803,26798,65536
PRGV:26803,26803,65536
PRGV:26807,26803,65536
PRGV:26807,26807,65536
PRGV:26811,26807,65536
PRGV:26811,26812,65536
PRGV:26816,26812,65536
PRGV:26816,26816,65536
PRGV:26820,26816,65536
PRGV:26820,26820,65536
PRGV:26825,26820,65536
PRGV:26825,26825,65536
PRGV:26828,26825,65536
PRGV:26828,26828,65536
PRGV:26833,26828,65536
PRGV:26833,26833,65536
PRGV:26837,26833,65536
PRGV:26837,26837,65536
PRGV:26841,26837,65536
PRGV:26841,26841,65536
PRGV:26845,26841,65536
PRGV:26845,26845,65536
PRGV:26849,26845,65536
PRGV:26849,26850,65536
PRGV:26854,26850,65536
PRGV:26854,26854,65536
PRGV:26858,26854,65536
PRGV:26858,26858,65536
PRGV:26863,26858,65536
PRGV:26863,26863,65536
PRGV:26867,26863,65536
PRGV:26867,26867,65536
PRGV:26870,26867,65536
PRGV:26870,26870,65536
PRGV:26871,26870,65536
PRGV:26871,26871,65536
PRGV:26875,26871,65536
PRGV:26875,26875,65536
PRGV:26879,26875,65536
PRGV:26879,26879,65536
PRGV:26884,26879,65536
PRGV:26884,26884,65536
PRGV:26888,26884,65536
PRGV:26888,26888,65536
PRGV:26892,26888,65536
PRGV:26892,26893,65536
PRGV:26897,26893,65536
PRGV:26897,26897,65536
PRGV:26901,26897,65536
PRGV:26901,26901,65536
PRGV:26905,26901,65536
PRGV:26905,26905,65536
PRGV:26909,26905,65536
PRGV:26909,26910,65536
PRGV:26913,26910,65536
PRGV:26913,26913,65536
PRGV:26918,26913,65536
PRGV:26918,26918,65536
PRGV:26922,26918,65536
PRGV:26922,26922,65536
PRGV:26926,26922,65536
PRGV:26926,26926,65536
PRGV:26930,26926,65536
PRGV:26930,26931,65536
PRGV:26935,26931,65536
PRGV:26935,26935,65536
PRGV:26939,26935,65536
PRGV:26939,26939,65536
PRGV:26944,26939,65536
PRGV:26944,26944,65536
PRGV:26947,26944,65536
PRGV:26947,26947,65536
PRGV:26948,26947,65536
PRGV:26948,26948,65536
PRGV:26951,26948,65536
PRGV:26951,26951,65536
PRGV:26956,26951,65536
PRGV:26956,26956,65536
PRGV:26960,26956,65536
PRGV:26960,26960,65536
PRGV:26965,26960,65536
PRGV:26965,26965,65536
PRGV:26969,26965,65536
PRGV:26969,26969,65536
PRGV:26973,26969,65536
PRGV:26973,26974,65536
PRGV:26978,26974,65536
PRGV:26978,26978,65536
PRGV:26982,26978,65536
PRGV:26982,26982,65536
PRGV:26987,26982,65536
PRGV:26987,26987,65536
PRGV:26990,26987,65536
PRGV:26990,26990,65536
PRGV:26994,26990,65536
PRGV:26994,26994,65536
PRGV:26999,26994,65536
PRGV:26999,26999,65536
PRGV:27003,26999,65536
PRGV:27003,27003,65536
PRGV:27007,27003,65536
PRGV:27007,27008,65536
PRGV:27012,27008,65536
PRGV:27012,27012,65536
PRGV:27016,27012,65536
PRGV:27016,27016,65536
PRGV:27020,27016,65536
PRGV:27020,27020,65536
PRGV:27024,27020,65536
PRGV:27024,27024,65536
PRGV:27028,27024,65536
PRGV:27028,27029,65536
PRGV:27033,27029,65536
PRGV:27033,27033,65536
PRGV:27037,27033,65536
PRGV:27037,27037,65536
PRGV:27042,27037,65536
PRGV:27042,27042,65536
PRGV:27046,27042,65536
PRGV:27046,27046,65536
PRGV:27050,27046,65536
PRGV:27050,27050,65536
PRGV:27054,27050,65536
PRGV:27054,27054,65536
PRGV:27059,27054,65536
PRGV:27059,27059,65536
PRGV:27063,27059,65536
PRGV:27063,27063,65536
PRGV:27067,27063,65536
PRGV:27067,27067,65536
PRGV:27071,27067,65536
PRGV:27071,27072,65536
PRGV:27075,27072,65536
PRGV:27075,27075,65536
PRGV:27076,27075,65536
PRGV:27076,27076,65536
PRGV:27080,27076,65536
PRGV:27080,27080,65536
PRGV:27084,27080,65536
PRGV:27084,27084,65536
PRGV:27088,27084,65536
PRGV:27088,27089,65536
PRGV:27093,27089,65536
PRGV:27093,27093,65536
PRGV:27097,27093,65536
PRGV:27097,27097,65536
PRGV:27102,27097,65536
PRGV:27102,27102,65536
PRGV:27106,27102,65536
PRGV:27106,27106,65536
PRGV:27110,27106,65536
PRGV:27110,27111,65536
PRGV:27114,27111,65536
PRGV:27114,27115,65536
PRGV:27118,27115,65536
PRGV:27118,27118,65536
PRGV:27123,27118,65536
PRGV:27123,27123,65536
PRGV:27127,27123,65536
PRGV:27127,27127,65536
PRGV:27131,27127,65536
PRGV:27131,27132,65536
PRGV:27135,27132,65536
PRGV:27135,27135,65536
PRGV:27140,27135,65536
PRGV:27140,27140,65536
PRGV:27144,27140,65536
PRGV:27144,27144,65536
PRGV:27148,27144,65536
PRGV:27148,27149,65536
PRGV:27153,27149,65536
PRGV:27153,27153,65536
PRGV:27157,27153,65536
PRGV:27157,27157,65536
PRGV:27162,27157,65536
PRGV:27162,27162,65536
PRGV:27166,27162,65536
PRGV:27166,27166,65536
PRGV:27169,27166,65536
PRGV:27169,27170,65536
PRGV:27174,27170,65536
PRGV:27174,27174,65536
PRGV:27178,27174,65536
PRGV:27178,27178,65536
PRGV:27183,27178,65536
PRGV:27183,27183,65536
PRGV:27187,27183,65536
PRGV:27187,27187,65536
PRGV:27191,27187,65536
PRGV:27191,27192,65536
PRGV:27196,27192,65536
PRGV:27196,27196,65536
PRGV:27200,27196,65536
PRGV:27200,27200,65536
PRGV:27204,27200,65536
PRGV:27204,27204,65536
PRGV:27208,27204,65536
PRGV:27208,27208,65536
PRGV:27212,27208,65536
PRGV:27212,27213,65536
PRGV:27217,27213,65536
PRGV:27217,27217,65536
PRGV:27221,27217,65536
PRGV:27221,27221,65536
PRGV:27226,27221,65536
PRGV:27226,27226,65536
PRGV:27230,27226,65536
PRGV:27230,27230,65536
PRGV:27234,27230,65536
PRGV:27234,27234,65536
PRGV:27238,27234,65536
PRGV:27238,27238,65536
PRGV:27243,27238,65536
PRGV:27243,27243,65536
PRGV:27247,27243,65536
PRGV:27247,27247,65536
PRGV:27252,27247,65536
PRGV:27252,27252,65536
PRGV:27255,27252,65536
PRGV:27255,27256,65536
PRGV:27260,27256,65536
PRGV:27260,27260,65536
PRGV:27264,27260,65536
PRGV:27264,27264,65536
PRGV:27268,27264,65536
PRGV:27268,27268,65536
PRGV:27272,27268,65536
PRGV:27272,27273,65536
PRGV:27277,27273,65536
PRGV:27277,27277,65536
PRGV:27281,27277,65536
PRGV:27281,27281,65536
PRGV:27286,27281,65536
PRGV:27286,27286,65536
PRGV:27290,27286,65536
PRGV:27290,27290,65536
PRGV:27294,27290,65536
PRGV:27294,27295,65536
PRGV:27298,27295,65536
PRGV:27298,27298,65536
PRGV:27302,27298,65536
PRGV:27302,27302,65536
PRGV:27307,27302,65536
PRGV:27307,27307,65536
PRGV:27311,27307,65536
PRGV:27311,27311,65536
PRGV:27315,27311,65536
PRGV:27315,27316,65536
PRGV:27320,27316,65536
PRGV:27320,27320,65536
PRGV:27324,27320,65536
PRGV:27324,27324,65536
PRGV:27329,27324,65536
PRGV:27329,27329,65536
PRGV:27333,27329,65536
PRGV:27333,27333,65536
PRGV:27337,27333,65536
PRGV:27337,27338,65536
PRGV:27341,27338,65536
PRGV:27341,27341,65536
PRGV:27345,27341,65536
PRGV:27345,27345,65536
PRGV:27350,27345,65536
PRGV:27350,27350,65536
PRGV:27354,27350,65536
PRGV:27354,27354,65536
PRGV:27358,27354,65536
PRGV:27358,27358,65536
PRGV:27363,27358,65536
PRGV:27363,27363,65536
PRGV:27367,27363,65536
PRGV:27367,27367,65536
PRGV:27371,27367,65536
PRGV:27371,27371,65536
PRGV:27375,27371,65536
PRGV:27375,27376,65536
PRGV:27380,27376,65536
PRGV:27380,27380,65536
PRGV:27384,27380,65536
PRGV:27384,27384,65536
PRGV:27389,27384,65536
PRGV:27389,27389,65536
PRGV:27393,27389,65536
PRGV:27393,27393,65536
PRGV:27396,27393,65536
PRGV:27396,27397,65536
PRGV:27401,27397,65536
PRGV:27401,27401,65536
PRGV:27405,27401,65536
PRGV:27405,27405,65536
PRGV:27410,27405,65536
PRGV:27410,27410,65536
PRGV:27414,27410,65536
PRGV:27414,27414,65536
PRGV:27418,27414,65536
PRGV:27418,27419,65536
PRGV:27423,27419,65536
PRGV:27423,27423,65536
PRGV:27427,27423,65536
PRGV:27427,27427,65536
PRGV:27432,27427,65536
PRGV:27432,27432,65536
PRGV:27436,27432,65536
PRGV:27436,27436,65536
PRGV:27439,27436,65536
PRGV:27439,27439,65536
PRGV:27444,27439,65536
PRGV:27444,27444,65536
PRGV:27448,27444,65536
PRGV:27448,27448,65536
PRGV:27453,27448,65536
PRGV:27453,27453,65536
PRGV:27457,27453,65536
PRGV:27457,27457,65536
PRGV:27462,27457,65536
PRGV:27462,27462,65536
PRGV:27466,27462,65536
PRGV:27466,27466,65536
PRGV:27470,27466,65536
PRGV:27470,27470,65536
PRGV:27474,27470,65536
PRGV:27474,27474,65536
PRGV:27478,27474,65536
PRGV:27478,27479,65536
PRGV:27483,27479,65536
PRGV:27483,27483,65536
PRGV:27487,27483,65536
PRGV:27487,27487,65536
PRGV:27491,27487,65536
PRGV:27491,27491,65536
PRGV:27496,27491,65536
PRGV:27496,27496,65536
PRGV:27500,27496,65536
PRGV:27500,27500,65536
PRGV:27504,27500,65536
PRGV:27504,27504,65536
PRGV:27509,27504,65536
PRGV:27509,27509,65536
PRGV:27513,27509,65536
PRGV:27513,27513,65536
PRGV:27518,27513,65536
PRGV:27518,27518,65536
PRGV:27522,27518,65536
PRGV:27522,27522,65536
PRGV:27525,27522,65536
PRGV:27525,27525,65536
PRGV:27530,27525,65536
PRGV:27530,27530,65536
PRGV:27535,27530,65536
PRGV:27535,27535,65536
PRGV:27538,27535,65536
PRGV:27538,27539,65536
PRGV:27543,27539,65536
PRGV:27543,27543,65536
PRGV:27547,27543,65536
PRGV:27547,27547,65536
PRGV:27552,27547,65536
PRGV:27552,27552,65536
PRGV:27556,27552,65536
PRGV:27556,27556,65536
PRGV:27560,27556,65536
PRGV:27560,27560,65536
PRGV:27564,27560,65536
PRGV:27564,27565,65536
PRGV:27569,27565,65536
PRGV:27569,27569,65536
PRGV:27573,27569,65536
PRGV:27573,27573,65536
PRGV:27578,27573,65536
PRGV:27578,27578,65536
PRGV:27582,27578,65536
PRGV:27582,27582,65536
PRGV:27586,27582,65536
PRGV:27586,27587,65536
PRGV:27590,27587,65536
PRGV:27590,27590,65536
PRGV:27594,27590,65536
PRGV:27594,27594,65536
PRGV:27599,27594,65536
PRGV:27599,27599,65536
PRGV:27603,27599,65536
PRGV:27603,27604,65536
PRGV:27608,27604,65536
PRGV:27608,27608,65536
PRGV:27612,27608,65536
PRGV:27612,27612,65536
PRGV:27617,27612,65536
PRGV:27617,27617,65536
PRGV:27620,27617,65536
PRGV:27620,27620,65536
PRGV:27624,27620,65536
PRGV:27624,27625,65536
PRGV:27629,27625,65536
PRGV:27629,27629,65536
PRGV:27633,27629,65536
PRGV:27633,27633,65536
PRGV:27638,27633,65536
PRGV:27638,27638,65536
PRGV:27643,27638,65536
PRGV:27643,27643,65536
PRGV:27647,27643,65536
PRGV:27647,27647,65536
PRGV:27651,27647,65536
PRGV:27651,27652,65536
PRGV:27655,27652,65536
PRGV:27655,27655,65536
PRGV:27659,27655,65536
PRGV:27659,27659,65536
PRGV:27664,27659,65536
PRGV:27664,27664,65536
PRGV:27668,27664,65536
PRGV:27668,27668,65536
PRGV:27672,27668,65536
PRGV:27672,27672,65536
PRGV:27677,27672,65536
PRGV:27677,27677,65536
PRGV:27681,27677,65536
PRGV:27681,27681,65536
PRGV:27685,27681,65536
PRGV:27685,27685,65536
PRGV:27689,27685,65536
PRGV:27689,27690,65536
PRGV:27694,27690,65536
PRGV:27694,27694,65536
PRGV:27698,27694,65536
PRGV:27698,27698,65536
PRGV:27703,27698,65536
PRGV:27703,27703,65536
PRGV:27707,27703,65536
PRGV:27707,27707,65536
PRGV:27711,27707,65536
PRGV:27711,27712,65536
PRGV:27716,27712,65536
PRGV:27716,27716,65536
PRGV:27720,27716,65536
PRGV:27720,27720,65536
PRGV:27724,27720,65536
PRGV:27724,27724,65536
PRGV:27728,27724,65536
PRGV:27728,27728,65536
PRGV:27732,27728,65536
PRGV:27732,27733,65536
PRGV:27737,27733,65536
PRGV:27737,27737,65536
PRGV:27741,27737,65536
PRGV:27741,27741,65536
PRGV:27746,27741,65536
PRGV:27746,27746,65536
PRGV:27750,27746,65536
PRGV:27750,27750,65536
PRGV:27754,27750,65536
PRGV:27754,27754,65536
PRGV:27758,27754,65536
PRGV:27758,27758,65536
PRGV:27763,27758,65536
PRGV:27763,27763,65536
PRGV:27767,27763,65536
PRGV:27767,27767,65536
PRGV:27771,27767,65536
PRGV:27771,27772,65536
PRGV:27776,27772,65536
PRGV:27776,27776,65536
PRGV:27780,27776,65536
PRGV:27780,27780,65536
PRGV:27785,27780,65536
PRGV:27785,27785,65536
PRGV:27789,27785,65536
PRGV:27789,27789,65536
PRGV:27792,27789,65536
PRGV:27792,27793,65536
PRGV:27797,27793,65536
PRGV:27797,27797,65536
PRGV:27801,27797,65536
PRGV:27801,27801,65536
PRGV:27806,27801,65536
PRGV:27806,27806,65536
PRGV:27811,27806,65536
PRGV:27811,27811,65536
PRGV:27815,27811,65536
PRGV:27815,27815,65536
PRGV:27819,27815,65536
PRGV:27819,27820,65536
PRGV:27823,27820,65536
PRGV:27823,27823,65536
PRGV:27827,27823,65536
PRGV:27827,27827,65536
PRGV:27832,27827,65536
PRGV:27832,27832,65536
PRGV:27836,27832,65536
PRGV:27836,27836,65536
PRGV:27840,27836,65536
PRGV:27840,27840,65536
PRGV:27845,27840,65536
PRGV:27845,27845,65536
PRGV:27849,27845,65536
PRGV:27849,27849,65536
PRGV:27854,27849,65536
PRGV:27854,27854,65536
PRGV:27857,27854,65536
PRGV:27857,27858,65536
PRGV:27862,27858,65536
PRGV:27862,27862,65536
PRGV:27866,27862,65536
PRGV:27866,27866,65536
PRGV:27871,27866,65536
PRGV:27871,27871,65536
PRGV:27875,27871,65536
PRGV:27875,27875,65536
PRGV:27879,27875,65536
PRGV:27879,27880,65536
PRGV:27884,27880,65536
PRGV:27884,27884,65536
PRGV:27888,27884,65536
PRGV:27888,27888,65536
PRGV:27893,27888,65536
PRGV:27893,27893,65536
PRGV:27897,27893,65536
PRGV:27897,27897,65536
PRGV:28477,27897,65536
PRGV:28477,28477,65536
PRGV:28482,28477,65536
PRGV:28482,28482,65536
PRGV:28485,28482,65536
PRGV:28485,28485,65536
PRGV:28490,28485,65536
PRGV:28490,28490,65536
PRGV:28494,28490,65536
PRGV:28494,28494,65536
PRGV:28499,28494,65536
PRGV:28499,28499,65536
PRGV:28503,28499,65536
PRGV:28503,28503,65536
PRGV:28504,28503,65536
PRGV:28504,28504,65536
PRGV:28507,28504,65536
PRGV:28507,28508,65536
PRGV:28512,28508,65536
PRGV:28512,28512,65536
PRGV:28516,28512,65536
PRGV:28516,28516,65536
PRGV:28521,28516,65536
PRGV:28521,28521,65536
PRGV:28524,28521,65536
PRGV:28524,28525,65536
PRGV:28529,28525,65536
PRGV:28529,28529,65536
PRGV:28533,28529,65536
PRGV:28533,28533,65536
PRGV:28538,28533,65536
PRGV:28538,28538,65536
PRGV:28543,28538,65536
PRGV:28543,28543,65536
PRGV:28547,28543,65536
PRGV:28547,28547,65536
PRGV:28551,28547,65536
PRGV:28551,28551,65536
PRGV:28555,28551,65536
PRGV:28555,28555,65536
PRGV:28560,28555,65536
PRGV:28560,28560,65536
PRGV:28564,28560,65536
PRGV:28564,28564,65536
PRGV:28569,28564,65536
PRGV:28569,28569,65536
PRGV:28573,28569,65536
PRGV:28573,28573,65536
PRGV:28577,28573,65536
PRGV:28577,28577,65536
PRGV:28582,28577,65536
PRGV:28582,28582,65536
PRGV:28586,28582,65536
PRGV:28586,28586,65536
PRGV:28590,28586,65536
PRGV:28590,28590,65536
PRGV:28594,28590,65536
PRGV:28594,28595,65536
PRGV:28599,28595,65536
PRGV:28599,28599,65536
PRGV:28603,28599,65536
PRGV:28603,28603,65536
PRGV:28608,28603,65536
PRGV:28608,28608,65536
PRGV:28613,28608,65536
PRGV:28613,28613,65536
PRGV:28617,28613,65536
PRGV:28617,28617,65536
PRGV:28621,28617,65536
PRGV:28621,28622,65536
PRGV:28625,28622,65536
PRGV:28625,28625,65536
PRGV:28629,28625,65536
PRGV:28629,28629,65536
PRGV:28634,28629,65536
PRGV:28634,28634,65536
PRGV:28639,28634,65536
PRGV:28639,28639,65536
PRGV:28643,28639,65536
PRGV:28643,28643,65536
PRGV:28647,28643,65536
PRGV:28647,28647,65536
PRGV:28652,28647,65536
PRGV:28652,28652,65536
PRGV:28656,28652,65536
PRGV:28656,28656,65536
PRGV:28660,28656,65536
PRGV:28660,28660,65536
PRGV:28664,28660,65536
PRGV:28664,28665,65536
PRGV:28669,28665,65536
PRGV:28669,28669,65536
PRGV:28673,28669,65536
PRGV:28673,28673,65536
PRGV:28678,28673,65536
PRGV:28678,28678,65536
PRGV:28682,28678,65536
PRGV:28682,28682,65536
PRGV:28686,28682,65536
PRGV:28686,28687,65536
PRGV:28691,28687,65536
PRGV:28691,28692,65536
PRGV:28696,28692,65536
PRGV:28696,28696,65536
PRGV:28700,28696,65536
PRGV:28700,28700,65536
PRGV:28704,28700,65536
PRGV:28704,28704,65536
PRGV:28708,28704,65536
PRGV:28708,28709,65536
PRGV:28713,28709,65536
PRGV:28713,28713,65536
PRGV:28717,28713,65536
PRGV:28717,28717,65536
PRGV:28722,28717,65536
PRGV:28722,28722,65536
PRGV:28726,28722,65536
PRGV:28726,28726,65536
PRGV:28731,28726,65536
PRGV:28731,28731,65536
PRGV:28734,28731,65536
PRGV:28734,28734,65536
PRGV:28739,28734,65536
PRGV:28739,28739,65536
PRGV:28743,28739,65536
PRGV:28743,28743,65536
PRGV:28748,28743,65536
PRGV:28748,28748,65536
PRGV:28753,28748,65536
PRGV:28753,28753,65536
PRGV:28757,28753,65536
PRGV:28757,28757,65536
PRGV:28761,28757,65536
PRGV:28761,28761,65536
PRGV:28765,28761,65536
PRGV:28765,28765,65536
PRGV:28770,28765,65536
PRGV:28770,28770,65536
PRGV:28774,28770,65536
PRGV:28774,28774,65536
PRGV:28778,28774,65536
PRGV:28778,28779,65536
PRGV:28783,28779,65536
PRGV:28783,28783,65536
PRGV:28787,28783,65536
PRGV:28787,28787,65536
PRGV:28792,28787,65536
PRGV:28792,28792,65536
PRGV:28796,28792,65536
PRGV:28796,28796,65536
PRGV:28800,28796,65536
PRGV:28800,28800,65536
PRGV:28804,28800,65536
PRGV:28804,28804,65536
PRGV:28809,28804,65536
PRGV:28809,28809,65536
PRGV:28813,28809,65536
PRGV:28813,28813,65536
PRGV:28818,28813,65536
PRGV:28818,28818,65536
PRGV:28823,28818,65536
PRGV:28823,28823,65536
PRGV:28826,28823,65536
PRGV:28826,28826,65536
PRGV:28831,28826,65536
PRGV:28831,28831,65536
PRGV:28835,28831,65536
PRGV:28835,28835,65536
PRGV:28840,28835,65536
PRGV:28840,28840,65536
PRGV:28844,28840,65536
PRGV:28844,28844,65536
PRGV:28848,28844,65536
PRGV:28848,28848,65536
PRGV:28853,28848,65536
PRGV:28853,28853,65536
PRGV:28857,28853,65536
PRGV:28857,28857,65536
PRGV:28862,28857,65536
PRGV:28862,28862,65536
PRGV:28865,28862,65536
PRGV:28865,28866,65536
PRGV:28866,28866,65536
PRGV:28870,28866,65536
PRGV:28870,28870,65536
PRGV:28874,28870,65536
PRGV:28874,28874,65536
PRGV:28879,28874,65536
PRGV:28879,28879,65536
PRGV:28884,28879,65536
PRGV:28884,28884,65536
PRGV:28888,28884,65536
PRGV:28888,28888,65536
PRGV:28892,28888,65536
PRGV:28892,28893,65536
PRGV:28897,28893,65536
PRGV:28897,28897,65536
PRGV:28901,28897,65536
PRGV:28901,28901,65536
PRGV:28905,28901,65536
PRGV:28905,28905,65536
PRGV:28906,28905,65536
PRGV:28906,28906,65536
PRGV:28910,28906,65536
PRGV:28910,28910,65536
PRGV:28914,28910,65536
PRGV:28914,28914,65536
PRGV:28918,28914,65536
PRGV:28918,28918,65536
PRGV:28923,28918,65536
PRGV:28923,28923,65536
PRGV:28928,28923,65536
PRGV:28928,28928,65536
PRGV:28932,28928,65536
PRGV:28932,28932,65536
PRGV:28937,28932,65536
PRGV:28937,28937,65536
PRGV:28940,28937,65536
PRGV:28940,28940,65536
PRGV:28945,28940,65536
PRGV:28945,28945,65536
PRGV:28949,28945,65536
PRGV:28949,28949,65536
PRGV:28954,28949,65536
PRGV:28954,28954,65536
PRGV:28958,28954,65536
PRGV:28958,28958,65536
PRGV:28962,28958,65536
PRGV:28962,28963,65536
PRGV:28967,28963,65536
PRGV:28967,28967,65536
PRGV:28972,28967,65536
PRGV:28972,28972,65536
PRGV:28975,28972,65536
PRGV:28975,28975,65536
PRGV:28979,28975,65536
PRGV:28979,28980,65536
PRGV:28984,28980,65536
PRGV:28984,28985,65536
PRGV:28989,28985,65536
PRGV:28989,28989,65536
PRGV:28993,28989,65536
PRGV:28993,28993,65536
PRGV:28998,28993,65536
PRGV:28998,28998,65536
PRGV:29002,28998,65536
PRGV:29002,29002,65536
PRGV:29006,29002,65536
PRGV:29006,29007,65536
PRGV:29010,29007,65536
PRGV:29010,29010,65536
PRGV:29015,29010,65536
PRGV:29015,29015,65536
PRGV:29019,29015,65536
PRGV:29019,29019,65536
PRGV:29024,29019,65536
PRGV:29024,29024,65536
PRGV:29029,29024,65536
PRGV:29029,29029,65536
PRGV:29033,29029,65536
PRGV:29033,29033,65536
PRGV:29037,29033,65536
PRGV:29037,29037,65536
PRGV:29042,29037,65536
PRGV:29042,29042,65536
PRGV:29046,29042,65536
PRGV:29046,29046,65536
PRGV:29050,29046,65536
PRGV:29050,29050,65536
PRGV:29054,29050,65536
PRGV:29054,29054,65536
PRGV:29059,29054,65536
PRGV:29059,29059,65536
PRGV:29064,29059,65536
PRGV:29064,29064,65536
PRGV:29068,29064,65536
PRGV:29068,29068,65536
PRGV:29072,29068,65536
PRGV:29072,29072,65536
PRGV:29076,29072,65536
PRGV:29076,29077,65536
PRGV:29081,29077,65536
PRGV:29081,29081,65536
PRGV:29085,29081,65536
PRGV:29085,29085,65536
PRGV:29090,29085,65536
PRGV:29090,29090,65536
PRGV:29095,29090,65536
PRGV:29095,29095,65536
PRGV:29099,29095,65536
PRGV:29099,29099,65536
PRGV:29103,29099,65536
PRGV:29103,29104,65536
PRGV:29107,29104,65536
PRGV:29107,29107,65536
PRGV:29112,29107,65536
PRGV:29112,29112,65536
PRGV:29116,29112,65536
PRGV:29116,29116,65536
PRGV:29121,29116,65536
PRGV:29121,29121,65536
PRGV:29125,29121,65536
PRGV:29125,29126,65536
PRGV:29130,29126,65536
PRGV:29130,29130,65536
PRGV:29134,29130,65536
PRGV:29134,29134,65536
PRGV:29138,29134,65536
PRGV:29138,29138,65536
PRGV:29143,29138,65536
PRGV:29143,29143,65536
PRGV:29147,29143,65536
PRGV:29147,29147,65536
PRGV:29151,29147,65536
PRGV:29151,29151,65536
PRGV:29156,29151,65536
PRGV:29156,29156,65536
PRGV:29161,29156,65536
PRGV:29161,29161,65536
PRGV:29165,29161,65536
PRGV:29165,29165,65536
PRGV:29170,29165,65536
PRGV:29170,29170,65536
PRGV:29173,29170,65536
PRGV:29173,29173,65536
PRGV:29178,29173,65536
PRGV:29178,29178,65536
PRGV:29182,29178,65536
PRGV:29182,29182,65536
PRGV:29187,29182,65536
PRGV:29187,29187,65536
PRGV:29191,29187,65536
PRGV:29191,29191,65536
PRGV:29196,29191,65536
PRGV:29196,29196,65536
PRGV:29199,29196,65536
PRGV:29199,29199,65536
PRGV:29204,29199,65536
PRGV:29204,29204,65536
PRGV:29209,29204,65536
PRGV:29209,29209,65536
PRGV:29213,29209,65536
PRGV:29213,29213,65536
PRGV:29217,29213,65536
PRGV:29217,29218,65536
PRGV:29222,29218,65536
PRGV:29222,29222,65536
PRGV:29227,29222,65536
PRGV:29227,29227,65536
PRGV:29231,29227,65536
PRGV:29231,29231,65536
PRGV:29235,29231,65536
PRGV:29235,29235,65536
PRGV:29239,29235,65536
PRGV:29239,29239,65536
PRGV:29244,29239,65536
PRGV:29244,29244,65536
PRGV:29405,29244,65536
PRGV:29405,29405,65536
PRGV:29410,29405,65536
PRGV:29410,29410,65536
PRGV:29415,29410,65536
PRGV:29415,29415,65536
PRGV:29419,29415,65536
PRGV:29419,29419,65536
PRGV:29423,29419,65536
PRGV:29423,29424,65536
PRGV:29428,29424,65536
PRGV:29428,29428,65536
PRGV:29433,29428,65536
PRGV:29433,29433,65536
PRGV:29436,29433,65536
PRGV:29436,29436,65536
PRGV:29441,29436,65536
PRGV:29441,29441,65536
PRGV:29446,29441,65536
PRGV:29446,29446,65536
PRGV:29450,29446,65536
PRGV:29450,29450,65536
PRGV:29454,29450,65536
PRGV:29454,29454,65536
PRGV:29459,29454,65536
PRGV:29459,29459,65536
PRGV:29464,29459,65536
PRGV:29464,29464,65536
PRGV:29467,29464,65536
PRGV:29467,29467,65536
PRGV:29471,29467,65536
PRGV:29471,29471,65536
PRGV:29476,29471,65536
PRGV:29476,29476,65536
PRGV:29481,29476,65536
PRGV:29481,29481,65536
PRGV:29485,29481,65536
PRGV:29485,29485,65536
PRGV:29490,29485,65536
PRGV:29490,29490,65536
PRGV:29494,29490,65536
PRGV:29494,29494,65536
PRGV:29499,29494,65536
PRGV:29499,29499,65536
PRGV:29503,29499,65536
PRGV:29503,29503,65536
PRGV:29508,29503,65536
PRGV:29508,29508,65536
PRGV:29512,29508,65536
PRGV:29512,29512,65536
PRGV:29516,29512,65536
PRGV:29516,29516,65536
PRGV:29520,29516,65536
PRGV:29520,29520,65536
PRGV:29525,29520,65536
PRGV:29525,29525,65536
PRGV:29530,29525,65536
PRGV:29530,29530,65536
PRGV:29534,29530,65536
PRGV:29534,29534,65536
PRGV:29538,29534,65536
PRGV:29538,29538,65536
PRGV:29543,29538,65536
PRGV:29543,29543,65536
PRGV:29547,29543,65536
PRGV:29547,29547,65536
PRGV:29552,29547,65536
PRGV:29552,29552,65536
PRGV:29555,29552,65536
PRGV:29555,29555,65536
PRGV:29560,29555,65536
PRGV:29560,29560,65536
PRGV:29565,29560,65536
PRGV:29565,29565,65536
PRGV:29569,29565,65536
PRGV:29569,29569,65536
PRGV:29574,29569,65536
PRGV:29574,29574,65536
PRGV:29578,29574,65536
PRGV:29578,29578,65536
PRGV:29583,29578,65536
PRGV:29583,29583,65536
PRGV:29587,29583,65536
PRGV:29587,29587,65536
PRGV:29592,29587,65536
PRGV:29592,29592,65536
PRGV:29596,29592,65536
PRGV:29596,29596,65536
PRGV:29600,29596,65536
PRGV:29600,29600,65536
PRGV:29604,29600,65536
PRGV:29604,29604,65536
PRGV:29609,29604,65536
PRGV:29609,29609,65536
PRGV:29613,29609,65536
PRGV:29613,29613,65536
PRGV:29614,29613,65536
PRGV:29614,29614,65536
PRGV:29618,29614,65536
PRGV:29618,29618,65536
PRGV:29622,29618,65536
PRGV:29622,29622,65536
PRGV:29626,29622,65536
PRGV:29626,29627,65536
PRGV:29631,29627,65536
PRGV:29631,29631,65536
PRGV:29636,29631,65536
PRGV:29636,29636,65536
PRGV:29640,29636,65536
PRGV:29640,29640,65536
PRGV:29645,29640,65536
PRGV:29645,29645,65536
PRGV:29649,29645,65536
PRGV:29649,29649,65536
PRGV:29653,29649,65536
PRGV:29653,29654,65536
PRGV:29658,29654,65536
PRGV:29658,29658,65536
PRGV:29662,29658,65536
PRGV:29662,29662,65536
PRGV:29666,29662,65536
PRGV:29666,29666,65536
PRGV:29671,29666,65536
PRGV:29671,29671,65536
PRGV:29675,29671,65536
PRGV:29675,29676,65536
PRGV:29680,29676,65536
PRGV:29680,29680,65536
PRGV:29684,29680,65536
PRGV:29684,29684,65536
PRGV:29689,29684,65536
PRGV:29689,29689,65536
PRGV:29693,29689,65536
PRGV:29693,29693,65536
PRGV:29698,29693,65536
PRGV:29698,29698,65536
PRGV:29702,29698,65536
PRGV:29702,29702,65536
PRGV:29707,29702,65536
PRGV:29707,29707,65536
PRGV:29711,29707,65536
PRGV:29711,29711,65536
PRGV:29715,29711,65536
PRGV:29715,29715,65536
PRGV:29720,29715,65536
PRGV:29720,29720,65536
PRGV:29724,29720,65536
PRGV:29724,29724,65536
PRGV:29729,29724,65536
PRGV:29729,29729,65536
PRGV:29733,29729,65536
PRGV:29733,29733,65536
PRGV:29738,29733,65536
PRGV:29738,29738,65536
PRGV:29742,29738,65536
PRGV:29742,29742,65536
PRGV:29746,29742,65536
PRGV:29746,29746,65536
PRGV:29750,29746,65536
PRGV:29750,29750,65536
PRGV:29755,29750,65536
PRGV:29755,29755,65536
PRGV:29760,29755,65536
PRGV:29760,29760,65536
PRGV:29764,29760,65536
PRGV:29764,29764,65536
PRGV:29769,29764,65536
PRGV:29769,29769,65536
PRGV:29774,29769,65536
PRGV:29774,29774,65536
PRGV:29777,29774,65536
PRGV:29777,29777,65536
PRGV:29782,29777,65536
PRGV:29782,29782,65536
PRGV:29786,29782,65536
PRGV:29786,29786,65536
PRGV:29791,29786,65536
PRGV:29791,29791,65536
PRGV:29796,29791,65536
PRGV:29796,29796,65536
PRGV:29800,29796,65536
PRGV:29800,29800,65536
PRGV:29804,29800,65536
PRGV:29804,29804,65536
PRGV:29808,29804,65536
PRGV:29808,29808,65536
PRGV:29813,29808,65536
PRGV:29813,29813,65536
PRGV:29817,29813,65536
PRGV:29817,29817,65536
PRGV:29822,29817,65536
PRGV:29822,29822,65536
PRGV:29826,29822,65536
PRGV:29826,29826,65536
PRGV:29831,29826,65536
PRGV:29831,29831,65536
PRGV:29835,29831,65536
PRGV:29835,29835,65536
PRGV:29839,29835,65536
PRGV:29839,29839,65536
PRGV:29844,29839,65536
PRGV:29844,29844,65536
PRGV:29848,29844,65536
PRGV:29848,29848,65536
PRGV:29853,29848,65536
PRGV:29853,29853,65536
PRGV:29857,29853,65536
PRGV:29857,29857,65536
PRGV:29862,29857,65536
PRGV:29862,29862,65536
PRGV:29867,29862,65536
PRGV:29867,29867,65536
PRGV:29871,29867,65536
PRGV:29871,29871,65536
PRGV:29875,29871,65536
PRGV:29875,29875,65536
PRGV:29879,29875,65536
PRGV:29879,29879,65536
PRGV:29884,29879,65536
PRGV:29884,29884,65536
PRGV:29889,29884,65536
PRGV:29889,29889,65536
PRGV:29893,29889,65536
PRGV:29893,29893,65536
PRGV:29897,29893,65536
PRGV:29897,29898,65536
PRGV:29902,29898,65536
PRGV:29902,29902,65536
PRGV:29906,29902,65536
PRGV:29906,29906,65536
PRGV:29911,29906,65536
PRGV:29911,29911,65536
PRGV:29916,29911,65536
PRGV:29916,29916,65536
PRGV:29920,29916,65536
PRGV:29920,29920,65536
PRGV:29924,29920,65536
PRGV:29924,29925,65536
PRGV:29928,29925,65536
PRGV:29928,29928,65536
PRGV:29933,29928,65536
PRGV:29933,29933,65536
PRGV:29938,29933,65536
PRGV:29938,29938,65536
PRGV:29942,29938,65536
PRGV:29942,29942,65536
PRGV:29946,29942,65536
PRGV:29946,29947,65536
PRGV:29951,29947,65536
PRGV:29951,29951,65536
PRGV:29955,29951,65536
PRGV:29955,29955,65536
PRGV:29960,29955,65536
PRGV:29960,29960,65536
PRGV:29964,29960,65536
PRGV:29964,29964,65536
PRGV:29969,29964,65536
PRGV:29969,29969,65536
PRGV:29973,29969,65536
PRGV:29973,29974,65536
PRGV:29978,29974,65536
PRGV:29978,29978,65536
PRGV:29982,29978,65536
PRGV:29982,29982,65536
PRGV:29987,29982,65536
PRGV:29987,29987,65536
PRGV:29991,29987,65536
PRGV:29991,29991,65536
PRGV:29995,29991,65536
PRGV:29995,29995,65536
PRGV:29999,29995,65536
PRGV:29999,29999,65536
PRGV:30004,29999,65536
PRGV:30004,30004,65536
PRGV:30009,30004,65536
PRGV:30009,30009,65536
PRGV:30013,30009,65536
PRGV:30013,30013,65536
PRGV:30018,30013,65536
PRGV:30018,30018,65536
PRGV:30023,30018,65536
PRGV:30023,30023,65536
PRGV:30027,30023,65536
PRGV:30027,30027,65536
PRGV:30031,30027,65536
PRGV:30031,30031,65536
PRGV:30035,30031,65536
PRGV:30035,30035,65536
PRGV:30040,30035,65536
PRGV:30040,30040,65536
PRGV:30044,30040,65536
PRGV:30044,30044,65536
PRGV:30049,30044,65536
PRGV:30049,30049,65536
PRGV:30053,30049,65536
PRGV:30053,30053,65536
PRGV:30058,30053,65536
PRGV:30058,30058,65536
PRGV:30063,30058,65536
PRGV:30063,30063,65536
PRGV:30066,30063,65536
PRGV:30066,30066,65536
PRGV:30067,30066,65536
PRGV:30067,30067,65536
PRGV:30071,30067,65536
PRGV:30071,30071,65536
PRGV:30075,30071,65536
PRGV:30075,30075,65536
PRGV:30080,30075,65536
PRGV:30080,30080,65536
PRGV:30084,30080,65536
PRGV:30084,30084,65536
PRGV:30089,30084,65536
PRGV:30089,30089,65536
PRGV:30094,30089,65536
PRGV:30094,30094,65536
PRGV:30098,30094,65536
PRGV:30098,30098,65536
PRGV:30103,30098,65536
PRGV:30103,30103,65536
PRGV:30106,30103,65536
PRGV:30106,30106,65536
PRGV:30111,30106,65536
PRGV:30111,30111,65536
PRGV:30116,30111,65536
PRGV:30116,30116,65536
PRGV:30120,30116,65536
PRGV:30120,30120,65536
PRGV:30124,30120,65536
PRGV:30124,30124,65536
PRGV:30129,30124,65536
PRGV:30129,30129,65536
PRGV:30134,30129,65536
PRGV:30134,30134,65536
PRGV:30138,30134,65536
PRGV:30138,30138,65536
PRGV:30142,30138,65536
PRGV:30142,30142,65536
PRGV:30146,30142,65536
PRGV:30146,30146,65536
PRGV:30151,30146,65536
PRGV:30151,30151,65536
PRGV:30156,30151,65536
PRGV:30156,30156,65536
PRGV:30160,30156,65536
PRGV:30160,30160,65536
PRGV:30165,30160,65536
PRGV:30165,30165,65536
PRGV:30170,30165,65536
PRGV:30170,30170,65536
PRGV:30174,30170,65536
PRGV:30174,30174,65536
PRGV:30178,30174,65536
PRGV:30178,30178,65536
PRGV:30182,30178,65536
PRGV:30182,30182,65536
PRGV:30889,30182,65536
PRGV:30889,30889,65536
PRGV:30893,30889,65536
PRGV:30893,30893,65536
PRGV:30898,30893,65536
PRGV:30898,30898,65536
PRGV:30903,30898,65536
PRGV:30903,30903,65536
PRGV:30907,30903,65536
PRGV:30907,30907,65536
PRGV:30911,30907,65536
PRGV:30911,30911,65536
PRGV:30915,30911,65536
PRGV:30915,30915,65536
PRGV:30920,30915,65536
PRGV:30920,30920,65536
PRGV:30925,30920,65536
PRGV:30925,30925,65536
PRGV:30929,30925,65536
PRGV:30929,30929,65536
PRGV:30934,30929,65536
PRGV:30934,30934,65536
PRGV:30939,30934,65536
PRGV:30939,30939,65536
PRGV:30944,30939,65536
PRGV:30944,30944,65536
PRGV:30947,30944,65536
PRGV:30947,30947,65536
PRGV:30952,30947,65536
PRGV:30952,30952,65536
PRGV:30956,30952,65536
PRGV:30956,30956,65536
PRGV:30961,30956,65536
PRGV:30961,30961,65536
PRGV:30966,30961,65536
PRGV:30966,30966,65536
PRGV:30971,30966,65536
PRGV:30971,30971,65536
PRGV:30975,30971,65536
PRGV:30975,30975,65536
PRGV:30979,30975,65536
PRGV:30979,30979,65536
PRGV:30984,30979,65536
PRGV:30984,30984,65536
PRGV:30988,30984,65536
PRGV:30988,30988,65536
PRGV:30993,30988,65536
PRGV:30993,30993,65536
PRGV:30997,30993,65536
PRGV:30997,30997,65536
PRGV:31002,30997,65536
PRGV:31002,31002,65536
PRGV:31006,31002,65536
PRGV:31006,31006,65536
PRGV:31011,31006,65536
PRGV:31011,31011,65536
PRGV:31016,31011,65536
PRGV:31016,31016,65536
PRGV:31020,31016,65536
PRGV:31020,31020,65536
PRGV:31024,31020,65536
PRGV:31024,31024,65536
PRGV:31029,31024,65536
PRGV:31029,31029,65536
PRGV:31033,31029,65536
PRGV:31033,31033,65536
PRGV:31038,31033,65536
PRGV:31038,31038,65536
PRGV:31043,31038,65536
PRGV:31043,31043,65536
PRGV:31047,31043,65536
PRGV:31047,31047,65536
PRGV:31051,31047,65536
PRGV:31051,31051,65536
PRGV:31055,31051,65536
PRGV:31055,31055,65536
PRGV:31060,31055,65536
PRGV:31060,31060,65536
PRGV:31065,31060,65536
PRGV:31065,31065,65536
PRGV:31069,31065,65536
PRGV:31069,31069,65536
PRGV:31074,31069,65536
PRGV:31074,31074,65536
PRGV:31078,31074,65536
PRGV:31078,31078,65536
PRGV:31083,31078,65536
PRGV:31083,31083,65536
PRGV:31088,31083,65536
PRGV:31088,31088,65536
PRGV:31092,31088,65536
PRGV:31092,31092,65536
PRGV:31096,31092,65536
PRGV:31096,31096,65536
PRGV:31101,31096,65536
PRGV:31101,31101,65536
PRGV:31105,31101,65536
PRGV:31105,31105,65536
PRGV:31110,31105,65536
PRGV:31110,31110,65536
PRGV:31115,31110,65536
PRGV:31115,31115,65536
PRGV:31119,31115,65536
PRGV:31119,31119,65536
PRGV:31124,31119,65536
PRGV:31124,31124,65536
PRGV:31127,31124,65536
PRGV:31127,31127,65536
PRGV:31132,31127,65536
PRGV:31132,31132,65536
PRGV:31137,31132,65536
PRGV:31137,31137,65536
PRGV:31142,31137,65536
PRGV:31142,31142,65536
PRGV:31146,31142,65536
PRGV:31146,31146,65536
PRGV:31151,31146,65536
PRGV:31151,31151,65536
PRGV:31154,31151,65536
PRGV:31154,31154,65536
PRGV:31159,31154,65536
PRGV:31159,31159,65536
PRGV:31164,31159,65536
PRGV:31164,31164,65536
PRGV:31169,31164,65536
PRGV:31169,31169,65536
PRGV:31173,31169,65536
PRGV:31173,31173,65536
PRGV:31178,31173,65536
PRGV:31178,31178,65536
PRGV:31183,31178,65536
PRGV:31183,31183,65536
PRGV:31186,31183,65536
PRGV:31186,31186,65536
PRGV:31191,31186,65536
PRGV:31191,31191,65536
PRGV:31196,31191,65536
PRGV:31196,31196,65536
PRGV:31200,31196,65536
PRGV:31200,31200,65536
PRGV:31205,31200,65536
PRGV:31205,31205,65536
PRGV:31210,31205,65536
PRGV:31210,31210,65536
PRGV:31215,31210,65536
PRGV:31215,31215,65536
PRGV:31218,31215,65536
PRGV:31218,31218,65536
PRGV:31223,31218,65536
PRGV:31223,31223,65536
PRGV:31227,31223,65536
PRGV:31227,31227,65536
PRGV:31232,31227,65536
PRGV:31232,31232,65536
PRGV:31237,31232,65536
PRGV:31237,31237,65536
PRGV:31242,31237,65536
PRGV:31242,31242,65536
PRGV:31246,31242,65536
PRGV:31246,31246,65536
PRGV:31250,31246,65536
PRGV:31250,31250,65536
PRGV:31254,31250,65536
PRGV:31254,31254,65536
PRGV:31259,31254,65536
PRGV:31259,31259,65536
PRGV:31264,31259,65536
PRGV:31264,31264,65536
PRGV:31269,31264,65536
PRGV:31269,31269,65536
PRGV:31273,31269,65536
PRGV:31273,31273,65536
PRGV:31278,31273,65536
PRGV:31278,31278,65536
PRGV:31281,31278,65536
PRGV:31281,31281,65536
PRGV:31286,31281,65536
PRGV:31286,31286,65536
PRGV:31291,31286,65536
PRGV:31291,31291,65536
PRGV:31295,31291,65536
PRGV:31295,31295,65536
PRGV:31300,31295,65536
PRGV:31300,31300,65536
PRGV:31304,31300,65536
PRGV:31304,31304,65536
PRGV:31309,31304,65536
PRGV:31309,31309,65536
PRGV:31314,31309,65536
PRGV:31314,31314,65536
PRGV:31318,31314,65536
PRGV:31318,31318,65536
PRGV:31322,31318,65536
PRGV:31322,31322,65536
PRGV:31327,31322,65536
PRGV:31327,31327,65536
PRGV:31332,31327,65536
PRGV:31332,31332,65536
PRGV:31336,31332,65536
PRGV:31336,31336,65536
PRGV:31340,31336,65536
PRGV:31340,31340,65536
PRGV:31345,31340,65536
PRGV:31345,31345,65536
PRGV:31349,31345,65536
PRGV:31349,31349,65536
PRGV:31354,31349,65536
PRGV:31354,31354,65536
PRGV:31359,31354,65536
PRGV:31359,31359,65536
PRGV:31364,31359,65536
PRGV:31364,31364,65536
PRGV:31368,31364,65536
PRGV:31368,31368,65536
PRGV:31372,31368,65536
PRGV:31372,31372,65536
PRGV:31377,31372,65536
PRGV:31377,31377,65536
PRGV:31381,31377,65536
PRGV:31381,31381,65536
PRGV:31386,31381,65536
PRGV:31386,31386,65536
PRGV:31391,31386,65536
PRGV:31391,31391,65536
PRGV:31395,31391,65536
PRGV:31395,31395,65536
PRGV:31399,31395,65536
PRGV:31399,31399,65536
PRGV:31404,31399,65536
PRGV:31404,31404,65536
PRGV:31408,31404,65536
PRGV:31408,31408,65536
PRGV:31413,31408,65536
PRGV:31413,31413,65536
PRGV:31418,31413,65536
PRGV:31418,31418,65536
PRGV:31423,31418,65536
PRGV:31423,31423,65536
PRGV:31427,31423,65536
PRGV:31427,31427,65536
PRGV:31431,31427,65536
PRGV:31431,31431,65536
PRGV:31435,31431,65536
PRGV:31435,31435,65536
PRGV:31440,31435,65536
PRGV:31440,31440,65536
PRGV:31445,31440,65536
PRGV:31445,31445,65536
PRGV:31450,31445,65536
PRGV:31450,31450,65536
PRGV:31454,31450,65536
PRGV:31454,31454,65536
PRGV:31458,31454,65536
PRGV:31458,31458,65536
PRGV:31463,31458,65536
PRGV:31463,31463,65536
PRGV:31467,31463,65536
PRGV:31467,31467,65536
PRGV:31472,31467,65536
PRGV:31472,31472,65536
PRGV:31477,31472,65536
PRGV:31477,31477,65536
PRGV:31481,31477,65536
PRGV:31481,31481,65536
PRGV:31486,31481,65536
PRGV:31486,31486,65536
PRGV:31490,31486,65536
PRGV:31490,31490,65536
PRGV:31494,31490,65536
PRGV:31494,31494,65536
PRGV:31499,31494,65536
PRGV:31499,31499,65536
PRGV:31504,31499,65536
PRGV:31504,31504,65536
PRGV:31509,31504,65536
PRGV:31509,31509,65536
PRGV:31513,31509,65536
PRGV:31513,31513,65536
PRGV:31517,31513,65536
PRGV:31517,31517,65536
PRGV:31522,31517,65536
PRGV:31522,31522,65536
PRGV:31527,31522,65536
PRGV:31527,31527,65536
PRGV:31532,31527,65536
PRGV:31532,31532,65536
PRGV:31535,31532,65536
PRGV:31535,31535,65536
PRGV:31540,31535,65536
PRGV:31540,31540,65536
PRGV:31544,31540,65536
PRGV:31544,31544,65536
PRGV:31549,31544,65536
PRGV:31549,31549,65536
PRGV:31554,31549,65536
PRGV:31554,31554,65536
PRGV:31559,31554,65536
PRGV:31559,31559,65536
PRGV:31563,31559,65536
PRGV:31563,31563,65536
PRGV:31568,31563,65536
PRGV:31568,31568,65536
PRGV:31573,31568,65536
PRGV:31573,31573,65536
PRGV:31577,31573,65536
PRGV:31577,31577,65536
PRGV:31581,31577,65536
PRGV:31581,31581,65536
PRGV:31586,31581,65536
PRGV:31586,31586,65536
PRGV:31590,31586,65536
PRGV:31590,31590,65536
PRGV:31595,31590,65536
PRGV:31595,31595,65536
PRGV:31600,31595,65536
PRGV:31600,31600,65536
PRGV:31605,31600,65536
PRGV:31605,31605,65536
PRGV:31608,31605,65536
PRGV:31608,31608,65536
PRGV:31613,31608,65536
PRGV:31613,31613,65536
PRGV:31617,31613,65536
PRGV:31617,31617,65536
PRGV:31622,31617,65536
PRGV:31622,31622,65536
PRGV:31627,31622,65536
PRGV:31627,31627,65536
PRGV:31632,31627,65536
PRGV:31632,31631,65536
PRGV:31636,31631,65536
PRGV:31636,31636,65536
PRGV:31641,31636,65536
PRGV:31641,31641,65536
PRGV:31645,31641,65536
PRGV:31645,31645,65536
PRGV:31649,31645,65536
PRGV:31649,31649,65536
PRGV:31654,31649,65536
PRGV:31654,31654,65536
PRGV:31659,31654,65536
PRGV:31659,31658,65536
PRGV:31663,31658,65536
PRGV:31663,31663,65536
PRGV:31668,31663,65536
PRGV:31668,31668,65536
PRGV:31672,31668,65536
PRGV:31672,31672,65536
PRGV:31677,31672,65536
PRGV:31677,31677,65536
PRGV:31681,31677,65536
PRGV:31681,31681,65536
PRGV:31685,31681,65536
PRGV:31685,31685,65536
PRGV:31690,31685,65536
PRGV:31690,31690,65536
PRGV:32818,31690,65536
PRGV:32818,32818,65536
PRGV:32823,32818,65536
PRGV:32823,32823,65536
PRGV:32827,32823,65536
PRGV:32827,32827,65536
PRGV:32832,32827,65536
PRGV:32832,32832,65536
PRGV:32837,32832,65536
PRGV:32837,32837,65536
PRGV:32841,32837,65536
PRGV:32841,32841,65536
PRGV:32846,32841,65536
PRGV:32846,32845,65536
PRGV:32850,32845,65536
PRGV:32850,32850,65536
PRGV:32855,32850,65536
PRGV:32855,32855,65536
PRGV:32859,32855,65536
PRGV:32859,32859,65536
PRGV:32864,32859,65536
PRGV:32864,32864,65536
PRGV:32869,32864,65536
PRGV:32869,32869,65536
PRGV:32874,32869,65536
PRGV:32874,32874,65536
PRGV:32879,32874,65536
PRGV:32879,32879,65536
PRGV:32882,32879,65536
PRGV:32882,32882,65536
PRGV:32887,32882,65536
PRGV:32887,32887,65536
PRGV:32892,32887,65536
PRGV:32892,32892,65536
PRGV:32897,32892,65536
PRGV:32897,32897,65536
PRGV:32901,32897,65536
PRGV:32901,32901,65536
PRGV:32906,32901,65536
PRGV:32906,32906,65536
PRGV:32910,32906,65536
PRGV:32910,32910,65536
PRGV:32915,32910,65536
PRGV:32915,32915,65536
PRGV:32919,32915,65536
PRGV:32919,32919,65536
PRGV:32924,32919,65536
PRGV:32924,32924,65536
PRGV:32929,32924,65536
PRGV:32929,32929,65536
PRGV:32934,32929,65536
PRGV:32934,32934,65536
PRGV:32939,32934,65536
PRGV:32939,32939,65536
PRGV:32943,32939,65536
PRGV:32943,32942,65536
PRGV:32947,32942,65536
PRGV:32947,32947,65536
PRGV:32952,32947,65536
PRGV:32952,32952,65536
PRGV:32956,32952,65536
PRGV:32956,32956,65536
PRGV:32961,32956,65536
PRGV:32961,32961,65536
PRGV:32966,32961,65536
PRGV:32966,32966,65536
PRGV:32971,32966,65536
PRGV:32971,32971,65536
PRGV:32974,32971,65536
PRGV:32974,32974,65536
PRGV:32979,32974,65536
PRGV:32979,32979,65536
PRGV:32984,32979,65536
PRGV:32984,32984,65536
PRGV:32989,32984,65536
PRGV:32989,32989,65536
PRGV:32993,32989,65536
PRGV:32993,32993,65536
PRGV:32998,32993,65536
PRGV:32998,32998,65536
PRGV:33003,32998,65536
PRGV:33003,33002,65536
PRGV:33008,33002,65536
PRGV:33008,33007,65536
PRGV:33012,33007,65536
PRGV:33012,33012,65536
PRGV:33017,33012,65536
PRGV:33017,33017,65536
PRGV:33021,33017,65536
PRGV:33021,33021,65536
PRGV:33026,33021,65536
PRGV:33026,33026,65536
PRGV:33031,33026,65536
PRGV:33031,33031,65536
PRGV:33035,33031,65536
PRGV:33035,33034,65536
PRGV:33039,33034,65536
PRGV:33039,33039,65536
PRGV:33044,33039,65536
PRGV:33044,33044,65536
PRGV:33049,33044,65536
PRGV:33049,33049,65536
PRGV:33053,33049,65536
PRGV:33053,33053,65536
PRGV:33058,33053,65536
PRGV:33058,33058,65536
PRGV:33063,33058,65536
PRGV:33063,33063,65536
PRGV:33068,33063,65536
PRGV:33068,33067,65536
PRGV:33072,33067,65536
PRGV:33072,33072,65536
PRGV:33073,33072,65536
PRGV:33076,33072,65536
PRGV:33076,33076,65536
PRGV:33081,33076,65536
PRGV:33081,33081,65536
PRGV:33086,33081,65536
PRGV:33086,33086,65536
PRGV:33091,33086,65536
PRGV:33091,33091,65536
PRGV:33096,33091,65536
PRGV:33096,33096,65536
PRGV:33100,33096,65536
PRGV:33100,33100,65536
PRGV:33104,33100,65536
PRGV:33104,33104,65536
PRGV:33109,33104,65536
PRGV:33109,33109,65536
PRGV:33114,33109,65536
PRGV:33114,33114,65536
PRGV:33118,33114,65536
PRGV:33118,33118,65536
PRGV:33123,33118,65536
PRGV:33123,33123,65536
PRGV:33128,33123,65536
PRGV:33128,33128,65536
PRGV:33133,33128,65536
PRGV:33133,33132,65536
PRGV:33136,33132,65536
PRGV:33136,33136,65536
PRGV:33137,33136,65536
PRGV:33137,33137,65536
PRGV:33141,33137,65536
PRGV:33141,33141,65536
PRGV:33146,33141,65536
PRGV:33146,33146,65536
PRGV:33151,33146,65536
PRGV:33151,33151,65536
PRGV:33156,33151,65536
PRGV:33156,33156,65536
PRGV:33160,33156,65536
PRGV:33160,33160,65536
PRGV:33165,33160,65536
PRGV:33165,33165,65536
PRGV:33169,33165,65536
PRGV:33169,33169,65536
PRGV:33174,33169,65536
PRGV:33174,33174,65536
PRGV:33178,33174,65536
PRGV:33178,33178,65536
PRGV:33183,33178,65536
PRGV:33183,33183,65536
PRGV:33188,33183,65536
PRGV:33188,33188,65536
PRGV:33193,33188,65536
PRGV:33193,33193,65536
PRGV:33197,33193,65536
PRGV:33197,33197,65536
PRGV:33202,33197,65536
PRGV:33202,33202,65536
PRGV:33206,33202,65536
PRGV:33206,33206,65536
PRGV:33211,33206,65536
PRGV:33211,33211,65536
PRGV:33216,33211,65536
PRGV:33216,33216,65536
PRGV:33220,33216,65536
PRGV:33220,33220,65536
PRGV:33225,33220,65536
PRGV:33225,33224,65536
PRGV:33230,33224,65536
PRGV:33230,33229,65536
PRGV:33234,33229,65536
PRGV:33234,33234,65536
PRGV:33239,33234,65536
PRGV:33239,33239,65536
PRGV:33244,33239,65536
PRGV:33244,33244,65536
PRGV:33249,33244,65536
PRGV:33249,33249,65536
PRGV:33252,33249,65536
PRGV:33252,33252,65536
PRGV:33257,33252,65536
PRGV:33257,33257,65536
PRGV:33262,33257,65536
PRGV:33262,33262,65536
PRGV:33266,33262,65536
PRGV:33266,33266,65536
PRGV:33271,33266,65536
PRGV:33271,33271,65536
PRGV:33276,33271,65536
PRGV:33276,33276,65536
PRGV:33281,33276,65536
PRGV:33281,33281,65536
PRGV:33285,33281,65536
PRGV:33285,33284,65536
PRGV:33286,33284,65536
PRGV:33286,33286,65536
PRGV:33290,33286,65536
PRGV:33290,33289,65536
PRGV:33294,33289,65536
PRGV:33294,33294,65536
PRGV:33299,33294,65536
PRGV:33299,33299,65536
PRGV:33304,33299,65536
PRGV:33304,33304,65536
PRGV:33309,33304,65536
PRGV:33309,33309,65536
PRGV:33313,33309,65536
PRGV:33313,33313,65536
PRGV:33317,33313,65536
PRGV:33317,33317,65536
PRGV:33323,33317,65536
PRGV:33323,33323,65536
PRGV:33327,33323,65536
PRGV:33327,33327,65536
PRGV:33332,33327,65536
PRGV:33332,33332,65536
PRGV:33336,33332,65536
PRGV:33336,33336,65536
PRGV:33341,33336,65536
PRGV:33341,33341,65536
PRGV:33345,33341,65536
PRGV:33345,33345,65536
PRGV:33350,33345,65536
PRGV:33350,33350,65536
PRGV:33355,33350,65536
PRGV:33355,33355,65536
PRGV:33359,33355,65536
PRGV:33359,33359,65536
PRGV:33364,33359,65536
PRGV:33364,33364,65536
PRGV:33369,33364,65536
PRGV:33369,33369,65536
PRGV:33373,33369,65536
PRGV:33373,33373,65536
PRGV:33378,33373,65536
PRGV:33378,33378,65536
PRGV:33383,33378,65536
PRGV:33383,33383,65536
PRGV:33388,33383,65536
PRGV:33388,33387,65536
PRGV:33392,33387,65536
PRGV:33392,33392,65536
PRGV:33397,33392,65536
PRGV:33397,33397,65536
PRGV:33402,33397,65536
PRGV:33402,33402,65536
PRGV:33406,33402,65536
PRGV:33406,33406,65536
PRGV:33410,33406,65536
PRGV:33410,33410,65536
PRGV:33415,33410,65536
PRGV:33415,33415,65536
PRGV:33420,33415,65536
PRGV:33420,33420,65536
PRGV:33425,33420,65536
PRGV:33425,33425,65536
PRGV:33429,33425,65536
PRGV:33429,33429,65536
PRGV:33433,33429,65536
PRGV:33433,33433,65536
PRGV:33438,33433,65536
PRGV:33438,33438,65536
PRGV:33443,33438,65536
PRGV:33443,33443,65536
PRGV:33448,33443,65536
PRGV:33448,33448,65536
PRGV:33453,33448,65536
PRGV:33453,33452,65536
PRGV:33457,33452,65536
PRGV:33457,33457,65536
PRGV:33462,33457,65536
PRGV:33462,33462,65536
PRGV:33466,33462,65536
PRGV:33466,33466,65536
PRGV:33471,33466,65536
PRGV:33471,33471,65536
PRGV:33476,33471,65536
PRGV:33476,33476,65536
PRGV:33480,33476,65536
PRGV:33480,33480,65536
PRGV:33485,33480,65536
PRGV:33485,33485,65536
PRGV:33490,33485,65536
PRGV:33490,33490,65536
PRGV:33494,33490,65536
PRGV:33494,33494,65536
PRGV:33498,33494,65536
PRGV:33498,33498,65536
PRGV:33503,33498,65536
PRGV:33503,33503,65536
PRGV:33508,33503,65536
PRGV:33508,33508,65536
PRGV:33510,33508,65536
PRGV:33510,33510,65536
PRGV:33512,33510,65536
PRGV:33512,33512,65536
PRGV:33517,33512,65536
PRGV:33517,33517,65536
PRGV:33522,33517,65536
PRGV:33522,33522,65536
PRGV:33526,33522,65536
PRGV:33526,33526,65536
PRGV:33530,33526,65536
PRGV:33530,33530,65536
PRGV:33531,33530,65536
PRGV:33531,33531,65536
PRGV:33535,33531,65536
PRGV:33535,33535,65536
PRGV:33540,33535,65536
PRGV:33540,33540,65536
PRGV:33541,33540,65536
PRGV:33541,33541,65536
PRGV:33545,33541,65536
PRGV:33545,33544,65536
PRGV:33549,33544,65536
PRGV:33549,33549,65536
PRGV:33554,33549,65536
PRGV:33554,33554,65536
PRGV:33559,33554,65536
PRGV:33559,33559,65536
PRGV:33563,33559,65536
PRGV:33563,33563,65536
PRGV:33568,33563,65536
PRGV:33568,33568,65536
PRGV:33573,33568,65536
PRGV:33573,33573,65536
PRGV:33578,33573,65536
PRGV:33578,33578,65536
PRGV:33583,33578,65536
PRGV:33583,33582,65536
PRGV:33586,33582,65536
PRGV:33586,33586,65536
PRGV:33591,33586,65536
PRGV:33591,33591,65536
PRGV:33596,33591,65536
PRGV:33596,33596,65536
PRGV:33600,33596,65536
PRGV:33600,33600,65536
PRGV:33605,33600,65536
PRGV:33605,33605,65536
PRGV:33610,33605,65536
PRGV:33610,33610,65536
PRGV:36867,33610,65536
PRGV:36867,36866,65536
PRGV:36871,36866,65536
PRGV:36871,36871,65536
PRGV:36876,36871,65536
PRGV:36876,36875,65536
PRGV:36880,36875,65536
PRGV:36880,36880,65536
PRGV:36885,36880,65536
PRGV:36885,36885,65536
PRGV:36888,36885,65536
PRGV:36888,36888,65536
PRGV:36893,36888,65536
PRGV:36893,36893,65536
PRGV:36898,36893,65536
PRGV:36898,36897,65536
PRGV:36902,36897,65536
PRGV:36902,36902,65536
PRGV:36906,36902,65536
PRGV:36906,36906,65536
PRGV:36911,36906,65536
PRGV:36911,36911,65536
PRGV:36915,36911,65536
PRGV:36915,36915,65536
PRGV:36920,36915,65536
PRGV:36920,36920,65536
PRGV:36925,36920,65536
PRGV:36925,36924,65536
PRGV:36929,36924,65536
PRGV:36929,36929,65536
PRGV:36933,36929,65536
PRGV:36933,36933,65536
PRGV:36938,36933,65536
PRGV:36938,36938,65536
PRGV:36943,36938,65536
PRGV:36943,36942,65536
PRGV:36947,36942,65536
PRGV:36947,36947,65536
PRGV:36951,36947,65536
PRGV:36951,36951,65536
PRGV:36955,36951,65536
PRGV:36955,36955,65536
PRGV:36960,36955,65536
PRGV:36960,36960,65536
PRGV:36964,36960,65536
PRGV:36964,36964,65536
PRGV:36969,36964,65536
PRGV:36969,36969,65536
PRGV:36974,36969,65536
PRGV:36974,36973,65536
PRGV:36978,36973,65536
PRGV:36978,36978,65536
PRGV:36982,36978,65536
PRGV:36982,36982,65536
PRGV:36986,36982,65536
PRGV:36986,36986,65536
PRGV:36991,36986,65536
PRGV:36991,36990,65536
PRGV:36996,36990,65536
PRGV:36996,36995,65536
PRGV:37000,36995,65536
PRGV:37000,37000,65536
PRGV:37004,37000,65536
PRGV:37004,37004,65536
PRGV:37009,37004,65536
PRGV:37009,37009,65536
PRGV:37013,37009,65536
PRGV:37013,37013,65536
PRGV:37018,37013,65536
PRGV:37018,37018,65536
PRGV:37023,37018,65536
PRGV:37023,37022,65536
PRGV:37027,37022,65536
PRGV:37027,37027,65536
PRGV:37031,37027,65536
PRGV:37031,37031,65536
PRGV:37035,37031,65536
PRGV:37035,37035,65536
PRGV:37040,37035,65536
PRGV:37040,37040,65536
PRGV:37045,37040,65536
PRGV:37045,37044,65536
PRGV:37049,37044,65536
PRGV:37049,37049,65536
PRGV:37054,37049,65536
PRGV:37054,37054,65536
PRGV:37057,37054,65536
PRGV:37057,37057,65536
PRGV:37058,37057,65536
PRGV:37058,37058,65536
PRGV:37062,37058,65536
PRGV:37062,37062,65536
PRGV:37067,37062,65536
PRGV:37067,37066,65536
PRGV:37071,37066,65536
PRGV:37071,37071,65536
PRGV:37075,37071,65536
PRGV:37075,37075,65536
PRGV:37080,37075,65536
PRGV:37080,37080,65536
PRGV:37085,37080,65536
PRGV:37085,37085,65536
PRGV:37089,37085,65536
PRGV:37089,37089,65536
PRGV:37093,37089,65536
PRGV:37093,37093,65536
PRGV:37098,37093,65536
PRGV:37098,37097,65536
PRGV:37102,37097,65536
PRGV:37102,37102,65536
PRGV:37107,37102,65536
PRGV:37107,37107,65536
PRGV:37111,37107,65536
PRGV:37111,37111,65536
PRGV:37116,37111,65536
PRGV:37116,37116,65536
PRGV:37121,37116,65536
PRGV:37121,37120,65536
PRGV:37124,37120,65536
PRGV:37124,37124,65536
PRGV:37129,37124,65536
PRGV:37129,37129,65536
PRGV:37133,37129,65536
PRGV:37133,37133,65536
PRGV:37138,37133,65536
PRGV:37138,37137,65536
PRGV:37142,37137,65536
PRGV:37142,37142,65536
PRGV:37147,37142,65536
PRGV:37147,37147,65536
PRGV:37151,37147,65536
PRGV:37151,37151,65536
PRGV:37156,37151,65536
PRGV:37156,37156,65536
PRGV:37160,37156,65536
PRGV:37160,37159,65536
PRGV:37164,37159,65536
PRGV:37164,37164,65536
PRGV:37169,37164,65536
PRGV:37169,37169,65536
PRGV:37174,37169,65536
PRGV:37174,37173,65536
PRGV:37178,37173,65536
PRGV:37178,37178,65536
PRGV:37183,37178,65536
PRGV:37183,37183,65536
PRGV:37187,37183,65536
PRGV:37187,37187,65536
PRGV:37191,37187,65536
PRGV:37191,37191,65536
PRGV:37196,37191,65536
PRGV:37196,37195,65536
PRGV:37200,37195,65536
PRGV:37200,37200,65536
PRGV:37204,37200,65536
PRGV:37204,37204,65536
PRGV:37209,37204,65536
PRGV:37209,37209,65536
PRGV:37214,37209,65536
PRGV:37214,37213,65536
PRGV:37218,37213,65536
PRGV:37218,37217,65536
PRGV:37222,37217,65536
PRGV:37222,37222,65536
PRGV:37226,37222,65536
PRGV:37226,37226,65536
PRGV:37231,37226,65536
PRGV:37231,37231,65536
PRGV:37236,37231,65536
PRGV:37236,37236,65536
PRGV:37241,37236,65536
PRGV:37241,37240,65536
PRGV:37244,37240,65536
PRGV:37244,37244,65536
PRGV:37248,37244,65536
PRGV:37248,37248,65536
PRGV:37253,37248,65536
PRGV:37253,37253,65536
PRGV:37258,37253,65536
PRGV:37258,37258,65536
PRGV:37262,37258,65536
PRGV:37262,37262,65536
PRGV:37267,37262,65536
PRGV:37267,37267,65536
PRGV:37271,37267,65536
PRGV:37271,37271,65536
PRGV:37275,37271,65536
PRGV:37275,37275,65536
PRGV:37280,37275,65536
PRGV:37280,37280,65536
PRGV:37284,37280,65536
PRGV:37284,37284,65536
PRGV:37289,37284,65536
PRGV:37289,37289,65536
PRGV:37294,37289,65536
PRGV:37294,37293,65536
PRGV:37298,37293,65536
PRGV:37298,37298,65536
PRGV:37302,37298,65536
PRGV:37302,37302,65536
PRGV:37306,37302,65536
PRGV:37306,37306,65536
PRGV:37311,37306,65536
PRGV:37311,37310,65536
PRGV:37315,37310,65536
PRGV:37315,37315,65536
PRGV:37320,37315,65536
PRGV:37320,37320,65536
PRGV:37324,37320,65536
PRGV:37324,37324,65536
PRGV:37329,37324,65536
PRGV:37329,37329,65536
PRGV:37333,37329,65536
PRGV:37333,37333,65536
PRGV:37338,37333,65536
PRGV:37338,37337,65536
PRGV:37342,37337,65536
PRGV:37342,37341,65536
PRGV:37342,37342,65536
PRGV:37346,37342,65536
PRGV:37346,37346,65536
PRGV:37350,37346,65536
PRGV:37350,37350,65536
PRGV:37355,37350,65536
PRGV:37355,37355,65536
PRGV:37360,37355,65536
PRGV:37360,37359,65536
PRGV:37364,37359,65536
PRGV:37364,37364,65536
PRGV:37369,37364,65536
PRGV:37369,37368,65536
PRGV:37373,37368,65536
PRGV:37373,37373,65536
PRGV:37378,37373,65536
PRGV:37378,37378,65536
PRGV:37381,37378,65536
PRGV:37381,37381,65536
PRGV:37382,37381,65536
PRGV:37382,37382,65536
PRGV:37386,37382,65536
PRGV:37386,37386,65536
PRGV:37391,37386,65536
PRGV:37391,37390,65536
PRGV:37395,37390,65536
PRGV:37395,37395,65536
PRGV:37399,37395,65536
PRGV:37399,37399,65536
PRGV:37404,37399,65536
PRGV:37404,37404,65536
PRGV:37409,37404,65536
PRGV:37409,37408,65536
PRGV:37413,37408,65536
PRGV:37413,37413,65536
PRGV:37418,37413,65536
PRGV:37418,37417,65536
PRGV:37421,37417,65536
PRGV:37421,37421,65536
PRGV:37422,37421,65536
PRGV:37422,37422,65536
PRGV:37426,37422,65536
PRGV:37426,37426,65536
PRGV:37430,37426,65536
PRGV:37430,37430,65536
PRGV:37435,37430,65536
PRGV:37435,37434,65536
PRGV:37439,37434,65536
PRGV:37439,37439,65536
PRGV:37444,37439,65536
PRGV:37444,37444,65536
PRGV:37448,37444,65536
PRGV:37448,37448,65536
PRGV:37453,37448,65536
PRGV:37453,37453,65536
PRGV:37457,37453,65536
PRGV:37457,37457,65536
PRGV:37461,37457,65536
PRGV:37461,37461,65536
PRGV:37465,37461,65536
PRGV:37465,37465,65536
PRGV:37470,37465,65536
PRGV:37470,37470,65536
PRGV:37474,37470,65536
PRGV:37474,37474,65536
PRGV:37479,37474,65536
PRGV:37479,37479,65536
PRGV:37484,37479,65536
PRGV:37484,37483,65536
PRGV:37488,37483,65536
PRGV:37488,37488,65536
PRGV:37492,37488,65536
PRGV:37492,37492,65536
PRGV:37497,37492,65536
PRGV:37497,37497,65536
PRGV:37502,37497,65536
PRGV:37502,37502,65536
PRGV:37506,37502,65536
PRGV:37506,37506,65536
PRGV:37510,37506,65536
PRGV:37510,37509,65536
PRGV:37514,37509,65536
PRGV:37514,37514,65536
PRGV:37519,37514,65536
PRGV:37519,37519,65536
PRGV:37523,37519,65536
PRGV:37523,37523,65536
PRGV:37528,37523,65536
PRGV:37528,37528,65536
PRGV:37533,37528,65536
PRGV:37533,37532,65536
PRGV:37537,37532,65536
PRGV:37537,37537,65536
PRGV:37541,37537,65536
PRGV:37541,37541,65536
PRGV:37545,37541,65536
PRGV:37545,37545,65536
PRGV:37550,37545,65536
PRGV:37550,37549,65536
PRGV:37554,37549,65536
PRGV:37554,37554,65536
PRGV:37559,37554,65536
PRGV:37559,37558,65536
PRGV:37563,37558,65536
PRGV:37563,37563,65536
PRGV:37568,37563,65536
PRGV:37568,37568,65536
PRGV:37572,37568,65536
PRGV:37572,37572,65536
PRGV:37577,37572,65536
PRGV:37577,37576,65536
PRGV:37581,37576,65536
PRGV:37581,37580,65536
PRGV:37585,37580,65536
PRGV:37585,37585,65536
PRGV:37589,37585,65536
PRGV:37589,37589,65536
PRGV:37594,37589,65536
PRGV:37594,37594,65536
PRGV:37599,37594,65536
PRGV:37599,37598,65536
PRGV:37603,37598,65536
PRGV:37603,37603,65536
PRGV:37608,37603,65536
PRGV:37608,37607,65536
PRGV:37611,37607,65536
PRGV:37611,37611,65536
PRGV:37616,37611,65536
PRGV:37616,37616,65536
PRGV:37620,37616,65536
PRGV:37620,37620,65536
PRGV:37625,37620,65536
PRGV:37625,37624,65536
PRGV:37629,37624,65536
PRGV:37629,37629,65536
PRGV:37634,37629,65536
PRGV:37634,37634,65536
PRGV:37638,37634,65536
PRGV:37638,37638,65536
PRGV:37985,37638,65536
PRGV:37985,37985,65536
PRGV:37989,37985,65536
PRGV:37989,37989,65536
PRGV:37994,37989,65536
PRGV:37994,37993,65536
PRGV:37998,37993,65536
PRGV:37998,37998,65536
PRGV:38003,37998,65536
PRGV:38003,38002,65536
PRGV:38007,38002,65536
PRGV:38007,38007,65536
PRGV:38012,38007,65536
PRGV:38012,38012,65536
PRGV:38016,38012,65536
PRGV:38016,38016,65536
PRGV:38021,38016,65536
PRGV:38021,38020,65536
PRGV:38025,38020,65536
PRGV:38025,38024,65536
PRGV:38029,38024,65536
PRGV:38029,38029,65536
PRGV:38033,38029,65536
PRGV:38033,38033,65536
PRGV:38038,38033,65536
PRGV:38038,38038,65536
PRGV:38043,38038,65536
PRGV:38043,38042,65536
PRGV:38046,38042,65536
PRGV:38046,38046,65536
PRGV:38051,38046,65536
PRGV:38051,38051,65536
PRGV:38055,38051,65536
PRGV:38055,38055,65536
PRGV:38060,38055,65536
PRGV:38060,38060,65536
PRGV:38064,38060,65536
PRGV:38064,38064,65536
PRGV:38069,38064,65536
PRGV:38069,38068,65536
PRGV:38074,38068,65536
PRGV:38074,38073,65536
PRGV:38077,38073,65536
PRGV:38077,38077,65536
PRGV:38081,38077,65536
PRGV:38081,38081,65536
PRGV:38086,38081,65536
PRGV:38086,38086,65536
PRGV:38091,38086,65536
PRGV:38091,38090,65536
PRGV:38096,38090,65536
PRGV:38096,38095,65536
PRGV:38100,38095,65536
PRGV:38100,38100,65536
PRGV:38104,38100,65536
PRGV:38104,38104,65536
PRGV:38108,38104,65536
PRGV:38108,38108,65536
PRGV:38113,38108,65536
PRGV:38113,38112,65536
PRGV:38117,38112,65536
PRGV:38117,38117,65536
PRGV:38122,38117,65536
PRGV:38122,38121,65536
PRGV:38126,38121,65536
PRGV:38126,38126,65536
PRGV:38130,38126,65536
PRGV:38130,38129,65536
PRGV:38134,38129,65536
PRGV:38134,38134,65536
PRGV:38139,38134,65536
PRGV:38139,38138,65536
PRGV:38143,38138,65536
PRGV:38143,38143,65536
PRGV:38148,38143,65536
PRGV:38148,38148,65536
PRGV:38152,38148,65536
PRGV:38152,38152,65536
PRGV:38157,38152,65536
PRGV:38157,38156,65536
PRGV:38161,38156,65536
PRGV:38161,38160,65536
PRGV:38165,38160,65536
PRGV:38165,38165,65536
PRGV:38169,38165,65536
PRGV:38169,38169,65536
PRGV:38174,38169,65536
PRGV:38174,38174,65536
PRGV:38178,38174,65536
PRGV:38178,38178,65536
PRGV:38183,38178,65536
PRGV:38183,38182,65536
PRGV:38187,38182,65536
PRGV:38187,38187,65536
PRGV:38191,38187,65536
PRGV:38191,38191,65536
PRGV:38196,38191,65536
PRGV:38196,38196,65536
PRGV:38200,38196,65536
PRGV:38200,38199,65536
PRGV:38204,38199,65536
PRGV:38204,38204,65536
PRGV:38209,38204,65536
PRGV:38209,38209,65536
PRGV:38214,38209,65536
PRGV:38214,38213,65536
PRGV:38218,38213,65536
PRGV:38218,38218,65536
PRGV:38222,38218,65536
PRGV:38222,38222,65536
PRGV:38227,38222,65536
PRGV:38227,38226,65536
PRGV:38231,38226,65536
PRGV:38231,38230,65536
PRGV:38235,38230,65536
PRGV:38235,38235,65536
PRGV:38239,38235,65536
PRGV:38239,38239,65536
PRGV:38244,38239,65536
PRGV:38244,38244,65536
PRGV:38249,38244,65536
PRGV:38249,38248,65536
PRGV:38253,38248,65536
PRGV:38253,38253,65536
PRGV:38258,38253,65536
PRGV:38258,38257,65536
PRGV:38262,38257,65536
PRGV:38262,38262,65536
PRGV:38265,38262,65536
PRGV:38265,38265,65536
PRGV:38270,38265,65536
PRGV:38270,38270,65536
PRGV:38275,38270,65536
PRGV:38275,38274,65536
PRGV:38279,38274,65536
PRGV:38279,38279,65536
PRGV:38284,38279,65536
PRGV:38284,38284,65536
PRGV:38287,38284,65536
PRGV:38287,38287,65536
PRGV:38292,38287,65536
PRGV:38292,38291,65536
PRGV:38296,38291,65536
PRGV:38296,38296,65536
PRGV:38301,38296,65536
PRGV:38301,38301,65536
PRGV:38305,38301,65536
PRGV:38305,38305,65536
PRGV:38310,38305,65536
PRGV:38310,38310,65536
PRGV:38314,38310,65536
PRGV:38314,38314,65536
PRGV:38319,38314,65536
PRGV:38319,38318,65536
PRGV:38323,38318,65536
PRGV:38323,38323,65536
PRGV:38327,38323,65536
PRGV:38327,38327,65536
PRGV:38331,38327,65536
PRGV:38331,38331,65536
PRGV:38336,38331,65536
PRGV:38336,38335,65536
PRGV:38340,38335,65536
PRGV:38340,38340,65536
PRGV:38345,38340,65536
PRGV:38345,38344,65536
PRGV:38349,38344,65536
PRGV:38349,38349,65536
PRGV:38353,38349,65536
PRGV:38353,38353,65536
PRGV:38357,38353,65536
PRGV:38357,38357,65536
PRGV:38362,38357,65536
PRGV:38362,38361,65536
PRGV:38366,38361,65536
PRGV:38366,38366,65536
PRGV:38370,38366,65536
PRGV:38370,38370,65536
PRGV:38375,38370,65536
PRGV:38375,38375,65536
PRGV:38380,38375,65536
PRGV:38380,38380,65536
PRGV:38384,38380,65536
PRGV:38384,38384,65536
PRGV:38389,38384,65536
PRGV:38389,38388,65536
PRGV:38392,38388,65536
PRGV:38392,38392,65536
PRGV:38397,38392,65536
PRGV:38397,38397,65536
PRGV:38401,38397,65536
PRGV:38401,38401,65536
PRGV:38406,38401,65536
PRGV:38406,38405,65536
PRGV:38410,38405,65536
PRGV:38410,38410,65536
PRGV:38415,38410,65536
PRGV:38415,38414,65536
PRGV:38419,38414,65536
PRGV:38419,38419,65536
PRGV:38423,38419,65536
PRGV:38423,38423,65536
PRGV:38427,38423,65536
PRGV:38427,38427,65536
PRGV:38432,38427,65536
PRGV:38432,38431,65536
PRGV:38436,38431,65536
PRGV:38436,38436,65536
PRGV:38440,38436,65536
PRGV:38440,38440,65536
PRGV:38445,38440,65536
PRGV:38445,38445,65536
PRGV:38450,38445,65536
PRGV:38450,38450,65536
PRGV:38454,38450,65536
PRGV:38454,38454,65536
PRGV:38458,38454,65536
PRGV:38458,38457,65536
PRGV:38462,38457,65536
PRGV:38462,38462,65536
PRGV:38467,38462,65536
PRGV:38467,38467,65536
PRGV:38471,38467,65536
PRGV:38471,38471,65536
PRGV:38476,38471,65536
PRGV:38476,38475,65536
PRGV:38480,38475,65536
PRGV:38480,38480,65536
PRGV:38485,38480,65536
PRGV:38485,38484,65536
PRGV:38489,38484,65536
PRGV:38489,38489,65536
PRGV:38493,38489,65536
PRGV:38493,38493,65536
PRGV:38497,38493,65536
PRGV:38497,38497,65536
PRGV:38502,38497,65536
PRGV:38502,38501,65536
PRGV:38506,38501,65536
PRGV:38506,38506,65536
PRGV:38510,38506,65536
PRGV:38510,38510,65536
PRGV:38515,38510,65536
PRGV:38515,38515,65536
PRGV:38519,38515,65536
PRGV:38519,38519,65536
PRGV:38524,38519,65536
PRGV:38524,38523,65536
PRGV:38528,38523,65536
PRGV:38528,38528,65536
PRGV:38532,38528,65536
PRGV:38532,38532,65536
PRGV:38536,38532,65536
PRGV:38536,38536,65536
PRGV:38541,38536,65536
PRGV:38541,38540,65536
PRGV:38545,38540,65536
PRGV:38545,38545,65536
PRGV:38550,38545,65536
PRGV:38550,38549,65536
PRGV:38554,38549,65536
PRGV:38554,38554,65536
PRGV:38559,38554,65536
PRGV:38559,38559,65536
PRGV:38563,38559,65536
PRGV:38563,38563,65536
PRGV:38567,38563,65536
PRGV:38567,38567,65536
PRGV:38568,38567,65536
PRGV:38571,38567,65536
PRGV:38571,38571,65536
PRGV:38575,38571,65536
PRGV:38575,38575,65536
PRGV:38580,38575,65536
PRGV:38580,38580,65536
PRGV:38585,38580,65536
PRGV:38585,38584,65536
PRGV:38589,38584,65536
PRGV:38589,38589,65536
PRGV:38594,38589,65536
PRGV:38594,38593,65536
PRGV:38598,38593,65536
PRGV:38598,38598,65536
PRGV:38602,38598,65536
PRGV:38602,38602,65536
PRGV:38606,38602,65536
PRGV:38606,38606,65536
PRGV:38611,38606,65536
PRGV:38611,38610,65536
PRGV:38615,38610,65536
PRGV:38615,38615,65536
PRGV:38619,38615,65536
PRGV:38619,38619,65536
PRGV:38624,38619,65536
PRGV:38624,38624,65536
PRGV:38628,38624,65536
PRGV:38628,38628,65536
PRGV:38633,38628,65536
PRGV:38633,38632,65536
PRGV:38637,38632,65536
PRGV:38637,38637,65536
PRGV:38642,38637,65536
PRGV:38642,38641,65536
PRGV:38645,38641,65536
PRGV:38645,38645,65536
PRGV:38650,38645,65536
PRGV:38650,38649,65536
PRGV:38654,38649,65536
PRGV:38654,38654,65536
PRGV:38659,38654,65536
PRGV:38659,38658,65536
PRGV:38664,38658,65536
PRGV:38664,38663,65536
PRGV:38668,38663,65536
PRGV:38668,38668,65536
PRGV:38671,38668,65536
PRGV:38671,38671,65536
PRGV:38676,38671,65536
PRGV:38676,38675,65536
PRGV:38680,38675,65536
PRGV:38680,38680,65536
PRGV:38684,38680,65536
PRGV:38684,38684,65536
PRGV:38689,38684,65536
PRGV:38689,38689,65536
PRGV:38694,38689,65536
PRGV:38694,38694,65536
PRGV:38698,38694,65536
PRGV:38698,38698,65536
PRGV:38702,38698,65536
PRGV:38702,38701,65536
PRGV:38706,38701,65536
PRGV:38706,38706,65536
PRGV:38711,38706,65536
PRGV:38711,38711,65536
PRGV:38715,38711,65536
PRGV:38715,38715,65536
PRGV:38720,38715,65536
PRGV:38720,38719,65536
PRGV:38724,38719,65536
PRGV:38724,38724,65536
PRGV:38729,38724,65536
PRGV:38729,38728,65536
PRGV:38732,38728,65536
PRGV:38732,38732,65536
PRGV:38737,38732,65536
PRGV:38737,38736,65536
PRGV:38741,38736,65536
PRGV:38741,38741,65536
PRGV:38746,38741,65536
PRGV:38746,38745,65536
PRGV:38750,38745,65536
PRGV:38750,38750,65536
PRGV:38754,38750,65536
PRGV:38754,38754,65536
PRGV:40209,38754,65536
PRGV:40209,40209,65536
PRGV:40213,40209,65536
PRGV:40213,40213,65536
PRGV:40217,40213,65536
PRGV:40217,40217,65536
PRGV:40222,40217,65536
PRGV:40222,40221,65536
PRGV:40226,40221,65536
PRGV:40226,40226,65536
PRGV:40231,40226,65536
PRGV:40231,40230,65536
PRGV:40235,40230,65536
PRGV:40235,40235,65536
PRGV:40238,40235,65536
PRGV:40238,40238,65536
PRGV:40243,40238,65536
PRGV:40243,40242,65536
PRGV:40247,40242,65536
PRGV:40247,40247,65536
PRGV:40252,40247,65536
PRGV:40252,40251,65536
PRGV:40256,40251,65536
PRGV:40256,40256,65536
PRGV:40260,40256,65536
PRGV:40260,40260,65536
PRGV:40265,40260,65536
PRGV:40265,40264,65536
PRGV:40268,40264,65536
PRGV:40268,40268,65536
PRGV:40273,40268,65536
PRGV:40273,40272,65536
PRGV:40277,40272,65536
PRGV:40277,40277,65536
PRGV:40281,40277,65536
PRGV:40281,40281,65536
PRGV:40286,40281,65536
PRGV:40286,40285,65536
PRGV:40290,40285,65536
PRGV:40290,40290,65536
PRGV:40294,40290,65536
PRGV:40294,40294,65536
PRGV:40298,40294,65536
PRGV:40298,40298,65536
PRGV:40303,40298,65536
PRGV:40303,40302,65536
PRGV:40307,40302,65536
PRGV:40307,40307,65536
PRGV:40311,40307,65536
PRGV:40311,40310,65536
PRGV:40315,40310,65536
PRGV:40315,40315,65536
PRGV:40319,40315,65536
PRGV:40319,40319,65536
PRGV:40324,40319,65536
PRGV:40324,40323,65536
PRGV:40328,40323,65536
PRGV:40328,40328,65536
PRGV:40333,40328,65536
PRGV:40333,40332,65536
PRGV:40337,40332,65536
PRGV:40337,40337,65536
PRGV:40341,40337,65536
PRGV:40341,40340,65536
PRGV:40345,40340,65536
PRGV:40345,40344,65536
PRGV:40349,40344,65536
PRGV:40349,40349,65536
PRGV:40354,40349,65536
PRGV:40354,40353,65536
PRGV:40358,40353,65536
PRGV:40358,40358,65536
PRGV:40362,40358,65536
PRGV:40362,40362,65536
PRGV:40367,40362,65536
PRGV:40367,40366,65536
PRGV:40371,40366,65536
PRGV:40371,40371,65536
PRGV:40374,40371,65536
PRGV:40374,40374,65536
PRGV:40379,40374,65536
PRGV:40379,40378,65536
PRGV:40383,40378,65536
PRGV:40383,40383,65536
PRGV:40388,40383,65536
PRGV:40388,40387,65536
PRGV:40392,40387,65536
PRGV:40392,40392,65536
PRGV:40396,40392,65536
PRGV:40396,40396,65536
PRGV:40401,40396,65536
PRGV:40401,40401,65536
PRGV:40404,40401,65536
PRGV:40404,40404,65536
PRGV:40409,40404,65536
PRGV:40409,40408,65536
PRGV:40413,40408,65536
PRGV:40413,40413,65536
PRGV:40417,40413,65536
PRGV:40417,40417,65536
PRGV:40422,40417,65536
PRGV:40422,40421,65536
PRGV:40426,40421,65536
PRGV:40426,40425,65536
PRGV:40430,40425,65536
PRGV:40430,40430,65536
PRGV:40434,40430,65536
PRGV:40434,40434,65536
PRGV:40438,40434,65536
PRGV:40438,40437,65536
PRGV:40438,40438,65536
PRGV:40442,40438,65536
PRGV:40442,40442,65536
PRGV:40447,40442,65536
PRGV:40447,40446,65536
PRGV:40451,40446,65536
PRGV:40451,40451,65536
PRGV:40455,40451,65536
PRGV:40455,40455,65536
PRGV:40460,40455,65536
PRGV:40460,40459,65536
PRGV:40464,40459,65536
PRGV:40464,40464,65536
PRGV:40468,40464,65536
PRGV:40468,40467,65536
PRGV:40472,40467,65536
PRGV:40472,40472,65536
PRGV:40476,40472,65536
PRGV:40476,40476,65536
PRGV:40481,40476,65536
PRGV:40481,40480,65536
PRGV:40485,40480,65536
PRGV:40485,40485,65536
PRGV:40490,40485,65536
PRGV:40490,40489,65536
PRGV:40494,40489,65536
PRGV:40494,40494,65536
PRGV:40498,40494,65536
PRGV:40498,40498,65536
PRGV:40502,40498,65536
PRGV:40502,40501,65536
PRGV:40506,40501,65536
PRGV:40506,40506,65536
PRGV:40511,40506,65536
PRGV:40511,40510,65536
PRGV:40515,40510,65536
PRGV:40515,40515,65536
PRGV:40519,40515,65536
PRGV:40519,40519,65536
PRGV:40523,40519,65536
PRGV:40523,40523,65536
PRGV:40528,40523,65536
PRGV:40528,40527,65536
PRGV:40531,40527,65536
PRGV:40531,40531,65536
PRGV:40536,40531,65536
PRGV:40536,40535,65536
PRGV:40540,40535,65536
PRGV:40540,40540,65536
PRGV:40545,40540,65536
PRGV:40545,40544,65536
PRGV:40549,40544,65536
PRGV:40549,40549,65536
PRGV:40552,40549,65536
PRGV:40552,40552,65536
PRGV:40557,40552,65536
PRGV:40557,40556,65536
PRGV:40561,40556,65536
PRGV:40561,40561,65536
PRGV:40566,40561,65536
PRGV:40566,40565,65536
PRGV:40570,40565,65536
PRGV:40570,40570,65536
PRGV:40574,40570,65536
PRGV:40574,40574,65536
PRGV:40578,40574,65536
PRGV:40578,40578,65536
PRGV:40583,40578,65536
PRGV:40583,40582,65536
PRGV:40587,40582,65536
PRGV:40587,40587,65536
PRGV:40590,40587,65536
PRGV:40590,40590,65536
PRGV:40595,40590,65536
PRGV:40595,40594,65536
PRGV:40599,40594,65536
PRGV:40599,40599,65536
PRGV:40604,40599,65536
PRGV:40604,40603,65536
PRGV:40608,40603,65536
PRGV:40608,40608,65536
PRGV:40612,40608,65536
PRGV:40612,40612,65536
PRGV:40617,40612,65536
PRGV:40617,40616,65536
PRGV:40621,40616,65536
PRGV:40621,40620,65536
PRGV:40625,40620,65536
PRGV:40625,40624,65536
PRGV:40629,40624,65536
PRGV:40629,40629,65536
PRGV:40633,40629,65536
PRGV:40633,40633,65536
PRGV:40637,40633,65536
PRGV:40637,40637,65536
PRGV:40642,40637,65536
PRGV:40642,40641,65536
PRGV:40646,40641,65536
PRGV:40646,40646,65536
PRGV:40650,40646,65536
PRGV:40650,40650,65536
PRGV:40655,40650,65536
PRGV:40655,40654,65536
PRGV:40659,40654,65536
PRGV:40659,40658,65536
PRGV:40663,40658,65536
PRGV:40663,40662,65536
PRGV:40667,40662,65536
PRGV:40667,40667,65536
PRGV:40671,40667,65536
PRGV:40671,40671,65536
PRGV:40676,40671,65536
PRGV:40676,40675,65536
PRGV:40680,40675,65536
PRGV:40680,40680,65536
PRGV:40684,40680,65536
PRGV:40684,40684,65536
PRGV:40688,40684,65536
PRGV:40688,40688,65536
PRGV:40693,40688,65536
PRGV:40693,40692,65536
PRGV:40696,40692,65536
PRGV:40696,40696,65536
PRGV:40701,40696,65536
PRGV:40701,40700,65536
PRGV:40705,40700,65536
PRGV:40705,40705,65536
PRGV:40709,40705,65536
PRGV:40709,40709,65536
PRGV:40714,40709,65536
PRGV:40714,40713,65536
PRGV:40718,40713,65536
PRGV:40718,40718,65536
PRGV:40722,40718,65536
PRGV:40722,40722,65536
PRGV:40726,40722,65536
PRGV:40726,40726,65536
PRGV:40731,40726,65536
PRGV:40731,40730,65536
PRGV:40734,40730,65536
PRGV:40734,40734,65536
PRGV:40739,40734,65536
PRGV:40739,40738,65536
PRGV:40743,40738,65536
PRGV:40743,40743,65536
PRGV:40747,40743,65536
PRGV:40747,40747,65536
PRGV:40752,40747,65536
PRGV:40752,40751,65536
PRGV:40756,40751,65536
PRGV:40756,40756,65536
PRGV:40761,40756,65536
PRGV:40761,40760,65536
PRGV:40765,40760,65536
PRGV:40765,40765,65536
PRGV:40768,40765,65536
PRGV:40768,40768,65536
PRGV:40773,40768,65536
PRGV:40773,40772,65536
PRGV:40777,40772,65536
PRGV:40777,40777,65536
PRGV:40782,40777,65536
PRGV:40782,40781,65536
PRGV:40785,40781,65536
PRGV:40785,40785,65536
PRGV:40790,40785,65536
PRGV:40790,40790,65536
PRGV:40794,40790,65536
PRGV:40794,40793,65536
PRGV:40794,40794,65536
PRGV:40798,40794,65536
PRGV:40798,40798,65536
PRGV:40802,40798,65536
PRGV:40802,40802,65536
PRGV:40806,40802,65536
PRGV:40806,40806,65536
PRGV:40811,40806,65536
PRGV:40811,40810,65536
PRGV:40815,40810,65536
PRGV:40815,40815,65536
PRGV:40820,40815,65536
PRGV:40820,40819,65536
PRGV:40824,40819,65536
PRGV:40824,40824,65536
PRGV:40828,40824,65536
PRGV:40828,40828,65536
PRGV:40832,40828,65536
PRGV:40832,40831,65536
PRGV:40836,40831,65536
PRGV:40836,40836,65536
PRGV:40840,40836,65536
PRGV:40840,40840,65536
PRGV:40845,40840,65536
PRGV:40845,40844,65536
PRGV:40849,40844,65536
PRGV:40849,40849,65536
PRGV:40853,40849,65536
PRGV:40853,40853,65536
PRGV:40858,40853,65536
PRGV:40858,40857,65536
PRGV:40862,40857,65536
PRGV:40862,40862,65536
PRGV:40865,40862,65536
PRGV:40865,40865,65536
PRGV:40870,40865,65536
PRGV:40870,40869,65536
PRGV:40874,40869,65536
PRGV:40874,40874,65536
PRGV:40878,40874,65536
PRGV:40878,40878,65536
PRGV:40883,40878,65536
PRGV:40883,40882,65536
PRGV:40887,40882,65536
PRGV:40887,40887,65536
PRGV:40891,40887,65536
PRGV:40891,40891,65536
PRGV:40896,40891,65536
PRGV:40896,40895,65536
PRGV:40899,40895,65536
PRGV:40899,40898,65536
PRGV:40903,40898,65536
PRGV:40903,40903,65536
PRGV:40908,40903,65536
PRGV:40908,40907,65536
PRGV:40912,40907,65536
PRGV:40912,40912,65536
PRGV:40916,40912,65536
PRGV:40916,40916,65536
PRGV:40921,40916,65536
PRGV:40921,40920,65536
PRGV:40925,40920,65536
PRGV:40925,40924,65536
PRGV:40929,40924,65536
PRGV:40929,40929,65536
PRGV:40933,40929,65536
PRGV:40933,40933,65536
PRGV:40934,40933,65536
PRGV:40937,40933,65536
PRGV:40937,40936,65536
PRGV:40941,40936,65536
PRGV:40941,40941,65536
PRGV:40946,40941,65536
PRGV:40946,40946,65536
PRGV:40950,40946,65536
PRGV:40950,40950,65536
PRGV:40954,40950,65536
PRGV:40954,40954,65536
PRGV:42485,40954,65536
PRGV:42485,42485,65536
PRGV:42490,42485,65536
PRGV:42490,42489,65536
PRGV:42493,42489,65536
PRGV:42493,42493,65536
PRGV:42497,42493,65536
PRGV:42497,42497,65536
PRGV:42501,42497,65536
PRGV:42501,42501,65536
PRGV:42506,42501,65536
PRGV:42506,42505,65536
PRGV:42510,42505,65536
PRGV:42510,42509,65536
PRGV:42514,42509,65536
PRGV:42514,42513,65536
PRGV:42518,42513,65536
PRGV:42518,42518,65536
PRGV:42522,42518,65536
PRGV:42522,42522,65536
PRGV:42527,42522,65536
PRGV:42527,42526,65536
PRGV:42530,42526,65536
PRGV:42530,42530,65536
PRGV:42534,42530,65536
PRGV:42534,42534,65536
PRGV:42539,42534,65536
PRGV:42539,42538,65536
PRGV:42543,42538,65536
PRGV:42543,42543,65536
PRGV:42547,42543,65536
PRGV:42547,42546,65536
PRGV:42550,42546,65536
PRGV:42550,42550,65536
PRGV:42555,42550,65536
PRGV:42555,42554,65536
PRGV:42559,42554,65536
PRGV:42559,42559,65536
PRGV:42563,42559,65536
PRGV:42563,42562,65536
PRGV:42567,42562,65536
PRGV:42567,42567,65536
PRGV:42572,42567,65536
PRGV:42572,42571,65536
PRGV:42576,42571,65536
PRGV:42576,42575,65536
PRGV:42580,42575,65536
PRGV:42580,42580,65536
PRGV:42584,42580,65536
PRGV:42584,42583,65536
PRGV:42588,42583,65536
PRGV:42588,42587,65536
PRGV:42592,42587,65536
PRGV:42592,42591,65536
PRGV:42596,42591,65536
PRGV:42596,42596,65536
PRGV:42600,42596,65536
PRGV:42600,42599,65536
PRGV:42604,42599,65536
PRGV:42604,42604,65536
PRGV:42608,42604,65536
PRGV:42608,42608,65536
PRGV:42613,42608,65536
PRGV:42613,42612,65536
PRGV:42617,42612,65536
PRGV:42617,42616,65536
PRGV:42621,42616,65536
PRGV:42621,42620,65536
PRGV:42625,42620,65536
PRGV:42625,42625,65536
PRGV:42628,42625,65536
PRGV:42628,42628,65536
PRGV:42633,42628,65536
PRGV:42633,42632,65536
PRGV:42637,42632,65536
PRGV:42637,42636,65536
PRGV:42641,42636,65536
PRGV:42641,42641,65536
PRGV:42645,42641,65536
PRGV:42645,42645,65536
PRGV:42649,42645,65536
PRGV:42649,42649,65536
PRGV:42654,42649,65536
PRGV:42654,42653,65536
PRGV:42658,42653,65536
PRGV:42658,42657,65536
PRGV:42662,42657,65536
PRGV:42662,42662,65536
PRGV:42665,42662,65536
PRGV:42665,42665,65536
PRGV:42670,42665,65536
PRGV:42670,42669,65536
PRGV:42674,42669,65536
PRGV:42674,42673,65536
PRGV:42678,42673,65536
PRGV:42678,42678,65536
PRGV:42682,42678,65536
PRGV:42682,42682,65536
PRGV:42686,42682,65536
PRGV:42686,42686,65536
PRGV:42691,42686,65536
PRGV:42691,42690,65536
PRGV:42694,42690,65536
PRGV:42694,42694,65536
PRGV:42698,42694,65536
PRGV:42698,42698,65536
PRGV:42702,42698,65536
PRGV:42702,42702,65536
PRGV:42707,42702,65536
PRGV:42707,42706,65536
PRGV:42711,42706,65536
PRGV:42711,42711,65536
PRGV:42715,42711,65536
PRGV:42715,42714,65536
PRGV:42719,42714,65536
PRGV:42719,42719,65536
PRGV:42724,42719,65536
PRGV:42724,42723,65536
PRGV:42727,42723,65536
PRGV:42727,42727,65536
PRGV:42731,42727,65536
PRGV:42731,42730,65536
PRGV:42735,42730,65536
PRGV:42735,42735,65536
PRGV:42739,42735,65536
PRGV:42739,42739,65536
PRGV:42744,42739,65536
PRGV:42744,42743,65536
PRGV:42748,42743,65536
PRGV:42748,42748,65536
PRGV:42752,42748,65536
PRGV:42752,42751,65536
PRGV:42756,42751,65536
PRGV:42756,42756,65536
PRGV:42761,42756,65536
PRGV:42761,42760,65536
PRGV:42765,42760,65536
PRGV:42765,42764,65536
PRGV:42769,42764,65536
PRGV:42769,42768,65536
PRGV:42772,42768,65536
PRGV:42772,42772,65536
PRGV:42776,42772,65536
PRGV:42776,42776,65536
PRGV:42781,42776,65536
PRGV:42781,42780,65536
PRGV:42784,42780,65536
PRGV:42784,42784,65536
PRGV:42789,42784,65536
PRGV:42789,42788,65536
PRGV:42793,42788,65536
PRGV:42793,42793,65536
PRGV:42797,42793,65536
PRGV:42797,42797,65536
PRGV:42801,42797,65536
PRGV:42801,42801,65536
PRGV:42805,42801,65536
PRGV:42805,42805,65536
PRGV:42810,42805,65536
PRGV:42810,42809,65536
PRGV:42813,42809,65536
PRGV:42813,42813,65536
PRGV:42817,42813,65536
PRGV:42817,42817,65536
PRGV:42821,42817,65536
PRGV:42821,42821,65536
PRGV:42826,42821,65536
PRGV:42826,42825,65536
PRGV:42830,42825,65536
PRGV:42830,42829,65536
PRGV:42834,42829,65536
PRGV:42834,42833,65536
PRGV:42838,42833,65536
PRGV:42838,42837,65536
PRGV:42842,42837,65536
PRGV:42842,42842,65536
PRGV:42847,42842,65536
PRGV:42847,42846,65536
PRGV:42850,42846,65536
PRGV:42850,42849,65536
PRGV:42854,42849,65536
PRGV:42854,42853,65536
PRGV:42858,42853,65536
PRGV:42858,42858,65536
PRGV:42862,42858,65536
PRGV:42862,42862,65536
PRGV:42866,42862,65536
PRGV:42866,42866,65536
PRGV:42871,42866,65536
PRGV:42871,42870,65536
PRGV:42875,42870,65536
PRGV:42875,42874,65536
PRGV:42879,42874,65536
PRGV:42879,42879,65536
PRGV:42883,42879,65536
PRGV:42883,42882,65536
PRGV:42887,42882,65536
PRGV:42887,42887,65536
PRGV:42891,42887,65536
PRGV:42891,42891,65536
PRGV:42896,42891,65536
PRGV:42896,42895,65536
PRGV:42900,42895,65536
PRGV:42900,42900,65536
PRGV:42903,42900,65536
PRGV:42903,42903,65536
PRGV:42907,42903,65536
PRGV:42907,42907,65536
PRGV:42912,42907,65536
PRGV:42912,42911,65536
PRGV:42915,42911,65536
PRGV:42915,42915,65536
PRGV:42920,42915,65536
PRGV:42920,42919,65536
PRGV:42924,42919,65536
PRGV:42924,42924,65536
PRGV:42928,42924,65536
PRGV:42928,42928,65536
PRGV:42933,42928,65536
PRGV:42933,42932,65536
PRGV:42936,42932,65536
PRGV:42936,42936,65536
PRGV:42940,42936,65536
PRGV:42940,42940,65536
PRGV:42944,42940,65536
PRGV:42944,42944,65536
PRGV:42949,42944,65536
PRGV:42949,42948,65536
PRGV:42952,42948,65536
PRGV:42952,42952,65536
PRGV:42957,42952,65536
PRGV:42957,42956,65536
PRGV:42961,42956,65536
PRGV:42961,42960,65536
PRGV:42965,42960,65536
PRGV:42965,42965,65536
PRGV:42969,42965,65536
PRGV:42969,42969,65536
PRGV:42973,42969,65536
PRGV:42973,42973,65536
PRGV:42977,42973,65536
PRGV:42977,42976,65536
PRGV:42981,42976,65536
PRGV:42981,42981,65536
PRGV:42985,42981,65536
PRGV:42985,42985,65536
PRGV:42989,42985,65536
PRGV:42989,42989,65536
PRGV:42994,42989,65536
PRGV:42994,42993,65536
PRGV:42998,42993,65536
PRGV:42998,42997,65536
PRGV:43002,42997,65536
PRGV:43002,43001,65536
PRGV:43005,43001,65536
PRGV:43005,43005,65536
PRGV:43010,43005,65536
PRGV:43010,43009,65536
PRGV:43014,43009,65536
PRGV:43014,43013,65536
PRGV:43018,43013,65536
PRGV:43018,43017,65536
PRGV:43022,43017,65536
PRGV:43022,43022,65536
PRGV:43026,43022,65536
PRGV:43026,43026,65536
PRGV:43031,43026,65536
PRGV:43031,43030,65536
PRGV:43034,43030,65536
PRGV:43034,43033,65536
PRGV:43038,43033,65536
PRGV:43038,43037,65536
PRGV:43042,43037,65536
PRGV:43042,43042,65536
PRGV:43046,43042,65536
PRGV:43046,43046,65536
PRGV:43050,43046,65536
PRGV:43050,43050,65536
PRGV:43054,43050,65536
PRGV:43054,43054,65536
PRGV:43059,43054,65536
PRGV:43059,43058,65536
PRGV:43063,43058,65536
PRGV:43063,43063,65536
PRGV:43067,43063,65536
PRGV:43067,43066,65536
PRGV:43071,43066,65536
PRGV:43071,43071,65536
PRGV:43075,43071,65536
PRGV:43075,43074,65536
PRGV:43079,43074,65536
PRGV:43079,43079,65536
PRGV:43083,43079,65536
PRGV:43083,43082,65536
PRGV:43087,43082,65536
PRGV:43087,43087,65536
PRGV:43091,43087,65536
PRGV:43091,43091,65536
PRGV:43096,43091,65536
PRGV:43096,43095,65536
PRGV:43099,43095,65536
PRGV:43099,43099,65536
PRGV:43103,43099,65536
PRGV:43103,43102,65536
PRGV:43107,43102,65536
PRGV:43107,43107,65536
PRGV:43112,43107,65536
PRGV:43112,43111,65536
PRGV:43115,43111,65536
PRGV:43115,43115,65536
PRGV:43120,43115,65536
PRGV:43120,43119,65536
PRGV:43124,43119,65536
PRGV:43124,43123,65536
PRGV:43128,43123,65536
PRGV:43128,43128,65536
PRGV:43132,43128,65536
PRGV:43132,43131,65536
PRGV:43136,43131,65536
PRGV:43136,43136,65536
PRGV:43140,43136,65536
PRGV:43140,43140,65536
PRGV:43144,43140,65536
PRGV:43144,43144,65536
PRGV:43148,43144,65536
PRGV:43148,43147,65536
PRGV:43152,43147,65536
PRGV:43152,43152,65536
PRGV:43157,43152,65536
PRGV:43157,43156,65536
PRGV:43161,43156,65536
PRGV:43161,43160,65536
PRGV:43165,43160,65536
PRGV:43165,43165,65536
PRGV:43169,43165,65536
PRGV:43169,43168,65536
PRGV:43172,43168,65536
PRGV:43172,43172,65536
PRGV:43177,43172,65536
PRGV:43177,43176,65536
PRGV:43180,43176,65536
PRGV:43180,43180,65536
PRGV:43185,43180,65536
PRGV:43185,43184,65536
PRGV:43189,43184,65536
PRGV:43189,43188,65536
PRGV:43193,43188,65536
PRGV:43193,43193,65536
PRGV:43197,43193,65536
PRGV:43197,43196,65536
PRGV:43201,43196,65536
PRGV:43201,43201,65536
PRGV:43206,43201,65536
PRGV:43206,43205,65536
PRGV:43209,43205,65536
PRGV:43209,43209,65536
PRGV:43716,43209,65536
PRGV:43716,43715,65536
PRGV:43720,43715,65536
PRGV:43720,43720,65536
PRGV:43724,43720,65536
PRGV:43724,43724,65536
PRGV:43729,43724,65536
PRGV:43729,43728,65536
PRGV:43732,43728,65536
PRGV:43732,43732,65536
PRGV:43737,43732,65536
PRGV:43737,43736,65536
PRGV:43741,43736,65536
PRGV:43741,43740,65536
PRGV:43744,43740,65536
PRGV:43744,43743,65536
PRGV:43748,43743,65536
PRGV:43748,43748,65536
PRGV:43752,43748,65536
PRGV:43752,43752,65536
PRGV:43757,43752,65536
PRGV:43757,43756,65536
PRGV:43760,43756,65536
PRGV:43760,43760,65536
PRGV:43765,43760,65536
PRGV:43765,43764,65536
PRGV:43769,43764,65536
PRGV:43769,43768,65536
PRGV:43772,43768,65536
PRGV:43772,43772,65536
PRGV:43776,43772,65536
PRGV:43776,43776,65536
PRGV:43780,43776,65536
PRGV:43780,43780,65536
PRGV:43785,43780,65536
PRGV:43785,43784,65536
PRGV:43789,43784,65536
PRGV:43789,43789,65536
PRGV:43793,43789,65536
PRGV:43793,43792,65536
PRGV:43797,43792,65536
PRGV:43797,43797,65536
PRGV:43801,43797,65536
PRGV:43801,43801,65536
PRGV:43805,43801,65536
PRGV:43805,43805,65536
PRGV:43809,43805,65536
PRGV:43809,43808,65536
PRGV:43813,43808,65536
PRGV:43813,43812,65536
PRGV:43817,43812,65536
PRGV:43817,43817,65536
PRGV:43821,43817,65536
PRGV:43821,43821,65536
PRGV:43825,43821,65536
PRGV:43825,43825,65536
PRGV:43829,43825,65536
PRGV:43829,43829,65536
PRGV:43834,43829,65536
PRGV:43834,43833,65536
PRGV:43837,43833,65536
PRGV:43837,43837,65536
PRGV:43841,43837,65536
PRGV:43841,43840,65536
PRGV:43845,43840,65536
PRGV:43845,43845,65536
PRGV:43849,43845,65536
PRGV:43849,43849,65536
PRGV:43854,43849,65536
PRGV:43854,43853,65536
PRGV:43857,43853,65536
PRGV:43857,43857,65536
PRGV:43862,43857,65536
PRGV:43862,43861,65536
PRGV:43866,43861,65536
PRGV:43866,43865,65536
PRGV:43869,43865,65536
PRGV:43869,43868,65536
PRGV:43873,43868,65536
PRGV:43873,43873,65536
PRGV:43877,43873,65536
PRGV:43877,43877,65536
PRGV:43882,43877,65536
PRGV:43882,43881,65536
PRGV:43886,43881,65536
PRGV:43886,43885,65536
PRGV:43890,43885,65536
PRGV:43890,43889,65536
PRGV:43893,43889,65536
PRGV:43893,43893,65536
PRGV:43897,43893,65536
PRGV:43897,43897,65536
PRGV:43901,43897,65536
PRGV:43901,43901,65536
PRGV:43905,43901,65536
PRGV:43905,43905,65536
PRGV:43910,43905,65536
PRGV:43910,43909,65536
PRGV:43914,43909,65536
PRGV:43914,43913,65536
PRGV:43918,43913,65536
PRGV:43918,43917,65536
PRGV:43921,43917,65536
PRGV:43921,43921,65536
PRGV:43925,43921,65536
PRGV:43925,43925,65536
PRGV:43930,43925,65536
PRGV:43930,43929,65536
PRGV:43933,43929,65536
PRGV:43933,43933,65536
PRGV:43938,43933,65536
PRGV:43938,43937,65536
PRGV:43942,43937,65536
PRGV:43942,43941,65536
PRGV:43946,43941,65536
PRGV:43946,43946,65536
PRGV:43949,43946,65536
PRGV:43949,43949,65536
PRGV:43953,43949,65536
PRGV:43953,43953,65536
PRGV:43958,43953,65536
PRGV:43958,43957,65536
PRGV:43962,43957,65536
PRGV:43962,43961,65536
PRGV:43966,43961,65536
PRGV:43966,43965,65536
PRGV:43970,43965,65536
PRGV:43970,43969,65536
PRGV:43974,43969,65536
PRGV:43974,43974,65536
PRGV:43977,43974,65536
PRGV:43977,43977,65536
PRGV:43981,43977,65536
PRGV:43981,43981,65536
PRGV:43986,43981,65536
PRGV:43986,43985,65536
PRGV:43990,43985,65536
PRGV:43990,43989,65536
PRGV:43994,43989,65536
PRGV:43994,43993,65536
PRGV:43998,43993,65536
PRGV:43998,43997,65536
PRGV:44002,43997,65536
PRGV:44002,44001,65536
PRGV:44006,44001,65536
PRGV:44006,44006,65536
PRGV:44010,44006,65536
PRGV:44010,44009,65536
PRGV:44014,44009,65536
PRGV:44014,44014,65536
PRGV:44018,44014,65536
PRGV:44018,44018,65536
PRGV:44022,44018,65536
PRGV:44022,44022,65536
PRGV:44025,44022,65536
PRGV:44025,44025,65536
PRGV:44030,44025,65536
PRGV:44030,44029,65536
PRGV:44034,44029,65536
PRGV:44034,44033,65536
PRGV:44038,44033,65536
PRGV:44038,44038,65536
PRGV:44042,44038,65536
PRGV:44042,44041,65536
PRGV:44046,44041,65536
PRGV:44046,44045,65536
PRGV:44050,44045,65536
PRGV:44050,44050,65536
PRGV:44054,44050,65536
PRGV:44054,44054,65536
PRGV:44058,44054,65536
PRGV:44058,44058,65536
PRGV:44062,44058,65536
PRGV:44062,44062,65536
PRGV:44066,44062,65536
PRGV:44066,44065,65536
PRGV:44070,44065,65536
PRGV:44070,44070,65536
PRGV:44074,44070,65536
PRGV:44074,44073,65536
PRGV:44078,44073,65536
PRGV:44078,44078,65536
PRGV:44082,44078,65536
PRGV:44082,44082,65536
PRGV:44087,44082,65536
PRGV:44087,44086,65536
PRGV:44090,44086,65536
PRGV:44090,44090,65536
PRGV:44094,44090,65536
PRGV:44094,44094,65536
PRGV:44098,44094,65536
PRGV:44098,44097,65536
PRGV:44102,44097,65536
PRGV:44102,44101,65536
PRGV:44106,44101,65536
PRGV:44106,44105,65536
PRGV:44110,44105,65536
PRGV:44110,44110,65536
PRGV:44114,44110,65536
PRGV:44114,44114,65536
PRGV:44119,44114,65536
PRGV:44119,44118,65536
PRGV:44122,44118,65536
PRGV:44122,44122,65536
PRGV:44126,44122,65536
PRGV:44126,44126,65536
PRGV:44130,44126,65536
PRGV:44130,44129,65536
PRGV:44134,44129,65536
PRGV:44134,44133,65536
PRGV:44138,44133,65536
PRGV:44138,44137,65536
PRGV:44142,44137,65536
PRGV:44142,44142,65536
PRGV:44146,44142,65536
PRGV:44146,44146,65536
PRGV:44150,44146,65536
PRGV:44150,44150,65536
PRGV:44154,44150,65536
PRGV:44154,44154,65536
PRGV:44159,44154,65536
PRGV:44159,44158,65536
PRGV:44162,44158,65536
PRGV:44162,44161,65536
PRGV:44166,44161,65536
PRGV:44166,44165,65536
PRGV:44170,44165,65536
PRGV:44170,44170,65536
PRGV:44174,44170,65536
PRGV:44174,44174,65536
PRGV:44179,44174,65536
PRGV:44179,44178,65536
PRGV:44182,44178,65536
PRGV:44182,44182,65536
PRGV:44186,44182,65536
PRGV:44186,44186,65536
PRGV:44191,44186,65536
PRGV:44191,44190,65536
PRGV:44194,44190,65536
PRGV:44194,44193,65536
PRGV:44198,44193,65536
PRGV:44198,44197,65536
PRGV:44202,44197,65536
PRGV:44202,44202,65536
PRGV:44206,44202,65536
PRGV:44206,44206,65536
PRGV:44211,44206,65536
PRGV:44211,44210,65536
PRGV:44214,44210,65536
PRGV:44214,44214,65536
PRGV:44218,44214,65536
PRGV:44218,44218,65536
PRGV:44223,44218,65536
PRGV:44223,44222,65536
PRGV:44226,44222,65536
PRGV:44226,44226,65536
PRGV:44230,44226,65536
PRGV:44230,44230,65536
PRGV:44234,44230,65536
PRGV:44234,44233,65536
PRGV:44238,44233,65536
PRGV:44238,44238,65536
PRGV:44242,44238,65536
PRGV:44242,44241,65536
PRGV:44246,44241,65536
PRGV:44246,44246,65536
PRGV:44250,44246,65536
PRGV:44250,44250,65536
PRGV:44255,44250,65536
PRGV:44255,44254,65536
PRGV:44258,44254,65536
PRGV:44258,44258,65536
PRGV:44262,44258,65536
PRGV:44262,44261,65536
PRGV:44266,44261,65536
PRGV:44266,44266,65536
PRGV:44270,44266,65536
PRGV:44270,44269,65536
PRGV:44274,44269,65536
PRGV:44274,44274,65536
PRGV:44279,44274,65536
PRGV:44279,44278,65536
PRGV:44282,44278,65536
PRGV:44282,44282,65536
PRGV:44286,44282,65536
PRGV:44286,44285,65536
PRGV:44290,44285,65536
PRGV:44290,44289,65536
PRGV:44294,44289,65536
PRGV:44294,44294,65536
PRGV:44298,44294,65536
PRGV:44298,44298,65536
PRGV:44302,44298,65536
PRGV:44302,44302,65536
PRGV:44306,44302,65536
PRGV:44306,44306,65536
PRGV:44310,44306,65536
PRGV:44310,44310,65536
PRGV:44315,44310,65536
PRGV:44315,44314,65536
PRGV:44318,44314,65536
PRGV:44318,44318,65536
PRGV:44322,44318,65536
PRGV:44322,44321,65536
PRGV:44326,44321,65536
PRGV:44326,44325,65536
PRGV:44330,44325,65536
PRGV:44330,44329,65536
PRGV:44334,44329,65536
PRGV:44334,44333,65536
PRGV:44338,44333,65536
PRGV:44338,44338,65536
PRGV:44342,44338,65536
PRGV:44342,44342,65536
PRGV:44347,44342,65536
PRGV:44347,44346,65536
PRGV:44350,44346,65536
PRGV:44350,44350,65536
PRGV:44354,44350,65536
PRGV:44354,44353,65536
PRGV:44358,44353,65536
PRGV:44358,44357,65536
PRGV:44362,44357,65536
PRGV:44362,44361,65536
PRGV:44366,44361,65536
PRGV:44366,44365,65536
PRGV:44370,44365,65536
PRGV:44370,44370,65536
PRGV:44374,44370,65536
PRGV:44374,44374,65536
PRGV:44379,44374,65536
PRGV:44379,44378,65536
PRGV:44382,44378,65536
PRGV:44382,44381,65536
PRGV:44386,44381,65536
PRGV:44386,44385,65536
PRGV:44390,44385,65536
PRGV:44390,44389,65536
PRGV:44394,44389,65536
PRGV:44394,44393,65536
PRGV:44398,44393,65536
PRGV:44398,44397,65536
PRGV:44402,44397,65536
PRGV:44402,44402,65536
PRGV:44406,44402,65536
PRGV:44406,44406,65536
PRGV:44410,44406,65536
PRGV:44410,44409,65536
PRGV:44414,44409,65536
PRGV:44414,44414,65536
PRGV:44418,44414,65536
PRGV:44418,44417,65536
PRGV:44421,44417,65536
PRGV:44421,44421,65536
PRGV:44426,44421,65536
PRGV:44426,44425,65536
PRGV:44430,44425,65536
PRGV:44430,44429,65536
PRGV:44434,44429,65536
PRGV:44434,44434,65536
PRGV:44438,44434,65536
PRGV:44438,44437,65536
PRGV:44441,44437,65536
PRGV:44441,44441,65536
PRGV:44442,44441,65536
PRGV:44445,44441,65536
PRGV:44445,44445,65536
PRGV:44450,44445,65536
PRGV:44450,44449,65536
PRGV:44453,44449,65536
PRGV:44453,44453,65536
PRGV:44458,44453,65536
PRGV:44458,44457,65536
PRGV:44462,44457,65536
PRGV:44462,44461,65536
PRGV:44466,44461,65536
PRGV:44466,44466,65536
PRGV:44470,44466,65536
PRGV:44470,44469,65536
PRGV:44473,44469,65536
PRGV:44473,44473,65536
PRGV:44477,44473,65536
PRGV:44477,44477,65536
PRGV:44482,44477,65536
PRGV:44482,44481,65536
PRGV:44485,44481,65536
PRGV:44485,44485,65536
PRGV:44490,44485,65536
PRGV:44490,44489,65536
PRGV:44494,44489,65536
PRGV:44494,44493,65536
PRGV:44498,44493,65536
PRGV:44498,44497,65536
PRGV:44502,44497,65536
PRGV:44502,44501,65536
PRGV:44505,44501,65536
PRGV:44505,44505,65536
PRGV:44509,44505,65536
PRGV:44509,44509,65536
PRGV:44513,44509,65536
PRGV:44513,44513,65536
PRGV:44517,44513,65536
PRGV:44517,44517,65536
PRGV:44521,44517,65536
PRGV:44521,44521,65536
PRGV:44526,44521,65536
PRGV:44526,44525,65536
PRGV:44529,44525,65536
PRGV:44529,44529,65536
PRGV:44534,44529,65536
PRGV:44534,44533,65536
PRGV:44538,44533,65536
PRGV:44538,44537,65536
PRGV:44541,44537,65536
PRGV:44541,44540,65536
PRGV:44545,44540,65536
PRGV:44545,44545,65536
PRGV:44549,44545,65536
PRGV:44549,44549,65536
PRGV:44554,44549,65536
PRGV:44554,44553,65536
PRGV:44558,44553,65536
PRGV:44558,44557,65536
PRGV:44561,44557,65536
PRGV:44561,44560,65536
PRGV:44565,44560,65536
PRGV:44565,44565,65536
PRGV:44569,44565,65536
PRGV:44569,44569,65536
PRGV:44574,44569,65536
PRGV:44574,44573,65536
PRGV:44577,44573,65536
PRGV:44577,44577,65536
PRGV:44581,44577,65536
PRGV:44581,44581,65536
PRGV:44586,44581,65536
PRGV:44586,44585,65536
PRGV:44589,44585,65536
PRGV:44589,44588,65536
PRGV:44593,44588,65536
PRGV:44593,44592,65536
PRGV:44597,44592,65536
PRGV:44597,44596,65536
PRGV:44601,44596,65536
PRGV:44601,44600,65536
PRGV:44605,44600,65536
PRGV:44605,44604,65536
PRGV:44609,44604,65536
PRGV:44609,44608,65536
PRGV:44613,44608,65536
PRGV:44613,44613,65536
PRGV:44617,44613,65536
PRGV:44617,44616,65536
PRGV:44621,44616,65536
PRGV:44621,44620,65536
PRGV:44625,44620,65536
PRGV:44625,44625,65536
PRGV:44629,44625,65536
PRGV:44629,44628,65536
PRGV:44632,44628,65536
PRGV:44632,44632,65536
PRGV:44636,44632,65536
PRGV:44636,44636,65536
PRGV:44641,44636,65536
PRGV:44641,44640,65536
PRGV:44645,44640,65536
PRGV:44645,44644,65536
PRGV:44649,44644,65536
PRGV:44649,44648,65536
PRGV:44653,44648,65536
PRGV:44653,44652,65536
PRGV:44657,44652,65536
PRGV:44657,44656,65536
PRGV:44660,44656,65536
PRGV:44660,44659,65536
PRGV:44664,44659,65536
PRGV:44664,44664,65536
PRGV:44668,44664,65536
PRGV:44668,44668,65536
PRGV:44673,44668,65536
PRGV:44673,44672,65536
PRGV:44677,44672,65536
PRGV:44677,44676,65536
PRGV:44680,44676,65536
PRGV:44680,44680,65536
PRGV:44685,44680,65536
PRGV:44685,44684,65536
PRGV:44689,44684,65536
PRGV:44689,44688,65536
PRGV:44692,44688,65536
PRGV:44692,44692,65536
PRGV:44696,44692,65536
PRGV:44696,44695,65536
PRGV:44700,44695,65536
PRGV:44700,44700,65536
PRGV:44704,44700,65536
PRGV:44704,44703,65536
PRGV:44708,44703,65536
PRGV:44708,44708,65536
PRGV:44712,44708,65536
PRGV:44712,44712,65536
PRGV:44716,44712,65536
PRGV:44716,44716,65536
PRGV:44721,44716,65536
PRGV:44721,44720,65536
PRGV:44724,44720,65536
PRGV:44724,44723,65536
PRGV:44728,44723,65536
PRGV:44728,44727,65536
PRGV:44732,44727,65536
PRGV:44732,44731,65536
PRGV:44736,44731,65536
PRGV:44736,44735,65536
PRGV:44740,44735,65536
PRGV:44740,44739,65536
PRGV:44744,44739,65536
PRGV:44744,44743,65536
PRGV:44748,44743,65536
PRGV:44748,44748,65536
PRGV:44752,44748,65536
PRGV:44752,44751,65536
PRGV:44756,44751,65536
PRGV:44756,44756,65536
PRGV:44759,44756,65536
PRGV:44759,44759,65536
PRGV:44764,44759,65536
PRGV:44764,44763,65536
PRGV:44767,44763,65536
PRGV:44767,44767,65536
PRGV:44771,44767,65536
PRGV:44771,44771,65536
PRGV:44776,44771,65536
PRGV:44776,44775,65536
PRGV:44780,44775,65536
PRGV:44780,44779,65536
PRGV:44783,44779,65536
PRGV:44783,44783,65536
PRGV:44787,44783,65536
PRGV:44787,44787,65536
PRGV:44792,44787,65536
PRGV:44792,44791,65536
PRGV:44795,44791,65536
PRGV:44795,44795,65536
PRGV:44799,44795,65536
PRGV:44799,44799,65536
PRGV:44804,44799,65536
PRGV:44804,44803,65536
PRGV:44808,44803,65536
PRGV:44808,44807,65536
PRGV:44811,44807,65536
PRGV:44811,44811,65536
PRGV:44816,44811,65536
PRGV:44816,44815,65536
PRGV:44820,44815,65536
PRGV:44820,44819,65536
PRGV:44823,44819,65536
PRGV:44823,44822,65536
PRGV:44827,44822,65536
PRGV:44827,44826,65536
PRGV:44831,44826,65536
PRGV:44831,44831,65536
PRGV:44835,44831,65536
PRGV:44835,44835,65536
PRGV:44839,44835,65536
PRGV:44839,44838,65536
PRGV:44843,44838,65536
PRGV:44843,44843,65536
PRGV:44847,44843,65536
PRGV:44847,44847,65536
PRGV:44851,44847,65536
PRGV:44851,44850,65536
PRGV:44854,44850,65536
PRGV:44854,44854,65536
PRGV:44859,44854,65536
PRGV:44859,44858,65536
PRGV:44863,44858,65536
PRGV:44863,44862,65536
PRGV:44867,44862,65536
PRGV:44867,44866,65536
PRGV:44871,44866,65536
PRGV:44871,44870,65536
PRGV:44875,44870,65536
PRGV:44875,44874,65536
PRGV:44879,44874,65536
PRGV:44879,44878,65536
PRGV:44883,44878,65536
PRGV:44883,44883,65536
PRGV:44886,44883,65536
PRGV:44886,44886,65536
PRGV:44890,44886,65536
PRGV:44890,44890,65536
PRGV:44894,44890,65536
PRGV:44894,44894,65536
PRGV:44899,44894,65536
PRGV:44899,44898,65536
PRGV:44902,44898,65536
PRGV:44902,44902,65536
PRGV:44907,44902,65536
PRGV:44907,44906,65536
PRGV:44911,44906,65536
PRGV:44911,44910,65536
PRGV:44914,44910,65536
PRGV:44914,44914,65536
PRGV:44918,44914,65536
PRGV:44918,44917,65536
PRGV:44922,44917,65536
PRGV:44922,44921,65536
PRGV:44926,44921,65536
PRGV:44926,44925,65536
PRGV:44930,44925,65536
PRGV:44930,44929,65536
PRGV:44934,44929,65536
PRGV:44934,44933,65536
PRGV:44938,44933,65536
PRGV:44938,44938,65536
PRGV:44942,44938,65536
PRGV:44942,44941,65536
PRGV:44946,44941,65536
PRGV:44946,44945,65536
PRGV:44950,44945,65536
PRGV:44950,44950,65536
PRGV:44954,44950,65536
PRGV:44954,44953,65536
PRGV:44957,44953,65536
PRGV:44957,44957,65536
PRGV:44961,44957,65536
PRGV:44961,44961,65536
PRGV:44966,44961,65536
PRGV:44966,44965,65536
PRGV:44970,44965,65536
PRGV:44970,44969,65536
PRGV:44973,44969,65536
PRGV:44973,44973,65536
PRGV:44978,44973,65536
PRGV:44978,44977,65536
PRGV:44982,44977,65536
PRGV:44982,44981,65536
PRGV:44985,44981,65536
PRGV:44985,44984,65536
PRGV:44989,44984,65536
PRGV:44989,44988,65536
PRGV:44993,44988,65536
PRGV:44993,44993,65536
PRGV:44997,44993,65536
PRGV:44997,44997,65536
PRGV:45001,44997,65536
PRGV:45001,45000,65536
PRGV:45005,45000,65536
PRGV:45005,45005,65536
PRGV:45009,45005,65536
PRGV:45009,45009,65536
PRGV:45013,45009,65536
PRGV:45013,45013,65536
PRGV:45017,45013,65536
PRGV:45017,45017,65536
PRGV:45020,45017,65536
PRGV:45020,45020,65536
PRGV:45025,45020,65536
PRGV:45025,45024,65536
PRGV:45029,45024,65536
PRGV:45029,45028,65536
PRGV:45033,45028,65536
PRGV:45033,45032,65536
PRGV:45037,45032,65536
PRGV:45037,45036,65536
PRGV:45041,45036,65536
PRGV:45041,45040,65536
PRGV:45045,45040,65536
PRGV:45045,45044,65536
PRGV:45048,45044,65536
PRGV:45048,45047,65536
PRGV:45052,45047,65536
PRGV:45052,45052,65536
PRGV:45056,45052,65536
PRGV:45056,45055,65536
PRGV:45060,45055,65536
PRGV:45060,45060,65536
PRGV:45064,45060,65536
PRGV:45064,45064,65536
PRGV:45068,45064,65536
PRGV:45068,45068,65536
PRGV:45073,45068,65536
PRGV:45073,45072,65536
PRGV:45076,45072,65536
PRGV:45076,45076,65536
PRGV:45080,45076,65536
PRGV:45080,45079,65536
PRGV:45084,45079,65536
PRGV:45084,45083,65536
PRGV:45088,45083,65536
PRGV:45088,45087,65536
PRGV:45092,45087,65536
PRGV:45092,45091,65536
PRGV:45096,45091,65536
PRGV:45096,45095,65536
PRGV:45100,45095,65536
PRGV:45100,45100,65536
PRGV:45104,45100,65536
PRGV:45104,45103,65536
PRGV:45108,45103,65536
PRGV:45108,45107,65536
PRGV:45111,45107,65536
PRGV:45111,45111,65536
PRGV:45115,45111,65536
PRGV:45115,45114,65536
PRGV:45119,45114,65536
PRGV:45119,45119,65536
PRGV:45123,45119,65536
PRGV:45123,45123,65536
PRGV:45127,45123,65536
PRGV:45127,45127,65536
PRGV:45132,45127,65536
PRGV:45132,45131,65536
PRGV:45135,45131,65536
PRGV:45135,45135,65536
PRGV:45139,45135,65536
PRGV:45139,45139,65536
PRGV:45143,45139,65536
PRGV:45143,45142,65536
PRGV:45146,45142,65536
PRGV:45146,45146,65536
PRGV:45151,45146,65536
PRGV:45151,45150,65536
PRGV:45155,45150,65536
PRGV:45155,45154,65536
PRGV:45159,45154,65536
PRGV:45159,45158,65536
PRGV:45162,45158,65536
PRGV:45162,45162,65536
PRGV:45167,45162,65536
PRGV:45167,45166,65536
PRGV:45171,45166,65536
PRGV:45171,45170,65536
PRGV:45174,45170,65536
PRGV:45174,45174,65536
PRGV:45179,45174,65536
PRGV:45179,45178,65536
PRGV:45183,45178,65536
PRGV:45183,45182,65536
PRGV:45187,45182,65536
PRGV:45187,45186,65536
PRGV:45190,45186,65536
PRGV:45190,45189,65536
PRGV:45194,45189,65536
PRGV:45194,45193,65536
PRGV:45198,45193,65536
PRGV:45198,45197,65536
PRGV:45202,45197,65536
PRGV:45202,45201,65536
PRGV:45206,45201,65536
PRGV:45206,45205,65536
PRGV:45210,45205,65536
PRGV:45210,45209,65536
PRGV:45214,45209,65536
PRGV:45214,45213,65536
PRGV:45218,45213,65536
PRGV:45218,45217,65536
PRGV:45222,45217,65536
PRGV:45222,45221,65536
PRGV:45225,45221,65536
PRGV:45225,45225,65536
PRGV:45229,45225,65536
PRGV:45229,45228,65536
PRGV:45233,45228,65536
PRGV:45233,45233,65536
PRGV:45237,45233,65536
PRGV:45237,45237,65536
PRGV:45241,45237,65536
PRGV:45241,45241,65536
PRGV:45246,45241,65536
PRGV:45246,45245,65536
PRGV:45249,45245,65536
PRGV:45249,45249,65536
PRGV:45253,45249,65536
PRGV:45253,45253,65536
PRGV:45257,45253,65536
PRGV:45257,45257,65536
PRGV:45260,45257,65536
PRGV:45260,45260,65536
PRGV:45265,45260,65536
PRGV:45265,45264,65536
PRGV:45269,45264,65536
PRGV:45269,45268,65536
PRGV:45273,45268,65536
PRGV:45273,45272,65536
PRGV:45277,45272,65536
PRGV:45277,45276,65536
PRGV:45281,45276,65536
PRGV:45281,45280,65536
PRGV:45285,45280,65536
PRGV:45285,45284,65536
PRGV:45288,45284,65536
PRGV:45288,45288,65536
PRGV:45292,45288,65536
PRGV:45292,45291,65536
PRGV:45296,45291,65536
PRGV:45296,45296,65536
PRGV:45300,45296,65536
PRGV:45300,45299,65536
PRGV:45304,45299,65536
PRGV:45304,45303,65536
PRGV:45308,45303,65536
PRGV:45308,45308,65536
PRGV:45312,45308,65536
PRGV:45312,45312,65536
PRGV:45316,45312,65536
PRGV:45316,45315,65536
PRGV:45319,45315,65536
PRGV:45319,45319,65536
PRGV:45323,45319,65536
PRGV:45323,45323,65536
PRGV:45328,45323,65536
PRGV:45328,45327,65536
PRGV:45331,45327,65536
PRGV:45331,45331,65536
PRGV:45335,45331,65536
PRGV:45335,45335,65536
PRGV:45339,45335,65536
PRGV:45339,45339,65536
PRGV:45344,45339,65536
PRGV:45344,45343,65536
PRGV:45347,45343,65536
PRGV:45347,45347,65536
PRGV:45351,45347,65536
PRGV:45351,45351,65536
PRGV:45356,45351,65536
PRGV:45356,45355,65536
PRGV:45358,45355,65536
PRGV:45358,45358,65536
PRGV:45363,45358,65536
PRGV:45363,45362,65536
PRGV:45367,45362,65536
PRGV:45367,45366,65536
PRGV:45371,45366,65536
PRGV:45371,45370,65536
PRGV:45374,45370,65536
PRGV:45374,45374,65536
PRGV:45379,45374,65536
PRGV:45379,45378,65536
PRGV:45383,45378,65536
PRGV:45383,45382,65536
PRGV:45387,45382,65536
PRGV:45387,45386,65536
PRGV:45391,45386,65536
PRGV:45391,45390,65536
PRGV:45394,45390,65536
PRGV:45394,45394,65536
PRGV:45398,45394,65536
PRGV:45398,45398,65536
PRGV:45402,45398,65536
PRGV:45402,45401,65536
PRGV:45406,45401,65536
PRGV:45406,45406,65536
PRGV:45410,45406,65536
PRGV:45410,45410,65536
PRGV:45414,45410,65536
PRGV:45414,45413,65536
PRGV:45415,45413,65536
PRGV:45415,45414,65536
PRGV:45417,45414,65536
PRGV:45417,45417,65536
PRGV:45422,45417,65536
PRGV:45422,45421,65536
PRGV:45426,45421,65536
PRGV:45426,45425,65536
PRGV:45430,45425,65536
PRGV:45430,45429,65536
PRGV:45434,45429,65536
PRGV:45434,45433,65536
PRGV:45437,45433,65536
PRGV:45437,45437,65536
PRGV:45441,45437,65536
PRGV:45441,45440,65536
PRGV:45445,45440,65536
PRGV:45445,45445,65536
PRGV:45449,45445,65536
PRGV:45449,45449,65536
PRGV:45453,45449,65536
PRGV:45453,45453,65536
PRGV:45458,45453,65536
PRGV:45458,45457,65536
PRGV:45460,45457,65536
PRGV:45460,45460,65536
PRGV:45465,45460,65536
PRGV:45465,45464,65536
PRGV:45469,45464,65536
PRGV:45469,45468,65536
PRGV:45472,45468,65536
PRGV:45472,45472,65536
PRGV:45477,45472,65536
PRGV:45477,45476,65536
PRGV:45481,45476,65536
PRGV:45481,45480,65536
PRGV:45485,45480,65536
PRGV:45485,45484,65536
PRGV:45489,45484,65536
PRGV:45489,45488,65536
PRGV:45492,45488,65536
PRGV:45492,45491,65536
PRGV:45496,45491,65536
PRGV:45496,45496,65536
PRGV:45500,45496,65536
PRGV:45500,45499,65536
PRGV:45504,45499,65536
PRGV:45504,45504,65536
PRGV:45508,45504,65536
PRGV:45508,45508,65536
PRGV:45512,45508,65536
PRGV:45512,45512,65536
PRGV:45516,45512,65536
PRGV:45516,45515,65536
PRGV:45519,45515,65536
PRGV:45519,45519,65536
PRGV:45523,45519,65536
PRGV:45523,45523,65536
PRGV:45528,45523,65536
PRGV:45528,45527,65536
PRGV:45531,45527,65536
PRGV:45531,45531,65536
PRGV:45535,45531,65536
PRGV:45535,45535,65536
PRGV:45539,45535,65536
PRGV:45539,45539,65536
PRGV:45544,45539,65536
PRGV:45544,45543,65536
PRGV:45547,45543,65536
PRGV:45547,45547,65536
PRGV:45551,45547,65536
PRGV:45551,45551,65536
PRGV:45555,45551,65536
PRGV:45555,45554,65536
PRGV:45558,45554,65536
PRGV:45558,45558,65536
PRGV:45563,45558,65536
PRGV:45563,45562,65536
PRGV:45567,45562,65536
PRGV:45567,45566,65536
PRGV:45571,45566,65536
PRGV:45571,45570,65536
PRGV:45574,45570,65536
PRGV:45574,45574,65536
PRGV:45579,45574,65536
PRGV:45579,45578,65536
PRGV:45583,45578,65536
PRGV:45583,45582,65536
PRGV:45587,45582,65536
PRGV:45587,45586,65536
PRGV:45590,45586,65536
PRGV:45590,45589,65536
PRGV:45594,45589,65536
PRGV:45594,45593,65536
PRGV:45598,45593,65536
PRGV:45598,45597,65536
PRGV:45602,45597,65536
PRGV:45602,45601,65536
PRGV:45606,45601,65536
PRGV:45606,45605,65536
PRGV:45610,45605,65536
PRGV:45610,45609,65536
PRGV:45613,45609,65536
PRGV:45613,45613,65536
PRGV:45617,45613,65536
PRGV:45617,45617,65536
PRGV:45622,45617,65536
PRGV:45622,45621,65536
PRGV:45625,45621,65536
PRGV:45625,45624,65536
PRGV:45629,45624,65536
PRGV:45629,45628,65536
PRGV:45633,45628,65536
PRGV:45633,45632,65536
PRGV:45637,45632,65536
PRGV:45637,45636,65536
PRGV:45641,45636,65536
PRGV:45641,45640,65536
PRGV:45645,45640,65536
PRGV:45645,45644,65536
PRGV:45649,45644,65536
PRGV:45649,45648,65536
PRGV:45653,45648,65536
PRGV:45653,45652,65536
PRGV:45657,45652,65536
PRGV:45657,45656,65536
PRGV:45660,45656,65536
PRGV:45660,45659,65536
PRGV:45664,45659,65536
PRGV:45664,45664,65536
PRGV:45668,45664,65536
PRGV:45668,45667,65536
PRGV:45672,45667,65536
PRGV:45672,45671,65536
PRGV:45676,45671,65536
PRGV:45676,45675,65536
PRGV:45680,45675,65536
PRGV:45680,45680,65536
PRGV:45684,45680,65536
PRGV:45684,45683,65536
PRGV:45688,45683,65536
PRGV:45688,45687,65536
PRGV:45692,45687,65536
PRGV:45692,45691,65536
PRGV:45696,45691,65536
PRGV:45696,45695,65536
PRGV:45699,45695,65536
PRGV:45699,45698,65536
PRGV:45703,45698,65536
PRGV:45703,45702,65536
PRGV:45707,45702,65536
PRGV:45707,45707,65536
PRGV:45711,45707,65536
PRGV:45711,45710,65536
PRGV:45715,45710,65536
PRGV:45715,45714,65536
PRGV:45719,45714,65536
PRGV:45719,45718,65536
PRGV:45723,45718,65536
PRGV:45723,45722,65536
PRGV:45726,45722,65536
PRGV:45726,45726,65536
PRGV:45731,45726,65536
PRGV:45731,45730,65536
PRGV:45735,45730,65536
PRGV:45735,45734,65536
PRGV:45739,45734,65536
PRGV:45739,45738,65536
PRGV:45742,45738,65536
PRGV:45742,45741,65536
PRGV:45742,45742,65536
PRGV:45746,45742,65536
PRGV:45746,45745,65536
PRGV:45750,45745,65536
PRGV:45750,45749,65536
PRGV:45754,45749,65536
PRGV:45754,45753,65536
PRGV:45758,45753,65536
PRGV:45758,45757,65536
PRGV:45762,45757,65536
PRGV:45762,45761,65536
PRGV:45766,45761,65536
PRGV:45766,45765,65536
PRGV:45770,45765,65536
PRGV:45770,45769,65536
PRGV:45773,45769,65536
PRGV:45773,45772,65536
PRGV:45778,45772,65536
PRGV:45778,45777,65536
PRGV:45781,45777,65536
PRGV:45781,45780,65536
PRGV:45785,45780,65536
PRGV:45785,45784,65536
PRGV:45789,45784,65536
PRGV:45789,45789,65536
PRGV:45793,45789,65536
PRGV:45793,45792,65536
PRGV:45797,45792,65536
PRGV:45797,45796,65536
PRGV:45801,45796,65536
PRGV:45801,45800,65536
PRGV:45805,45800,65536
PRGV:45805,45804,65536
PRGV:45809,45804,65536
PRGV:45809,45808,65536
PRGV:45812,45808,65536
PRGV:45812,45812,65536
PRGV:45813,45812,65536
PRGV:45816,45812,65536
PRGV:45816,45816,65536
PRGV:45820,45816,65536
PRGV:45820,45819,65536
PRGV:45824,45819,65536
PRGV:45824,45823,65536
PRGV:45828,45823,65536
PRGV:45828,45827,65536
PRGV:45832,45827,65536
PRGV:45832,45831,65536
PRGV:45836,45831,65536
PRGV:45836,45835,65536
PRGV:45840,45835,65536
PRGV:45840,45839,65536
PRGV:45844,45839,65536
PRGV:45844,45843,65536
PRGV:45847,45843,65536
PRGV:45847,45846,65536
PRGV:45851,45846,65536
PRGV:45851,45850,65536
PRGV:45855,45850,65536
PRGV:45855,45854,65536
PRGV:45859,45854,65536
PRGV:45859,45859,65536
PRGV:45863,45859,65536
PRGV:45863,45862,65536
PRGV:45867,45862,65536
PRGV:45867,45866,65536
PRGV:45871,45866,65536
PRGV:45871,45870,65536
PRGV:45875,45870,65536
PRGV:45875,45875,65536
PRGV:45878,45875,65536
PRGV:45878,45878,65536
PRGV:45879,45878,65536
PRGV:45882,45878,65536
PRGV:45882,45882,65536
PRGV:45886,45882,65536
PRGV:45886,45886,65536
PRGV:45890,45886,65536
PRGV:45890,45889,65536
PRGV:45894,45889,65536
PRGV:45894,45893,65536
PRGV:45898,45893,65536
PRGV:45898,45897,65536
PRGV:45902,45897,65536
PRGV:45902,45902,65536
PRGV:45905,45902,65536
PRGV:45905,45905,65536
PRGV:45909,45905,65536
PRGV:45909,45909,65536
PRGV:45913,45909,65536
PRGV:45913,45913,65536
PRGV:45917,45913,65536
PRGV:45917,45916,65536
PRGV:45921,45916,65536
PRGV:45921,45921,65536
PRGV:45925,45921,65536
PRGV:45925,45925,65536
PRGV:45929,45925,65536
PRGV:45929,45929,65536
PRGV:45933,45929,65536
PRGV:45933,45932,65536
PRGV:45937,45932,65536
PRGV:45937,45936,65536
PRGV:45940,45936,65536
PRGV:45940,45940,65536
PRGV:45944,45940,65536
PRGV:45944,45943,65536
PRGV:45948,45943,65536
PRGV:45948,45948,65536
PRGV:45952,45948,65536
PRGV:45952,45952,65536
PRGV:45956,45952,65536
PRGV:45956,45956,65536
PRGV:45960,45956,65536
PRGV:45960,45959,65536
PRGV:45964,45959,65536
PRGV:45964,45963,65536
PRGV:45968,45963,65536
PRGV:45968,45968,65536
PRGV:45972,45968,65536
PRGV:45972,45971,65536
PRGV:45975,45971,65536
PRGV:45975,45975,65536
PRGV:45979,45975,65536
PRGV:45979,45979,65536
PRGV:45983,45979,65536
PRGV:45983,45982,65536
PRGV:45988,45982,65536
PRGV:45988,45987,65536
PRGV:45991,45987,65536
PRGV:45991,45991,65536
PRGV:45995,45991,65536
PRGV:45995,45994,65536
PRGV:45999,45994,65536
PRGV:45999,45998,65536
PRGV:46002,45998,65536
PRGV:46002,46002,65536
PRGV:46006,46002,65536
PRGV:46006,46006,65536
PRGV:46011,46006,65536
PRGV:46011,46010,65536
PRGV:46015,46010,65536
PRGV:46015,46014,65536
PRGV:46018,46014,65536
PRGV:46018,46018,65536
PRGV:46022,46018,65536
PRGV:46022,46022,65536
PRGV:46026,46022,65536
PRGV:46026,46025,65536
PRGV:46029,46025,65536
PRGV:46029,46029,65536
PRGV:46033,46029,65536
PRGV:46033,46033,65536
PRGV:46037,46033,65536
PRGV:46037,46036,65536
PRGV:46041,46036,65536
PRGV:46041,46041,65536
PRGV:46045,46041,65536
PRGV:46045,46045,65536
PRGV:46049,46045,65536
PRGV:46049,46049,65536
PRGV:46053,46049,65536
PRGV:46053,46052,65536
PRGV:46057,46052,65536
PRGV:46057,46056,65536
PRGV:46061,46056,65536
PRGV:46061,46061,65536
PRGV:46065,46061,65536
PRGV:46065,46065,65536
PRGV:46068,46065,65536
PRGV:46068,46068,65536
PRGV:46072,46068,65536
PRGV:46072,46072,65536
PRGV:46076,46072,65536
PRGV:46076,46076,65536
PRGV:46080,46076,65536
PRGV:46080,46079,65536
PRGV:46084,46079,65536
PRGV:46084,46083,65536
PRGV:46088,46083,65536
PRGV:46088,46088,65536
PRGV:46092,46088,65536
PRGV:46092,46092,65536
PRGV:46095,46092,65536
PRGV:46095,46095,65536
PRGV:46096,46095,65536
PRGV:46099,46095,65536
PRGV:46099,46099,65536
PRGV:46103,46099,65536
PRGV:46103,46103,65536
PRGV:46107,46103,65536
PRGV:46107,46106,65536
PRGV:46111,46106,65536
PRGV:46111,46110,65536
PRGV:46115,46110,65536
PRGV:46115,46114,65536
PRGV:46119,46114,65536
PRGV:46119,46119,65536
PRGV:46123,46119,65536
PRGV:46123,46122,65536
PRGV:46127,46122,65536
PRGV:46127,46126,65536
PRGV:46131,46126,65536
PRGV:46131,46130,65536
PRGV:46135,46130,65536
PRGV:46135,46134,65536
PRGV:46138,46134,65536
PRGV:46138,46137,65536
PRGV:46142,46137,65536
PRGV:46142,46141,65536
PRGV:46146,46141,65536
PRGV:46146,46145,65536
PRGV:46150,46145,65536
PRGV:46150,46149,65536
PRGV:46154,46149,65536
PRGV:46154,46153,65536
PRGV:46158,46153,65536
PRGV:46158,46157,65536
PRGV:46162,46157,65536
PRGV:46162,46161,65536
PRGV:46165,46161,65536
PRGV:46165,46165,65536
PRGV:46169,46165,65536
PRGV:46169,46169,65536
PRGV:46173,46169,65536
PRGV:46173,46172,65536
PRGV:46177,46172,65536
PRGV:46177,46176,65536
PRGV:46181,46176,65536
PRGV:46181,46180,65536
PRGV:46185,46180,65536
PRGV:46185,46184,65536
PRGV:46188,46184,65536
PRGV:46188,46187,65536
PRGV:46192,46187,65536
PRGV:46192,46191,65536
PRGV:46196,46191,65536
PRGV:46196,46196,65536
PRGV:46200,46196,65536
PRGV:46200,46200,65536
PRGV:46204,46200,65536
PRGV:46204,46203,65536
PRGV:46208,46203,65536
PRGV:46208,46207,65536
PRGV:46212,46207,65536
PRGV:46212,46211,65536
PRGV:46216,46211,65536
PRGV:46216,46215,65536
PRGV:46219,46215,65536
PRGV:46219,46218,65536
PRGV:46223,46218,65536
PRGV:46223,46223,65536
PRGV:46227,46223,65536
PRGV:46227,46227,65536
PRGV:46231,46227,65536
PRGV:46231,46230,65536
PRGV:46235,46230,65536
PRGV:46235,46234,65536
PRGV:46239,46234,65536
PRGV:46239,46238,65536
PRGV:46243,46238,65536
PRGV:46243,46242,65536
PRGV:46247,46242,65536
PRGV:46247,46246,65536
PRGV:46250,46246,65536
PRGV:46250,46250,65536
PRGV:46254,46250,65536
PRGV:46254,46253,65536
PRGV:46258,46253,65536
PRGV:46258,46257,65536
PRGV:46262,46257,65536
PRGV:46262,46261,65536
PRGV:46266,46261,65536
PRGV:46266,46265,65536
PRGV:46270,46265,65536
PRGV:46270,46269,65536
PRGV:46273,46269,65536
PRGV:46273,46272,65536
PRGV:46277,46272,65536
PRGV:46277,46277,65536
PRGV:46281,46277,65536
PRGV:46281,46280,65536
PRGV:46286,46280,65536
PRGV:46286,46285,65536
PRGV:46289,46285,65536
PRGV:46289,46289,65536
PRGV:46292,46289,65536
PRGV:46292,46292,65536
PRGV:46297,46292,65536
PRGV:46297,46296,65536
PRGV:46300,46296,65536
PRGV:46300,46300,65536
PRGV:46304,46300,65536
PRGV:46304,46304,65536
PRGV:46308,46304,65536
PRGV:46308,46307,65536
PRGV:46312,46307,65536
PRGV:46312,46311,65536
PRGV:46316,46311,65536
PRGV:46316,46315,65536
PRGV:46320,46315,65536
PRGV:46320,46319,65536
PRGV:46324,46319,65536
PRGV:46324,46323,65536
PRGV:46327,46323,65536
PRGV:46327,46326,65536
PRGV:46331,46326,65536
PRGV:46331,46331,65536
PRGV:46335,46331,65536
PRGV:46335,46334,65536
PRGV:46339,46334,65536
PRGV:46339,46338,65536
PRGV:46343,46338,65536
PRGV:46343,46342,65536
PRGV:46347,46342,65536
PRGV:46347,46346,65536
PRGV:46351,46346,65536
PRGV:46351,46350,65536
PRGV:46355,46350,65536
PRGV:46355,46354,65536
PRGV:46359,46354,65536
PRGV:46359,46358,65536
PRGV:46362,46358,65536
PRGV:46362,46361,65536
PRGV:46365,46361,65536
PRGV:46365,46365,65536
PRGV:46370,46365,65536
PRGV:46370,46369,65536
PRGV:46374,46369,65536
PRGV:46374,46373,65536
PRGV:46378,46373,65536
PRGV:46378,46377,65536
PRGV:46381,46377,65536
PRGV:46381,46381,65536
PRGV:46385,46381,65536
PRGV:46385,46385,65536
PRGV:46389,46385,65536
PRGV:46389,46388,65536
PRGV:46393,46388,65536
PRGV:46393,46392,65536
PRGV:46397,46392,65536
PRGV:46397,46396,65536
PRGV:46401,46396,65536
PRGV:46401,46400,65536
PRGV:46405,46400,65536
PRGV:46405,46404,65536
PRGV:46409,46404,65536
PRGV:46409,46408,65536
PRGV:46412,46408,65536
PRGV:46412,46411,65536
PRGV:46416,46411,65536
PRGV:46416,46415,65536
PRGV:46420,46415,65536
PRGV:46420,46419,65536
PRGV:46424,46419,65536
PRGV:46424,46423,65536
PRGV:46428,46423,65536
PRGV:46428,46427,65536
PRGV:46431,46427,65536
PRGV:46431,46431,65536
PRGV:46436,46431,65536
PRGV:46436,46435,65536
PRGV:46439,46435,65536
PRGV:46439,46438,65536
PRGV:46443,46438,65536
PRGV:46443,46442,65536
PRGV:46447,46442,65536
PRGV:46447,46446,65536
PRGV:46451,46446,65536
PRGV:46451,46450,65536
PRGV:46455,46450,65536
PRGV:46455,46454,65536
PRGV:46458,46454,65536
PRGV:46458,46458,65536
PRGV:46462,46458,65536
PRGV:46462,46462,65536
PRGV:46466,46462,65536
PRGV:46466,46466,65536
PRGV:46470,46466,65536
PRGV:46470,46469,65536
PRGV:46474,46469,65536
PRGV:46474,46473,65536
PRGV:46478,46473,65536
PRGV:46478,46477,65536
PRGV:46481,46477,65536
PRGV:46481,46480,65536
PRGV:46485,46480,65536
PRGV:46485,46484,65536
PRGV:46489,46484,65536
PRGV:46489,46489,65536
PRGV:46493,46489,65536
PRGV:46493,46493,65536
PRGV:46497,46493,65536
PRGV:46497,46496,65536
PRGV:46501,46496,65536
PRGV:46501,46500,65536
PRGV:46843,46500,65536
PRGV:46843,46842,65536
PRGV:46847,46842,65536
PRGV:46847,46846,65536
PRGV:46851,46846,65536
PRGV:46851,46850,65536
PRGV:46855,46850,65536
PRGV:46855,46854,65536
PRGV:46858,46854,65536
PRGV:46858,46858,65536
PRGV:46862,46858,65536
PRGV:46862,46861,65536
PRGV:46862,46862,65536
PRGV:46866,46862,65536
PRGV:46866,46865,65536
PRGV:46869,46865,65536
PRGV:46869,46869,65536
PRGV:46873,46869,65536
PRGV:46873,46873,65536
PRGV:46877,46873,65536
PRGV:46877,46876,65536
PRGV:46881,46876,65536
PRGV:46881,46880,65536
PRGV:46885,46880,65536
PRGV:46885,46884,65536
PRGV:46889,46884,65536
PRGV:46889,46889,65536
PRGV:46893,46889,65536
PRGV:46893,46892,65536
PRGV:46897,46892,65536
PRGV:46897,46896,65536
PRGV:46901,46896,65536
PRGV:46901,46900,65536
PRGV:46904,46900,65536
PRGV:46904,46903,65536
PRGV:46907,46903,65536
PRGV:46907,46907,65536
PRGV:46911,46907,65536
PRGV:46911,46911,65536
PRGV:46916,46911,65536
PRGV:46916,46915,65536
PRGV:46920,46915,65536
PRGV:46920,46919,65536
PRGV:46923,46919,65536
PRGV:46923,46923,65536
PRGV:46927,46923,65536
PRGV:46927,46927,65536
PRGV:46931,46927,65536
PRGV:46931,46930,65536
PRGV:46934,46930,65536
PRGV:46934,46934,65536
PRGV:46938,46934,65536
PRGV:46938,46938,65536
PRGV:46942,46938,65536
PRGV:46942,46941,65536
PRGV:46946,46941,65536
PRGV:46946,46945,65536
PRGV:46950,46945,65536
PRGV:46950,46949,65536
PRGV:46954,46949,65536
PRGV:46954,46953,65536
PRGV:46958,46953,65536
PRGV:46958,46957,65536
PRGV:46961,46957,65536
PRGV:46961,46961,65536
PRGV:46965,46961,65536
PRGV:46965,46965,65536
PRGV:46969,46965,65536
PRGV:46969,46968,65536
PRGV:46973,46968,65536
PRGV:46973,46972,65536
PRGV:46976,46972,65536
PRGV:46976,46976,65536
PRGV:46980,46976,65536
PRGV:46980,46979,65536
PRGV:46984,46979,65536
PRGV:46984,46983,65536
PRGV:46988,46983,65536
PRGV:46988,46987,65536
PRGV:46992,46987,65536
PRGV:46992,46992,65536
PRGV:46996,46992,65536
PRGV:46996,46995,65536
PRGV:47000,46995,65536
PRGV:47000,46999,65536
PRGV:47003,46999,65536
PRGV:47003,47002,65536
PRGV:47007,47002,65536
PRGV:47007,47006,65536
PRGV:47010,47006,65536
PRGV:47010,47010,65536
PRGV:47015,47010,65536
PRGV:47015,47014,65536
PRGV:47019,47014,65536
PRGV:47019,47018,65536
PRGV:47023,47018,65536
PRGV:47023,47022,65536
PRGV:47026,47022,65536
PRGV:47026,47025,65536
PRGV:47030,47025,65536
PRGV:47030,47029,65536
PRGV:47034,47029,65536
PRGV:47034,47033,65536
PRGV:47037,47033,65536
PRGV:47037,47037,65536
PRGV:47041,47037,65536
PRGV:47041,47041,65536
PRGV:47045,47041,65536
PRGV:47045,47044,65536
PRGV:47049,47044,65536
PRGV:47049,47048,65536
PRGV:47053,47048,65536
PRGV:47053,47052,65536
PRGV:47057,47052,65536
PRGV:47057,47056,65536
PRGV:47060,47056,65536
PRGV:47060,47059,65536
PRGV:47061,47059,65536
PRGV:47061,47060,65536
PRGV:47064,47060,65536
PRGV:47064,47063,65536
PRGV:47068,47063,65536
PRGV:47068,47067,65536
PRGV:47072,47067,65536
PRGV:47072,47071,65536
PRGV:47075,47071,65536
PRGV:47075,47075,65536
PRGV:47079,47075,65536
PRGV:47079,47079,65536
PRGV:47083,47079,65536
PRGV:47083,47082,65536
PRGV:47088,47082,65536
PRGV:47088,47087,65536
PRGV:47091,47087,65536
PRGV:47091,47091,65536
PRGV:47094,47091,65536
PRGV:47094,47093,65536
PRGV:47098,47093,65536
PRGV:47098,47097,65536
PRGV:47102,47097,65536
PRGV:47102,47102,65536
PRGV:47106,47102,65536
PRGV:47106,47106,65536
PRGV:47110,47106,65536
PRGV:47110,47109,65536
PRGV:47114,47109,65536
PRGV:47114,47113,65536
PRGV:47118,47113,65536
PRGV:47118,47117,65536
PRGV:47122,47117,65536
PRGV:47122,47121,65536
PRGV:47126,47121,65536
PRGV:47126,47125,65536
PRGV:47129,47125,65536
PRGV:47129,47129,65536
PRGV:47132,47129,65536
PRGV:47132,47131,65536
PRGV:47133,47131,65536
PRGV:47133,47132,65536
PRGV:47136,47132,65536
PRGV:47136,47135,65536
PRGV:47140,47135,65536
PRGV:47140,47139,65536
PRGV:47144,47139,65536
PRGV:47144,47143,65536
PRGV:47148,47143,65536
PRGV:47148,47147,65536
PRGV:47151,47147,65536
PRGV:47151,47151,65536
PRGV:47156,47151,65536
PRGV:47156,47155,65536
PRGV:47160,47155,65536
PRGV:47160,47159,65536
PRGV:47164,47159,65536
PRGV:47164,47163,65536
PRGV:47166,47163,65536
PRGV:47166,47166,65536
PRGV:47170,47166,65536
PRGV:47170,47170,65536
PRGV:47175,47170,65536
PRGV:47175,47174,65536
PRGV:47178,47174,65536
PRGV:47178,47178,65536
PRGV:47182,47178,65536
PRGV:47182,47182,65536
PRGV:47186,47182,65536
PRGV:47186,47185,65536
PRGV:47190,47185,65536
PRGV:47190,47189,65536
PRGV:47193,47189,65536
PRGV:47193,47192,65536
PRGV:47197,47192,65536
PRGV:47197,47196,65536
PRGV:47201,47196,65536
PRGV:47201,47200,65536
PRGV:47205,47200,65536
PRGV:47205,47204,65536
PRGV:47209,47204,65536
PRGV:47209,47208,65536
PRGV:47213,47208,65536
PRGV:47213,47212,65536
PRGV:47216,47212,65536
PRGV:47216,47216,65536
PRGV:47220,47216,65536
PRGV:47220,47219,65536
PRGV:47224,47219,65536
PRGV:47224,47223,65536
PRGV:47227,47223,65536
PRGV:47227,47227,65536
PRGV:47231,47227,65536
PRGV:47231,47231,65536
PRGV:47235,47231,65536
PRGV:47235,47234,65536
PRGV:47239,47234,65536
PRGV:47239,47238,65536
PRGV:47243,47238,65536
PRGV:47243,47242,65536
PRGV:47247,47242,65536
PRGV:47247,47246,65536
PRGV:47251,47246,65536
PRGV:47251,47250,65536
PRGV:47254,47250,65536
PRGV:47254,47254,65536
PRGV:47258,47254,65536
PRGV:47258,47257,65536
PRGV:47262,47257,65536
PRGV:47262,47261,65536
PRGV:47265,47261,65536
PRGV:47265,47265,65536
PRGV:47269,47265,65536
PRGV:47269,47269,65536
PRGV:47273,47269,65536
PRGV:47273,47273,65536
PRGV:47277,47273,65536
PRGV:47277,47276,65536
PRGV:47281,47276,65536
PRGV:47281,47280,65536
PRGV:47285,47280,65536
PRGV:47285,47284,65536
PRGV:47288,47284,65536
PRGV:47288,47287,65536
PRGV:47292,47287,65536
PRGV:47292,47291,65536
PRGV:47296,47291,65536
PRGV:47296,47295,65536
PRGV:47300,47295,65536
PRGV:47300,47299,65536
PRGV:47303,47299,65536
PRGV:47303,47303,65536
PRGV:47307,47303,65536
PRGV:47307,47307,65536
PRGV:47311,47307,65536
PRGV:47311,47311,65536
PRGV:47315,47311,65536
PRGV:47315,47314,65536
PRGV:47318,47314,65536
PRGV:47318,47317,65536
PRGV:47318,47318,65536
PRGV:47322,47318,65536
PRGV:47322,47322,65536
PRGV:47326,47322,65536
PRGV:47326,47325,65536
PRGV:47329,47325,65536
PRGV:47329,47329,65536
PRGV:47333,47329,65536
PRGV:47333,47333,65536
PRGV:47338,47333,65536
PRGV:47338,47337,65536
PRGV:47341,47337,65536
PRGV:47341,47341,65536
PRGV:47345,47341,65536
PRGV:47345,47345,65536
PRGV:47349,47345,65536
PRGV:47349,47349,65536
PRGV:47353,47349,65536
PRGV:47353,47352,65536
PRGV:47356,47352,65536
PRGV:47356,47355,65536
PRGV:47360,47355,65536
PRGV:47360,47359,65536
PRGV:47364,47359,65536
PRGV:47364,47363,65536
PRGV:47368,47363,65536
PRGV:47368,47367,65536
PRGV:47372,47367,65536
PRGV:47372,47371,65536
PRGV:47376,47371,65536
PRGV:47376,47375,65536
PRGV:47379,47375,65536
PRGV:47379,47379,65536
PRGV:47382,47379,65536
PRGV:47382,47382,65536
PRGV:47386,47382,65536
PRGV:47386,47385,65536
PRGV:47390,47385,65536
PRGV:47390,47389,65536
PRGV:47394,47389,65536
PRGV:47394,47394,65536
PRGV:47398,47394,65536
PRGV:47398,47398,65536
PRGV:47402,47398,65536
PRGV:47402,47401,65536
PRGV:47406,47401,65536
PRGV:47406,47405,65536
PRGV:47410,47405,65536
PRGV:47410,47409,65536
PRGV:47414,47409,65536
PRGV:47414,47413,65536
PRGV:47417,47413,65536
PRGV:47417,47417,65536
PRGV:47420,47417,65536
PRGV:47420,47420,65536
PRGV:47424,47420,65536
PRGV:47424,47423,65536
PRGV:47428,47423,65536
PRGV:47428,47427,65536
PRGV:47432,47427,65536
PRGV:47432,47431,65536
PRGV:47436,47431,65536
PRGV:47436,47435,65536
PRGV:47440,47435,65536
PRGV:47440,47439,65536
PRGV:47443,47439,65536
PRGV:47443,47443,65536
PRGV:47447,47443,65536
PRGV:47447,47447,65536
PRGV:47451,47447,65536
PRGV:47451,47450,65536
PRGV:47455,47450,65536
PRGV:47455,47454,65536
PRGV:47459,47454,65536
PRGV:47459,47458,65536
PRGV:47463,47458,65536
PRGV:47463,47462,65536
PRGV:47466,47462,65536
PRGV:47466,47465,65536
PRGV:47469,47465,65536
PRGV:47469,47469,65536
PRGV:47473,47469,65536
PRGV:47473,47472,65536
PRGV:47477,47472,65536
PRGV:47477,47476,65536
PRGV:47481,47476,65536
PRGV:47481,47480,65536
PRGV:47485,47480,65536
PRGV:47485,47484,65536
PRGV:47489,47484,65536
PRGV:47489,47488,65536
PRGV:47493,47488,65536
PRGV:47493,47492,65536
PRGV:47496,47492,65536
PRGV:47496,47496,65536
PRGV:47500,47496,65536
PRGV:47500,47499,65536
PRGV:47504,47499,65536
PRGV:47504,47503,65536
PRGV:47761,47503,65536
PRGV:47761,47760,65536
PRGV:47764,47760,65536
PRGV:47764,47763,65536
PRGV:47768,47763,65536
PRGV:47768,47767,65536
PRGV:47772,47767,65536
PRGV:47772,47771,65536
PRGV:47776,47771,65536
PRGV:47776,47775,65536
PRGV:47779,47775,65536
PRGV:47779,47779,65536
PRGV:47783,47779,65536
PRGV:47783,47783,65536
PRGV:47787,47783,65536
PRGV:47787,47786,65536
PRGV:47791,47786,65536
PRGV:47791,47790,65536
PRGV:47795,47790,65536
PRGV:47795,47794,65536
PRGV:47798,47794,65536
PRGV:47798,47797,65536
PRGV:47799,47797,65536
PRGV:47799,47798,65536
PRGV:47801,47798,65536
PRGV:47801,47801,65536
PRGV:47805,47801,65536
PRGV:47805,47805,65536
PRGV:47809,47805,65536
PRGV:47809,47808,65536
PRGV:47813,47808,65536
PRGV:47813,47812,65536
PRGV:47817,47812,65536
PRGV:47817,47816,65536
PRGV:47821,47816,65536
PRGV:47821,47820,65536
PRGV:47825,47820,65536
PRGV:47825,47824,65536
PRGV:47828,47824,65536
PRGV:47828,47827,65536
PRGV:47832,47827,65536
PRGV:47832,47831,65536
PRGV:47836,47831,65536
PRGV:47836,47835,65536
PRGV:47839,47835,65536
PRGV:47839,47839,65536
PRGV:47843,47839,65536
PRGV:47843,47843,65536
PRGV:47847,47843,65536
PRGV:47847,47846,65536
PRGV:47851,47846,65536
PRGV:47851,47850,65536
PRGV:47854,47850,65536
PRGV:47854,47853,65536
PRGV:47858,47853,65536
PRGV:47858,47857,65536
PRGV:47861,47857,65536
PRGV:47861,47861,65536
PRGV:47865,47861,65536
PRGV:47865,47865,65536
PRGV:47869,47865,65536
PRGV:47869,47868,65536
PRGV:47873,47868,65536
PRGV:47873,47872,65536
PRGV:47877,47872,65536
PRGV:47877,47876,65536
PRGV:47881,47876,65536
PRGV:47881,47880,65536
PRGV:47884,47880,65536
PRGV:47884,47883,65536
PRGV:47888,47883,65536
PRGV:47888,47887,65536
PRGV:47892,47887,65536
PRGV:47892,47891,65536
PRGV:47896,47891,65536
PRGV:47896,47895,65536
PRGV:47899,47895,65536
PRGV:47899,47899,65536
PRGV:47903,47899,65536
PRGV:47903,47903,65536
PRGV:47907,47903,65536
PRGV:47907,47906,65536
PRGV:47911,47906,65536
PRGV:47911,47910,65536
PRGV:47914,47910,65536
PRGV:47914,47913,65536
PRGV:47918,47913,65536
PRGV:47918,47917,65536
PRGV:47922,47917,65536
PRGV:47922,47921,65536
PRGV:47925,47921,65536
PRGV:47925,47925,65536
PRGV:47929,47925,65536
PRGV:47929,47929,65536
PRGV:47933,47929,65536
PRGV:47933,47932,65536
PRGV:47937,47932,65536
PRGV:47937,47936,65536
PRGV:47940,47936,65536
PRGV:47940,47940,65536
PRGV:47941,47940,65536
PRGV:47944,47940,65536
PRGV:47944,47943,65536
PRGV:47948,47943,65536
PRGV:47948,47947,65536
PRGV:47952,47947,65536
PRGV:47952,47951,65536
PRGV:47956,47951,65536
PRGV:47956,47955,65536
PRGV:47960,47955,65536
PRGV:47960,47959,65536
PRGV:47963,47959,65536
PRGV:47963,47963,65536
PRGV:47967,47963,65536
PRGV:47967,47967,65536
PRGV:47970,47967,65536
PRGV:47970,47969,65536
PRGV:47974,47969,65536
PRGV:47974,47973,65536
PRGV:47978,47973,65536
PRGV:47978,47977,65536
PRGV:47982,47977,65536
PRGV:47982,47981,65536
PRGV:47985,47981,65536
PRGV:47985,47985,65536
PRGV:47989,47985,65536
PRGV:47989,47989,65536
PRGV:47993,47989,65536
PRGV:47993,47992,65536
PRGV:47996,47992,65536
PRGV:47996,47996,65536
PRGV:48000,47996,65536
PRGV:48000,48000,65536
PRGV:48004,48000,65536
PRGV:48004,48003,65536
PRGV:48008,48003,65536
PRGV:48008,48007,65536
PRGV:48012,48007,65536
PRGV:48012,48011,65536
PRGV:48016,48011,65536
PRGV:48016,48015,65536
PRGV:48020,48015,65536
PRGV:48020,48019,65536
PRGV:48022,48019,65536
PRGV:48022,48022,65536
PRGV:48026,48022,65536
PRGV:48026,48025,65536
PRGV:48030,48025,65536
PRGV:48030,48029,65536
PRGV:48034,48029,65536
PRGV:48034,48033,65536
PRGV:48038,48033,65536
PRGV:48038,48037,65536
PRGV:48042,48037,65536
PRGV:48042,48041,65536
PRGV:48045,48041,65536
PRGV:48045,48045,65536
PRGV:48049,48045,65536
PRGV:48049,48049,65536
PRGV:48053,48049,65536
PRGV:48053,48052,65536
PRGV:48056,48052,65536
PRGV:48056,48056,65536
PRGV:48060,48056,65536
PRGV:48060,48060,65536
PRGV:48064,48060,65536
PRGV:48064,48063,65536
PRGV:48068,48063,65536
PRGV:48068,48067,65536
PRGV:48071,48067,65536
PRGV:48071,48070,65536
PRGV:48071,48071,65536
PRGV:48075,48071,65536
PRGV:48075,48074,65536
PRGV:48079,48074,65536
PRGV:48079,48078,65536
PRGV:48082,48078,65536
PRGV:48082,48082,65536
PRGV:48086,48082,65536
PRGV:48086,48086,65536
PRGV:48090,48086,65536
PRGV:48090,48089,65536
PRGV:48094,48089,65536
PRGV:48094,48093,65536
PRGV:48098,48093,65536
PRGV:48098,48097,65536
PRGV:48102,48097,65536
PRGV:48102,48101,65536
PRGV:48104,48101,65536
PRGV:48104,48104,65536
PRGV:48108,48104,65536
PRGV:48108,48108,65536
PRGV:48112,48108,65536
PRGV:48112,48111,65536
PRGV:48116,48111,65536
PRGV:48116,48115,65536
PRGV:48120,48115,65536
PRGV:48120,48119,65536
PRGV:48124,48119,65536
PRGV:48124,48123,65536
PRGV:48128,48123,65536
PRGV:48128,48127,65536
PRGV:48131,48127,65536
PRGV:48131,48131,65536
PRGV:48135,48131,65536
PRGV:48135,48134,65536
PRGV:48139,48134,65536
PRGV:48139,48138,65536
PRGV:48142,48138,65536
PRGV:48142,48142,65536
PRGV:48146,48142,65536
PRGV:48146,48146,65536
PRGV:48150,48146,65536
PRGV:48150,48149,65536
PRGV:48153,48149,65536
PRGV:48153,48153,65536
PRGV:48157,48153,65536
PRGV:48157,48157,65536
PRGV:48161,48157,65536
PRGV:48161,48160,65536
PRGV:48165,48160,65536
PRGV:48165,48164,65536
PRGV:48168,48164,65536
PRGV:48168,48168,65536
PRGV:48172,48168,65536
PRGV:48172,48171,65536
PRGV:48175,48171,65536
PRGV:48175,48175,65536
PRGV:48179,48175,65536
PRGV:48179,48179,65536
PRGV:48183,48179,65536
PRGV:48183,48182,65536
PRGV:48187,48182,65536
PRGV:48187,48186,65536
PRGV:48191,48186,65536
PRGV:48191,48190,65536
PRGV:48195,48190,65536
PRGV:48195,48194,65536
PRGV:48199,48194,65536
PRGV:48199,48198,65536
PRGV:48201,48198,65536
PRGV:48201,48201,65536
PRGV:48205,48201,65536
PRGV:48205,48204,65536
PRGV:48209,48204,65536
PRGV:48209,48208,65536
PRGV:48213,48208,65536
PRGV:48213,48212,65536
PRGV:48217,48212,65536
PRGV:48217,48216,65536
PRGV:48221,48216,65536
PRGV:48221,48220,65536
PRGV:48224,48220,65536
PRGV:48224,48224,65536
PRGV:48228,48224,65536
PRGV:48228,48228,65536
PRGV:48232,48228,65536
PRGV:48232,48231,65536
PRGV:48235,48231,65536
PRGV:48235,48234,65536
PRGV:48239,48234,65536
PRGV:48239,48238,65536
PRGV:48243,48238,65536
PRGV:48243,48242,65536
PRGV:48247,48242,65536
PRGV:48247,48246,65536
PRGV:48250,48246,65536
PRGV:48250,48250,65536
PRGV:48254,48250,65536
PRGV:48254,48254,65536
PRGV:48258,48254,65536
PRGV:48258,48257,65536
PRGV:48261,48257,65536
PRGV:48261,48261,65536
PRGV:48265,48261,65536
PRGV:48265,48265,65536
PRGV:48269,48265,65536
PRGV:48269,48268,65536
PRGV:48272,48268,65536
PRGV:48272,48272,65536
PRGV:48276,48272,65536
PRGV:48276,48276,65536
PRGV:48280,48276,65536
PRGV:48280,48279,65536
PRGV:48284,48279,65536
PRGV:48284,48283,65536
PRGV:48288,48283,65536
PRGV:48288,48287,65536
PRGV:48292,48287,65536
PRGV:48292,48291,65536
PRGV:48296,48291,65536
PRGV:48296,48295,65536
PRGV:48298,48295,65536
PRGV:48298,48298,65536
PRGV:48302,48298,65536
PRGV:48302,48301,65536
PRGV:48306,48301,65536
PRGV:48306,48305,65536
PRGV:48310,48305,65536
PRGV:48310,48309,65536
PRGV:48314,48309,65536
PRGV:48314,48313,65536
PRGV:48318,48313,65536
PRGV:48318,48317,65536
PRGV:48321,48317,65536
PRGV:48321,48321,65536
PRGV:48325,48321,65536
PRGV:48325,48325,65536
PRGV:48328,48325,65536
PRGV:48328,48327,65536
PRGV:48332,48327,65536
PRGV:48332,48331,65536
PRGV:48336,48331,65536
PRGV:48336,48335,65536
PRGV:48340,48335,65536
PRGV:48340,48339,65536
PRGV:48343,48339,65536
PRGV:48343,48343,65536
PRGV:48347,48343,65536
PRGV:48347,48346,65536
PRGV:48351,48346,65536
PRGV:48351,48350,65536
PRGV:48354,48350,65536
PRGV:48354,48354,65536
PRGV:48358,48354,65536
PRGV:48358,48358,65536
PRGV:48362,48358,65536
PRGV:48362,48361,65536
PRGV:48365,48361,65536
PRGV:48365,48365,65536
PRGV:48369,48365,65536
PRGV:48369,48369,65536
PRGV:48373,48369,65536
PRGV:48373,48372,65536
PRGV:48377,48372,65536
PRGV:48377,48376,65536
PRGV:48380,48376,65536
PRGV:48380,48380,65536
PRGV:48384,48380,65536
PRGV:48384,48384,65536
PRGV:48388,48384,65536
PRGV:48388,48387,65536
PRGV:48391,48387,65536
PRGV:48391,48391,65536
PRGV:48392,48391,65536
PRGV:48395,48391,65536
PRGV:48395,48395,65536
PRGV:48399,48395,65536
PRGV:48399,48398,65536
PRGV:48402,48398,65536
PRGV:48402,48402,65536
PRGV:48406,48402,65536
PRGV:48406,48406,65536
PRGV:48410,48406,65536
PRGV:48410,48409,65536
PRGV:48414,48409,65536
PRGV:48414,48413,65536
PRGV:48418,48413,65536
PRGV:48418,48417,65536
PRGV:48421,48417,65536
PRGV:48421,48420,65536
PRGV:48425,48420,65536
PRGV:48425,48424,65536
PRGV:48429,48424,65536
PRGV:48429,48428,65536
PRGV:48433,48428,65536
PRGV:48433,48432,65536
PRGV:48436,48432,65536
PRGV:48436,48435,65536
PRGV:48440,48435,65536
PRGV:48440,48439,65536
PRGV:48444,48439,65536
PRGV:48444,48443,65536
PRGV:48447,48443,65536
PRGV:48447,48446,65536
PRGV:48451,48446,65536
PRGV:48451,48450,65536
PRGV:48455,48450,65536
PRGV:48455,48454,65536
PRGV:48459,48454,65536
PRGV:48459,48458,65536
PRGV:48462,48458,65536
PRGV:48462,48462,65536
PRGV:48466,48462,65536
PRGV:48466,48466,65536
PRGV:48470,48466,65536
PRGV:48470,48469,65536
PRGV:48473,48469,65536
PRGV:48473,48472,65536
PRGV:48477,48472,65536
PRGV:48477,48476,65536
PRGV:48481,48476,65536
PRGV:48481,48480,65536
PRGV:48484,48480,65536
PRGV:48484,48484,65536
PRGV:48488,48484,65536
PRGV:48488,48488,65536
PRGV:48492,48488,65536
PRGV:48492,48491,65536
PRGV:48495,48491,65536
PRGV:48495,48495,65536
PRGV:48499,48495,65536
PRGV:48499,48499,65536
PRGV:48503,48499,65536
PRGV:48503,48502,65536
PRGV:48507,48502,65536
PRGV:48507,48506,65536
PRGV:48510,48506,65536
PRGV:48510,48510,65536
PRGV:48514,48510,65536
PRGV:48514,48513,65536
PRGV:48518,48513,65536
PRGV:48518,48517,65536
PRGV:48522,48517,65536
PRGV:48522,48521,65536
PRGV:48525,48521,65536
PRGV:48525,48525,65536
PRGV:48529,48525,65536
PRGV:48529,48528,65536
PRGV:48532,48528,65536
PRGV:48532,48532,65536
PRGV:48536,48532,65536
PRGV:48536,48536,65536
PRGV:48540,48536,65536
PRGV:48540,48539,65536
PRGV:48544,48539,65536
PRGV:48544,48543,65536
PRGV:48547,48543,65536
PRGV:48547,48546,65536
PRGV:48551,48546,65536
PRGV:48551,48550,65536
PRGV:48554,48550,65536
PRGV:48554,48554,65536
PRGV:48558,48554,65536
PRGV:48558,48558,65536
PRGV:48562,48558,65536
PRGV:48562,48561,65536
PRGV:48566,48561,65536
PRGV:48566,48565,65536
PRGV:48570,48565,65536
PRGV:48570,48569,65536
PRGV:48573,48569,65536
PRGV:48573,48572,65536
PRGV:48577,48572,65536
PRGV:48577,48576,65536
PRGV:48581,48576,65536
PRGV:48581,48580,65536
PRGV:48584,48580,65536
PRGV:48584,48583,65536
PRGV:48588,48583,65536
PRGV:48588,48587,65536
PRGV:48591,48587,65536
PRGV:48591,48591,65536
PRGV:48595,48591,65536
PRGV:48595,48594,65536
PRGV:48599,48594,65536
PRGV:48599,48598,65536
PRGV:48603,48598,65536
PRGV:48603,48602,65536
PRGV:48607,48602,65536
PRGV:48607,48606,65536
PRGV:48611,48606,65536
PRGV:48611,48610,65536
PRGV:48613,48610,65536
PRGV:48613,48613,65536
PRGV:48617,48613,65536
PRGV:48617,48617,65536
PRGV:48621,48617,65536
PRGV:48621,48620,65536
PRGV:48625,48620,65536
PRGV:48625,48624,65536
PRGV:48629,48624,65536
PRGV:48629,48628,65536
PRGV:48633,48628,65536
PRGV:48633,48632,65536
PRGV:48636,48632,65536
PRGV:48636,48635,65536
PRGV:48640,48635,65536
PRGV:48640,48639,65536
PRGV:48644,48639,65536
PRGV:48644,48643,65536
PRGV:48647,48643,65536
PRGV:48647,48646,65536
PRGV:48651,48646,65536
PRGV:48651,48650,65536
PRGV:48655,48650,65536
PRGV:48655,48654,65536
PRGV:48658,48654,65536
PRGV:48658,48657,65536
PRGV:48662,48657,65536
PRGV:48662,48661,65536
PRGV:48666,48661,65536
PRGV:48666,48665,65536
PRGV:48670,48665,65536
PRGV:48670,48669,65536
PRGV:48673,48669,65536
PRGV:48673,48673,65536
PRGV:48677,48673,65536
PRGV:48677,48677,65536
PRGV:48680,48677,65536
PRGV:48680,48679,65536
PRGV:48684,48679,65536
PRGV:48684,48683,65536
PRGV:48688,48683,65536
PRGV:48688,48687,65536
PRGV:48692,48687,65536
PRGV:48692,48691,65536
PRGV:48695,48691,65536
PRGV:48695,48695,65536
PRGV:48699,48695,65536
PRGV:48699,48699,65536
PRGV:48702,48699,65536
PRGV:48702,48701,65536
PRGV:48706,48701,65536
PRGV:48706,48705,65536
PRGV:48710,48705,65536
PRGV:48710,48709,65536
PRGV:48714,48709,65536
PRGV:48714,48713,65536
PRGV:48717,48713,65536
PRGV:48717,48717,65536
PRGV:48721,48717,65536
PRGV:48721,48720,65536
PRGV:48725,48720,65536
PRGV:48725,48724,65536
PRGV:48728,48724,65536
PRGV:48728,48728,65536
PRGV:48732,48728,65536
PRGV:48732,48732,65536
PRGV:48736,48732,65536
PRGV:48736,48735,65536
PRGV:48739,48735,65536
PRGV:48739,48738,65536
PRGV:48743,48738,65536
PRGV:48743,48742,65536
PRGV:48747,48742,65536
PRGV:48747,48746,65536
PRGV:48751,48746,65536
PRGV:48751,48750,65536
PRGV:48754,48750,65536
PRGV:48754,48754,65536
PRGV:48758,48754,65536
PRGV:48758,48758,65536
PRGV:48762,48758,65536
PRGV:48762,48761,65536
PRGV:48765,48761,65536
PRGV:48765,48765,65536
PRGV:48769,48765,65536
PRGV:48769,48769,65536
PRGV:48772,48769,65536
PRGV:48772,48771,65536
PRGV:48776,48771,65536
PRGV:48776,48776,65536
PRGV:48780,48776,65536
PRGV:48780,48779,65536
PRGV:48784,48779,65536
PRGV:48784,48783,65536
PRGV:48787,48783,65536
PRGV:48787,48787,65536
PRGV:48791,48787,65536
PRGV:48791,48790,65536
PRGV:48795,48790,65536
PRGV:48795,48794,65536
PRGV:48798,48794,65536
PRGV:48798,48798,65536
PRGV:48802,48798,65536
PRGV:48802,48801,65536
PRGV:48806,48801,65536
PRGV:48806,48805,65536
PRGV:48809,48805,65536
PRGV:48809,48809,65536
PRGV:48813,48809,65536
PRGV:48813,48813,65536
PRGV:48817,48813,65536
PRGV:48817,48816,65536
PRGV:48820,48816,65536
PRGV:48820,48820,65536
PRGV:48824,48820,65536
PRGV:48824,48824,65536
PRGV:48828,48824,65536
PRGV:48828,48827,65536
PRGV:48832,48827,65536
PRGV:48832,48831,65536
PRGV:48835,48831,65536
PRGV:48835,48834,65536
PRGV:48839,48834,65536
PRGV:48839,48838,65536
PRGV:48843,48838,65536
PRGV:48843,48842,65536
PRGV:48846,48842,65536
PRGV:48846,48846,65536
PRGV:48850,48846,65536
PRGV:48850,48849,65536
PRGV:48854,48849,65536
PRGV:48854,48853,65536
PRGV:48857,48853,65536
PRGV:48857,48857,65536
PRGV:48861,48857,65536
PRGV:48861,48861,65536
PRGV:48865,48861,65536
PRGV:48865,48864,65536
PRGV:48868,48864,65536
PRGV:48868,48867,65536
PRGV:48868,48868,65536
PRGV:48872,48868,65536
PRGV:48872,48871,65536
PRGV:48876,48871,65536
PRGV:48876,48875,65536
PRGV:48879,48875,65536
PRGV:48879,48878,65536
PRGV:48883,48878,65536
PRGV:48883,48882,65536
PRGV:48887,48882,65536
PRGV:48887,48886,65536
PRGV:48890,48886,65536
PRGV:48890,48890,65536
PRGV:48894,48890,65536
PRGV:48894,48894,65536
PRGV:48898,48894,65536
PRGV:48898,48897,65536
PRGV:48901,48897,65536
PRGV:48901,48901,65536
PRGV:48905,48901,65536
PRGV:48905,48905,65536
PRGV:48909,48905,65536
PRGV:48909,48908,65536
PRGV:48912,48908,65536
PRGV:48912,48911,65536
PRGV:48916,48911,65536
PRGV:48916,48915,65536
PRGV:48920,48915,65536
PRGV:48920,48919,65536
PRGV:48923,48919,65536
PRGV:48923,48923,65536
PRGV:48927,48923,65536
PRGV:48927,48927,65536
PRGV:48931,48927,65536
PRGV:48931,48930,65536
PRGV:48935,48930,65536
PRGV:48935,48934,65536
PRGV:48938,48934,65536
PRGV:48938,48938,65536
PRGV:48942,48938,65536
PRGV:48942,48941,65536
PRGV:48945,48941,65536
PRGV:48945,48944,65536
PRGV:48949,48944,65536
PRGV:48949,48948,65536
PRGV:48953,48948,65536
PRGV:48953,48952,65536
PRGV:48957,48952,65536
PRGV:48957,48956,65536
PRGV:48960,48956,65536
PRGV:48960,48960,65536
PRGV:48964,48960,65536
PRGV:48964,48963,65536
PRGV:48968,48963,65536
PRGV:48968,48967,65536
PRGV:48971,48967,65536
PRGV:48971,48971,65536
PRGV:48975,48971,65536
PRGV:48975,48975,65536
PRGV:48979,48975,65536
PRGV:48979,48978,65536
PRGV:48982,48978,65536
PRGV:48982,48982,65536
PRGV:48986,48982,65536
PRGV:48986,48985,65536
PRGV:48990,48985,65536
PRGV:48990,48989,65536
PRGV:48993,48989,65536
PRGV:48993,48992,65536
PRGV:48997,48992,65536
PRGV:48997,48996,65536
PRGV:49001,48996,65536
PRGV:49001,49000,65536
PRGV:49004,49000,65536
PRGV:49004,49004,65536
PRGV:49008,49004,65536
PRGV:49008,49007,65536
PRGV:49012,49007,65536
PRGV:49012,49011,65536
PRGV:49015,49011,65536
PRGV:49015,49015,65536
PRGV:49019,49015,65536
PRGV:49019,49018,65536
PRGV:49022,49018,65536
PRGV:49022,49021,65536
PRGV:49026,49021,65536
PRGV:49026,49025,65536
PRGV:49030,49025,65536
PRGV:49030,49029,65536
PRGV:49034,49029,65536
PRGV:49034,49033,65536
PRGV:49037,49033,65536
PRGV:49037,49036,65536
PRGV:49041,49036,65536
PRGV:49041,49040,65536
PRGV:49045,49040,65536
PRGV:49045,49044,65536
PRGV:49049,49044,65536
PRGV:49049,49048,65536
PRGV:49052,49048,65536
PRGV:49052,49052,65536
PRGV:49055,49052,65536
PRGV:49055,49054,65536
PRGV:49056,49054,65536
PRGV:49056,49056,65536
PRGV:49060,49056,65536
PRGV:49060,49059,65536
PRGV:49063,49059,65536
PRGV:49063,49062,65536
PRGV:49067,49062,65536
PRGV:49067,49066,65536
PRGV:49071,49066,65536
PRGV:49071,49070,65536
PRGV:49074,49070,65536
PRGV:49074,49074,65536
PRGV:49078,49074,65536
PRGV:49078,49078,65536
PRGV:49082,49078,65536
PRGV:49082,49081,65536
PRGV:49085,49081,65536
PRGV:49085,49085,65536
PRGV:49088,49085,65536
PRGV:49088,49087,65536
PRGV:49092,49087,65536
PRGV:49092,49091,65536
PRGV:49096,49091,65536
PRGV:49096,49095,65536
PRGV:49100,49095,65536
PRGV:49100,49099,65536
PRGV:49103,49099,65536
PRGV:49103,49102,65536
PRGV:49107,49102,65536
PRGV:49107,49106,65536
PRGV:49111,49106,65536
PRGV:49111,49110,65536
PRGV:49115,49110,65536
PRGV:49115,49114,65536
PRGV:49118,49114,65536
PRGV:49118,49118,65536
PRGV:49121,49118,65536
PRGV:49121,49120,65536
PRGV:49125,49120,65536
PRGV:49125,49124,65536
PRGV:49129,49124,65536
PRGV:49129,49128,65536
PRGV:49133,49128,65536
PRGV:49133,49132,65536
PRGV:49136,49132,65536
PRGV:49136,49135,65536
PRGV:49140,49135,65536
PRGV:49140,49139,65536
PRGV:49144,49139,65536
PRGV:49144,49143,65536
PRGV:49148,49143,65536
PRGV:49148,49147,65536
PRGV:49150,49147,65536
PRGV:49150,49150,65536
PRGV:49154,49150,65536
PRGV:49154,49154,65536
PRGV:49158,49154,65536
PRGV:49158,49157,65536
PRGV:49162,49157,65536
PRGV:49162,49161,65536
PRGV:49166,49161,65536
PRGV:49166,49165,65536
PRGV:49169,49165,65536
PRGV:49169,49168,65536
PRGV:49173,49168,65536
PRGV:49173,49172,65536
PRGV:49177,49172,65536
PRGV:49177,49176,65536
PRGV:49181,49176,65536
PRGV:49181,49180,65536
PRGV:49184,49180,65536
PRGV:49184,49183,65536
PRGV:49187,49183,65536
PRGV:49187,49187,65536
PRGV:49191,49187,65536
PRGV:49191,49190,65536
PRGV:49195,49190,65536
PRGV:49195,49194,65536
PRGV:49198,49194,65536
PRGV:49198,49198,65536
PRGV:49202,49198,65536
PRGV:49202,49201,65536
PRGV:49206,49201,65536
PRGV:49206,49205,65536
PRGV:49210,49205,65536
PRGV:49210,49209,65536
PRGV:49213,49209,65536
PRGV:49213,49212,65536
PRGV:49217,49212,65536
PRGV:49217,49216,65536
PRGV:49220,49216,65536
PRGV:49220,49220,65536
PRGV:49224,49220,65536
PRGV:49224,49224,65536
PRGV:49228,49224,65536
PRGV:49228,49227,65536
PRGV:49231,49227,65536
PRGV:49231,49231,65536
PRGV:49235,49231,65536
PRGV:49235,49235,65536
PRGV:49239,49235,65536
PRGV:49239,49238,65536
PRGV:49243,49238,65536
PRGV:49243,49242,65536
PRGV:49246,49242,65536
PRGV:49246,49245,65536
PRGV:49250,49245,65536
PRGV:49250,49249,65536
PRGV:49253,49249,65536
PRGV:49253,49252,65536
PRGV:49257,49252,65536
PRGV:49257,49256,65536
PRGV:49261,49256,65536
PRGV:49261,49260,65536
PRGV:49264,49260,65536
PRGV:49264,49264,65536
PRGV:49268,49264,65536
PRGV:49268,49267,65536
PRGV:49272,49267,65536
PRGV:49272,49271,65536
PRGV:49275,49271,65536
PRGV:49275,49275,65536
PRGV:49279,49275,65536
PRGV:49279,49279,65536
PRGV:49283,49279,65536
PRGV:49283,49282,65536
PRGV:49286,49282,65536
PRGV:49286,49285,65536
PRGV:49289,49285,65536
PRGV:49289,49288,65536
PRGV:49293,49288,65536
PRGV:49293,49292,65536
PRGV:49297,49292,65536
PRGV:49297,49296,65536
PRGV:49301,49296,65536
PRGV:49301,49300,65536
PRGV:49305,49300,65536
PRGV:49305,49304,65536
PRGV:49308,49304,65536
PRGV:49308,49307,65536
PRGV:49312,49307,65536
PRGV:49312,49311,65536
PRGV:49316,49311,65536
PRGV:49316,49315,65536
PRGV:49320,49315,65536
PRGV:49320,49319,65536
PRGV:49323,49319,65536
PRGV:49323,49322,65536
PRGV:49326,49322,65536
PRGV:49326,49325,65536
PRGV:49329,49325,65536
PRGV:49329,49329,65536
PRGV:49333,49329,65536
PRGV:49333,49333,65536
PRGV:49337,49333,65536
PRGV:49337,49336,65536
PRGV:49341,49336,65536
PRGV:49341,49340,65536
PRGV:49344,49340,65536
PRGV:49344,49344,65536
PRGV:49348,49344,65536
PRGV:49348,49347,65536
PRGV:49352,49347,65536
PRGV:49352,49351,65536
PRGV:49356,49351,65536
PRGV:49356,49355,65536
PRGV:49359,49355,65536
PRGV:49359,49358,65536
PRGV:49363,49358,65536
PRGV:49363,49362,65536
PRGV:49366,49362,65536
PRGV:49366,49366,65536
PRGV:49370,49366,65536
PRGV:49370,49369,65536
PRGV:49374,49369,65536
PRGV:49374,49373,65536
PRGV:49377,49373,65536
PRGV:49377,49377,65536
PRGV:49381,49377,65536
PRGV:49381,49380,65536
PRGV:49385,49380,65536
PRGV:49385,49384,65536
PRGV:49388,49384,65536
PRGV:49388,49388,65536
PRGV:49392,49388,65536
PRGV:49392,49391,65536
PRGV:49392,49392,65536
PRGV:49395,49392,65536
PRGV:49395,49394,65536
PRGV:49399,49394,65536
PRGV:49399,49398,65536
PRGV:49403,49398,65536
PRGV:49403,49402,65536
PRGV:49407,49402,65536
PRGV:49407,49406,65536
PRGV:49410,49406,65536
PRGV:49410,49409,65536
PRGV:49414,49409,65536
PRGV:49414,49413,65536
PRGV:49418,49413,65536
PRGV:49418,49417,65536
PRGV:49421,49417,65536
PRGV:49421,49421,65536
PRGV:49425,49421,65536
PRGV:49425,49424,65536
PRGV:49428,49424,65536
PRGV:49428,49427,65536
PRGV:49432,49427,65536
PRGV:49432,49431,65536
PRGV:49435,49431,65536
PRGV:49435,49434,65536
PRGV:49439,49434,65536
PRGV:49439,49438,65536
PRGV:49443,49438,65536
PRGV:49443,49442,65536
PRGV:49447,49442,65536
PRGV:49447,49446,65536
PRGV:49451,49446,65536
PRGV:49451,49450,65536
PRGV:49454,49450,65536
PRGV:49454,49453,65536
PRGV:49457,49453,65536
PRGV:49457,49456,65536
PRGV:49461,49456,65536
PRGV:49461,49460,65536
PRGV:49464,49460,65536
PRGV:49464,49464,65536
PRGV:49468,49464,65536
PRGV:49468,49468,65536
PRGV:49472,49468,65536
PRGV:49472,49471,65536
PRGV:49476,49471,65536
PRGV:49476,49475,65536
PRGV:49480,49475,65536
PRGV:49480,49479,65536
PRGV:49483,49479,65536
PRGV:49483,49482,65536
PRGV:49486,49482,65536
PRGV:49486,49486,65536
PRGV:49490,49486,65536
PRGV:49490,49489,65536
PRGV:49494,49489,65536
PRGV:49494,49493,65536
PRGV:49497,49493,65536
PRGV:49497,49497,65536
PRGV:49501,49497,65536
PRGV:49501,49501,65536
PRGV:49505,49501,65536
PRGV:49505,49504,65536
PRGV:49508,49504,65536
PRGV:49508,49508,65536
PRGV:49512,49508,65536
PRGV:49512,49512,65536
PRGV:49516,49512,65536
PRGV:49516,49515,65536
PRGV:49520,49515,65536
PRGV:49520,49519,65536
PRGV:49523,49519,65536
PRGV:49523,49522,65536
PRGV:49527,49522,65536
PRGV:49527,49526,65536
PRGV:49530,49526,65536
PRGV:49530,49529,65536
PRGV:49534,49529,65536
PRGV:49534,49533,65536
PRGV:49538,49533,65536
PRGV:49538,49537,65536
PRGV:49542,49537,65536
PRGV:49542,49541,65536
PRGV:49545,49541,65536
PRGV:49545,49544,65536
PRGV:49548,49544,65536
PRGV:49548,49547,65536
PRGV:49552,49547,65536
PRGV:49552,49551,65536
PRGV:49555,49551,65536
PRGV:49555,49555,65536
PRGV:49559,49555,65536
PRGV:49559,49558,65536
PRGV:49563,49558,65536
PRGV:49563,49562,65536
PRGV:49567,49562,65536
PRGV:49567,49566,65536
PRGV:49570,49566,65536
PRGV:49570,49569,65536
PRGV:49574,49569,65536
PRGV:49574,49573,65536
PRGV:49578,49573,65536
PRGV:49578,49577,65536
PRGV:49581,49577,65536
PRGV:49581,49580,65536
PRGV:49585,49580,65536
PRGV:49585,49584,65536
PRGV:49588,49584,65536
PRGV:49588,49587,65536
PRGV:49592,49587,65536
PRGV:49592,49591,65536
PRGV:49596,49591,65536
PRGV:49596,49595,65536
PRGV:49599,49595,65536
PRGV:49599,49599,65536
PRGV:49603,49599,65536
PRGV:49603,49602,65536
PRGV:49607,49602,65536
PRGV:49607,49606,65536
PRGV:49610,49606,65536
PRGV:49610,49610,65536
PRGV:49614,49610,65536
PRGV:49614,49613,65536
PRGV:49617,49613,65536
PRGV:49617,49616,65536
PRGV:49621,49616,65536
PRGV:49621,49620,65536
PRGV:49624,49620,65536
PRGV:49624,49623,65536
PRGV:49628,49623,65536
PRGV:49628,49627,65536
PRGV:49632,49627,65536
PRGV:49632,49631,65536
PRGV:49635,49631,65536
PRGV:49635,49634,65536
PRGV:49639,49634,65536
PRGV:49639,49638,65536
PRGV:49643,49638,65536
PRGV:49643,49642,65536
PRGV:49647,49642,65536
PRGV:49647,49646,65536
PRGV:49650,49646,65536
PRGV:49650,49649,65536
PRGV:49653,49649,65536
PRGV:49653,49653,65536
PRGV:49657,49653,65536
PRGV:49657,49656,65536
PRGV:49661,49656,65536
PRGV:49661,49660,65536
PRGV:49664,49660,65536
PRGV:49664,49664,65536
PRGV:49668,49664,65536
PRGV:49668,49667,65536
PRGV:49672,49667,65536
PRGV:49672,49671,65536
PRGV:49675,49671,65536
PRGV:49675,49675,65536
PRGV:49679,49675,65536
PRGV:49679,49678,65536
PRGV:49683,49678,65536
PRGV:49683,49682,65536
PRGV:49686,49682,65536
PRGV:49686,49686,65536
PRGV:49690,49686,65536
PRGV:49690,49689,65536
PRGV:49694,49689,65536
PRGV:49694,49693,65536
PRGV:49696,49693,65536
PRGV:49696,49696,65536
PRGV:49700,49696,65536
PRGV:49700,49699,65536
PRGV:49704,49699,65536
PRGV:49704,49703,65536
PRGV:49708,49703,65536
PRGV:49708,49707,65536
PRGV:49711,49707,65536
PRGV:49711,49710,65536
PRGV:51384,49710,65536
PRGV:51384,51383,65536
PRGV:51387,51383,65536
PRGV:51387,51387,65536
PRGV:51391,51387,65536
PRGV:51391,51390,65536
PRGV:51395,51390,65536
PRGV:51395,51394,65536
PRGV:51398,51394,65536
PRGV:51398,51398,65536
PRGV:51402,51398,65536
PRGV:51402,51401,65536
PRGV:51406,51401,65536
PRGV:51406,51405,65536
PRGV:51409,51405,65536
PRGV:51409,51408,65536
PRGV:51412,51408,65536
PRGV:51412,51411,65536
PRGV:51415,51411,65536
PRGV:51415,51415,65536
PRGV:51419,51415,65536
PRGV:51419,51418,65536
PRGV:51423,51418,65536
PRGV:51423,51422,65536
PRGV:51426,51422,65536
PRGV:51426,51425,65536
PRGV:51430,51425,65536
PRGV:51430,51429,65536
PRGV:51433,51429,65536
PRGV:51433,51432,65536
PRGV:51437,51432,65536
PRGV:51437,51436,65536
PRGV:51440,51436,65536
PRGV:51440,51439,65536
PRGV:51444,51439,65536
PRGV:51444,51443,65536
PRGV:51447,51443,65536
PRGV:51447,51446,65536
PRGV:51451,51446,65536
PRGV:51451,51450,65536
PRGV:51454,51450,65536
PRGV:51454,51453,65536
PRGV:51458,51453,65536
PRGV:51458,51457,65536
PRGV:51461,51457,65536
PRGV:51461,51460,65536
PRGV:51464,51460,65536
PRGV:51464,51463,65536
PRGV:51468,51463,65536
PRGV:51468,51467,65536
PRGV:51471,51467,65536
PRGV:51471,51470,65536
PRGV:51475,51470,65536
PRGV:51475,51474,65536
PRGV:51478,51474,65536
PRGV:51478,51477,65536
PRGV:51482,51477,65536
PRGV:51482,51481,65536
PRGV:51485,51481,65536
PRGV:51485,51485,65536
PRGV:51489,51485,65536
PRGV:51489,51488,65536
PRGV:51492,51488,65536
PRGV:51492,51491,65536
PRGV:51493,51491,65536
PRGV:51493,51492,65536
PRGV:51495,51492,65536
PRGV:51495,51495,65536
PRGV:51499,51495,65536
PRGV:51499,51498,65536
PRGV:51503,51498,65536
PRGV:51503,51502,65536
PRGV:51506,51502,65536
PRGV:51506,51506,65536
PRGV:51510,51506,65536
PRGV:51510,51509,65536
PRGV:51514,51509,65536
PRGV:51514,51513,65536
PRGV:51517,51513,65536
PRGV:51517,51516,65536
PRGV:51520,51516,65536
PRGV:51520,51519,65536
PRGV:51523,51519,65536
PRGV:51523,51523,65536
PRGV:51527,51523,65536
PRGV:51527,51526,65536
PRGV:51531,51526,65536
PRGV:51531,51530,65536
PRGV:51534,51530,65536
PRGV:51534,51533,65536
PRGV:51538,51533,65536
PRGV:51538,51537,65536
PRGV:51541,51537,65536
PRGV:51541,51540,65536
PRGV:51544,51540,65536
PRGV:51544,51544,65536
PRGV:51548,51544,65536
PRGV:51548,51547,65536
PRGV:51552,51547,65536
PRGV:51552,51551,65536
PRGV:51555,51551,65536
PRGV:51555,51554,65536
PRGV:51558,51554,65536
PRGV:51558,51557,65536
PRGV:51561,51557,65536
PRGV:51561,51561,65536
PRGV:51565,51561,65536
PRGV:51565,51564,65536
PRGV:51569,51564,65536
PRGV:51569,51568,65536
PRGV:51572,51568,65536
PRGV:51572,51572,65536
PRGV:51576,51572,65536
PRGV:51576,51575,65536
PRGV:51580,51575,65536
PRGV:51580,51579,65536
PRGV:51583,51579,65536
PRGV:51583,51582,65536
PRGV:51586,51582,65536
PRGV:51586,51585,65536
PRGV:51590,51585,65536
PRGV:51590,51589,65536
PRGV:51593,51589,65536
PRGV:51593,51592,65536
PRGV:51597,51592,65536
PRGV:51597,51596,65536
PRGV:51600,51596,65536
PRGV:51600,51599,65536
PRGV:51604,51599,65536
PRGV:51604,51603,65536
PRGV:51607,51603,65536
PRGV:51607,51606,65536
PRGV:51611,51606,65536
PRGV:51611,51610,65536
PRGV:51614,51610,65536
PRGV:51614,51613,65536
PRGV:51617,51613,65536
PRGV:51617,51616,65536
PRGV:51621,51616,65536
PRGV:51621,51620,65536
PRGV:51624,51620,65536
PRGV:51624,51623,65536
PRGV:51628,51623,65536
PRGV:51628,51627,65536
PRGV:51631,51627,65536
PRGV:51631,51631,65536
PRGV:51635,51631,65536
PRGV:51635,51634,65536
PRGV:51639,51634,65536
PRGV:51639,51638,65536
PRGV:51642,51638,65536
PRGV:51642,51641,65536
PRGV:51646,51641,65536
PRGV:51646,51645,65536
PRGV:51649,51645,65536
PRGV:51649,51648,65536
PRGV:51652,51648,65536
PRGV:51652,51651,65536
PRGV:51656,51651,65536
PRGV:51656,51655,65536
PRGV:51659,51655,65536
PRGV:51659,51658,65536
PRGV:51663,51658,65536
PRGV:51663,51662,65536
PRGV:51666,51662,65536
PRGV:51666,51665,65536
PRGV:51670,51665,65536
PRGV:51670,51669,65536
PRGV:51673,51669,65536
PRGV:51673,51672,65536
PRGV:51677,51672,65536
PRGV:51677,51676,65536
PRGV:51680,51676,65536
PRGV:51680,51679,65536
PRGV:51683,51679,65536
PRGV:51683,51682,65536
PRGV:51687,51682,65536
PRGV:51687,51686,65536
PRGV:51690,51686,65536
PRGV:51690,51690,65536
PRGV:51694,51690,65536
PRGV:51694,51693,65536
PRGV:51698,51693,65536
PRGV:51698,51697,65536
PRGV:51701,51697,65536
PRGV:51701,51700,65536
PRGV:51705,51700,65536
PRGV:51705,51704,65536
PRGV:51708,51704,65536
PRGV:51708,51707,65536
PRGV:51712,51707,65536
PRGV:51712,51711,65536
PRGV:51715,51711,65536
PRGV:51715,51714,65536
PRGV:51718,51714,65536
PRGV:51718,51717,65536
PRGV:51722,51717,65536
PRGV:51722,51721,65536
PRGV:51725,51721,65536
PRGV:51725,51724,65536
PRGV:51728,51724,65536
PRGV:51728,51728,65536
PRGV:51732,51728,65536
PRGV:51732,51731,65536
PRGV:51736,51731,65536
PRGV:51736,51735,65536
PRGV:51739,51735,65536
PRGV:51739,51739,65536
PRGV:51743,51739,65536
PRGV:51743,51742,65536
PRGV:51746,51742,65536
PRGV:51746,51745,65536
PRGV:51750,51745,65536
PRGV:51750,51749,65536
PRGV:51753,51749,65536
PRGV:51753,51752,65536
PRGV:51756,51752,65536
PRGV:51756,51755,65536
PRGV:51760,51755,65536
PRGV:51760,51759,65536
PRGV:51763,51759,65536
PRGV:51763,51762,65536
PRGV:51766,51762,65536
PRGV:51766,51766,65536
PRGV:51770,51766,65536
PRGV:51770,51769,65536
PRGV:51774,51769,65536
PRGV:51774,51773,65536
PRGV:51777,51773,65536
PRGV:51777,51777,65536
PRGV:51781,51777,65536
PRGV:51781,51780,65536
PRGV:51784,51780,65536
PRGV:51784,51783,65536
PRGV:51787,51783,65536
PRGV:51787,51786,65536
PRGV:51791,51786,65536
PRGV:51791,51790,65536
PRGV:51794,51790,65536
PRGV:51794,51794,65536
PRGV:51798,51794,65536
PRGV:51798,51797,65536
PRGV:51802,51797,65536
PRGV:51802,51801,65536
PRGV:51805,51801,65536
PRGV:51805,51804,65536
PRGV:51809,51804,65536
PRGV:51809,51808,65536
PRGV:51812,51808,65536
PRGV:51812,51811,65536
PRGV:51815,51811,65536
PRGV:51815,51814,65536
PRGV:51819,51814,65536
PRGV:51819,51818,65536
PRGV:51822,51818,65536
PRGV:51822,51821,65536
PRGV:51826,51821,65536
PRGV:51826,51825,65536
PRGV:51829,51825,65536
PRGV:51829,51828,65536
PRGV:51832,51828,65536
PRGV:51832,51832,65536
PRGV:51836,51832,65536
PRGV:51836,51835,65536
PRGV:51839,51835,65536
PRGV:51839,51838,65536
PRGV:51842,51838,65536
PRGV:51842,51842,65536
PRGV:51846,51842,65536
PRGV:51846,51845,65536
PRGV:51850,51845,65536
PRGV:51850,51849,65536
PRGV:51853,51849,65536
PRGV:51853,51852,65536
PRGV:51857,51852,65536
PRGV:51857,51856,65536
PRGV:51860,51856,65536
PRGV:51860,51859,65536
PRGV:51863,51859,65536
PRGV:51863,51862,65536
PRGV:51867,51862,65536
PRGV:51867,51866,65536
PRGV:51870,51866,65536
PRGV:51870,51870,65536
PRGV:51874,51870,65536
PRGV:51874,51873,65536
PRGV:51878,51873,65536
PRGV:51878,51877,65536
PRGV:51881,51877,65536
PRGV:51881,51880,65536
PRGV:51884,51880,65536
PRGV:51884,51883,65536
PRGV:51888,51883,65536
PRGV:51888,51887,65536
PRGV:51891,51887,65536
PRGV:51891,51890,65536
PRGV:51895,51890,65536
PRGV:51895,51894,65536
PRGV:51898,51894,65536
PRGV:51898,51897,65536
PRGV:51902,51897,65536
PRGV:51902,51901,65536
PRGV:51905,51901,65536
PRGV:51905,51904,65536
PRGV:51909,51904,65536
PRGV:51909,51908,65536
PRGV:51912,51908,65536
PRGV:51912,51911,65536
PRGV:51915,51911,65536
PRGV:51915,51914,65536
PRGV:51918,51914,65536
PRGV:51918,51918,65536
PRGV:51922,51918,65536
PRGV:51922,51921,65536
PRGV:51926,51921,65536
PRGV:51926,51925,65536
PRGV:51929,51925,65536
PRGV:51929,51929,65536
PRGV:51933,51929,65536
PRGV:51933,51932,65536
PRGV:51937,51932,65536
PRGV:51937,51936,65536
PRGV:51940,51936,65536
PRGV:51940,51939,65536
PRGV:51943,51939,65536
PRGV:51943,51942,65536
PRGV:51946,51942,65536
PRGV:51946,51945,65536
PRGV:51950,51945,65536
PRGV:51950,51949,65536
PRGV:51953,51949,65536
PRGV:51953,51952,65536
PRGV:51957,51952,65536
PRGV:51957,51956,65536
PRGV:51960,51956,65536
PRGV:51960,51959,65536
PRGV:51964,51959,65536
PRGV:51964,51963,65536
PRGV:51967,51963,65536
PRGV:51967,51967,65536
PRGV:51971,51967,65536
PRGV:51971,51970,65536
PRGV:51974,51970,65536
PRGV:51974,51973,65536
PRGV:51977,51973,65536
PRGV:51977,51976,65536
PRGV:51981,51976,65536
PRGV:51981,51980,65536
PRGV:51985,51980,65536
PRGV:51985,51984,65536
PRGV:51988,51984,65536
PRGV:51988,51987,65536
PRGV:51991,51987,65536
PRGV:51991,51990,65536
PRGV:51995,51990,65536
PRGV:51995,51994,65536
PRGV:53818,51994,65536
PRGV:53818,53817,65536
PRGV:53821,53817,65536
PRGV:53821,53820,65536
PRGV:53824,53820,65536
PRGV:53824,53823,65536
PRGV:53828,53823,65536
PRGV:53828,53827,65536
PRGV:53831,53827,65536
PRGV:53831,53831,65536
PRGV:53835,53831,65536
PRGV:53835,53834,65536
PRGV:53838,53834,65536
PRGV:53838,53837,65536
PRGV:53841,53837,65536
PRGV:53841,53840,65536
PRGV:53845,53840,65536
PRGV:53845,53844,65536
PRGV:53848,53844,65536
PRGV:53848,53847,65536
PRGV:53851,53847,65536
PRGV:53851,53850,65536
PRGV:53854,53850,65536
PRGV:53854,53853,65536
PRGV:53857,53853,65536
PRGV:53857,53856,65536
PRGV:53861,53856,65536
PRGV:53861,53860,65536
PRGV:53864,53860,65536
PRGV:53864,53863,65536
PRGV:53867,53863,65536
PRGV:53867,53866,65536
PRGV:53871,53866,65536
PRGV:53871,53870,65536
PRGV:53874,53870,65536
PRGV:53874,53874,65536
PRGV:53878,53874,65536
PRGV:53878,53877,65536
PRGV:53881,53877,65536
PRGV:53881,53880,65536
PRGV:53884,53880,65536
PRGV:53884,53883,65536
PRGV:53888,53883,65536
PRGV:53888,53887,65536
PRGV:53890,53887,65536
PRGV:53890,53889,65536
PRGV:53894,53889,65536
PRGV:53894,53893,65536
PRGV:53897,53893,65536
PRGV:53897,53896,65536
PRGV:53900,53896,65536
PRGV:53900,53899,65536
PRGV:53904,53899,65536
PRGV:53904,53903,65536
PRGV:53907,53903,65536
PRGV:53907,53906,65536
PRGV:53910,53906,65536
PRGV:53910,53909,65536
PRGV:53914,53909,65536
PRGV:53914,53913,65536
PRGV:53917,53913,65536
PRGV:53917,53916,65536
PRGV:53920,53916,65536
PRGV:53920,53919,65536
PRGV:53923,53919,65536
PRGV:53923,53923,65536
PRGV:53927,53923,65536
PRGV:53927,53926,65536
PRGV:53930,53926,65536
PRGV:53930,53929,65536
PRGV:53933,53929,65536
PRGV:53933,53932,65536
PRGV:53937,53932,65536
PRGV:53937,53936,65536
PRGV:53940,53936,65536
PRGV:53940,53939,65536
PRGV:53943,53939,65536
PRGV:53943,53942,65536
PRGV:53947,53942,65536
PRGV:53947,53946,65536
PRGV:53949,53946,65536
PRGV:53949,53948,65536
PRGV:53953,53948,65536
PRGV:53953,53952,65536
PRGV:53957,53952,65536
PRGV:53957,53956,65536
PRGV:53960,53956,65536
PRGV:53960,53959,65536
PRGV:53963,53959,65536
PRGV:53963,53962,65536
PRGV:53966,53962,65536
PRGV:53966,53965,65536
PRGV:53970,53965,65536
PRGV:53970,53969,65536
PRGV:53973,53969,65536
PRGV:53973,53972,65536
PRGV:53976,53972,65536
PRGV:53976,53975,65536
PRGV:53980,53975,65536
PRGV:53980,53979,65536
PRGV:53982,53979,65536
PRGV:53982,53981,65536
PRGV:53986,53981,65536
PRGV:53986,53985,65536
PRGV:53989,53985,65536
PRGV:53989,53988,65536
PRGV:53992,53988,65536
PRGV:53992,53991,65536
PRGV:53996,53991,65536
PRGV:53996,53995,65536
PRGV:53999,53995,65536
PRGV:53999,53999,65536
PRGV:54003,53999,65536
PRGV:54003,54002,65536
PRGV:54006,54002,65536
PRGV:54006,54005,65536
PRGV:54009,54005,65536
PRGV:54009,54008,65536
PRGV:54012,54008,65536
PRGV:54012,54011,65536
PRGV:54015,54011,65536
PRGV:54015,54015,65536
PRGV:54019,54015,65536
PRGV:54019,54018,65536
PRGV:54022,54018,65536
PRGV:54022,54021,65536
PRGV:54025,54021,65536
PRGV:54025,54024,65536
PRGV:54029,54024,65536
PRGV:54029,54028,65536
PRGV:54033,54028,65536
PRGV:54033,54032,65536
PRGV:54035,54032,65536
PRGV:54035,54034,65536
PRGV:54039,54034,65536
PRGV:54039,54038,65536
PRGV:54042,54038,65536
PRGV:54042,54041,65536
PRGV:54045,54041,65536
PRGV:54045,54044,65536
PRGV:54049,54044,65536
PRGV:54049,54048,65536
PRGV:54052,54048,65536
PRGV:54052,54051,65536
PRGV:54055,54051,65536
PRGV:54055,54054,65536
PRGV:54058,54054,65536
PRGV:54058,54057,65536
PRGV:54062,54057,65536
PRGV:54062,54061,65536
PRGV:54065,54061,65536
PRGV:54065,54064,65536
PRGV:54068,54064,65536
PRGV:54068,54067,65536
PRGV:54072,54067,65536
PRGV:54072,54071,65536
PRGV:54075,54071,65536
PRGV:54075,54074,65536
PRGV:54078,54074,65536
PRGV:54078,54077,65536
PRGV:54081,54077,65536
PRGV:54081,54080,65536
PRGV:54084,54080,65536
PRGV:54084,54083,65536
PRGV:54088,54083,65536
PRGV:54088,54087,65536
PRGV:54091,54087,65536
PRGV:54091,54090,65536
PRGV:54094,54090,65536
PRGV:54094,54093,65536
PRGV:54098,54093,65536
PRGV:54098,54097,65536
PRGV:54101,54097,65536
PRGV:54101,54100,65536
PRGV:54105,54100,65536
PRGV:54105,54104,65536
PRGV:54108,54104,65536
PRGV:54108,54107,65536
PRGV:54110,54107,65536
PRGV:54110,54109,65536
PRGV:54114,54109,65536
PRGV:54114,54113,65536
PRGV:54117,54113,65536
PRGV:54117,54116,65536
PRGV:54121,54116,65536
PRGV:54121,54120,65536
PRGV:54124,54120,65536
PRGV:54124,54123,65536
PRGV:54127,54123,65536
PRGV:54127,54126,65536
PRGV:54131,54126,65536
PRGV:54131,54130,65536
PRGV:54133,54130,65536
PRGV:54133,54132,65536
PRGV:54137,54132,65536
PRGV:54137,54136,65536
PRGV:54140,54136,65536
PRGV:54140,54139,65536
PRGV:54143,54139,65536
PRGV:54143,54142,65536
PRGV:54147,54142,65536
PRGV:54147,54146,65536
PRGV:54150,54146,65536
PRGV:54150,54149,65536
PRGV:54153,54149,65536
PRGV:54153,54152,65536
PRGV:54156,54152,65536
PRGV:54156,54156,65536
PRGV:54160,54156,65536
PRGV:54160,54159,65536
PRGV:54163,54159,65536
PRGV:54163,54162,65536
PRGV:54166,54162,65536
PRGV:54166,54165,65536
PRGV:54170,54165,65536
PRGV:54170,54169,65536
PRGV:54173,54169,65536
PRGV:54173,54172,65536
PRGV:54176,54172,65536
PRGV:54176,54175,65536
PRGV:54180,54175,65536
PRGV:54180,54179,65536
PRGV:54183,54179,65536
PRGV:54183,54182,65536
PRGV:54186,54182,65536
PRGV:54186,54185,65536
PRGV:54189,54185,65536
PRGV:54189,54188,65536
PRGV:54192,54188,65536
PRGV:54192,54191,65536
PRGV:54196,54191,65536
PRGV:54196,54195,65536
PRGV:54199,54195,65536
PRGV:54199,54198,65536
PRGV:54203,54198,65536
PRGV:54203,54202,65536
PRGV:54206,54202,65536
PRGV:54206,54205,65536
PRGV:54209,54205,65536
PRGV:54209,54208,65536
PRGV:54212,54208,65536
PRGV:54212,54211,65536
PRGV:54215,54211,65536
PRGV:54215,54214,65536
PRGV:54219,54214,65536
PRGV:54219,54218,65536
PRGV:54222,54218,65536
PRGV:54222,54221,65536
PRGV:54225,54221,65536
PRGV:54225,54224,65536
PRGV:54229,54224,65536
PRGV:54229,54228,65536
PRGV:54232,54228,65536
PRGV:54232,54231,65536
PRGV:54235,54231,65536
PRGV:54235,54234,65536
PRGV:54239,54234,65536
PRGV:54239,54238,65536
PRGV:54242,54238,65536
PRGV:54242,54241,65536
PRGV:54245,54241,65536
PRGV:54245,54244,65536
PRGV:54248,54244,65536
PRGV:54248,54248,65536
PRGV:54251,54248,65536
PRGV:54251,54250,65536
PRGV:54255,54250,65536
PRGV:54255,54254,65536
PRGV:54258,54254,65536
PRGV:54258,54257,65536
PRGV:54261,54257,65536
PRGV:54261,54260,65536
PRGV:54264,54260,65536
PRGV:54264,54263,65536
PRGV:54268,54263,65536
PRGV:54268,54267,65536
PRGV:54271,54267,65536
PRGV:54271,54270,65536
PRGV:54275,54270,65536
PRGV:54275,54274,65536
PRGV:54277,54274,65536
PRGV:54277,54276,65536
PRGV:54281,54276,65536
PRGV:54281,54280,65536
PRGV:54284,54280,65536
PRGV:54284,54283,65536
PRGV:54288,54283,65536
PRGV:54288,54287,65536
PRGV:54291,54287,65536
PRGV:54291,54290,65536
PRGV:54294,54290,65536
PRGV:54294,54293,65536
PRGV:54297,54293,65536
PRGV:54297,54297,65536
PRGV:54301,54297,65536
PRGV:54301,54300,65536
PRGV:54304,54300,65536
PRGV:54304,54303,65536
PRGV:54307,54303,65536
PRGV:54307,54306,65536
PRGV:54310,54306,65536
PRGV:54310,54309,65536
PRGV:54313,54309,65536
PRGV:54313,54313,65536
PRGV:54317,54313,65536
PRGV:54317,54316,65536
PRGV:54320,54316,65536
PRGV:54320,54319,65536
PRGV:54323,54319,65536
PRGV:54323,54322,65536
PRGV:54327,54322,65536
PRGV:54327,54326,65536
PRGV:54330,54326,65536
PRGV:54330,54329,65536
PRGV:54333,54329,65536
PRGV:54333,54332,65536
PRGV:54337,54332,65536
PRGV:54337,54336,65536
PRGV:54340,54336,65536
PRGV:54340,54339,65536
PRGV:54343,54339,65536
PRGV:54343,54342,65536
PRGV:54347,54342,65536
PRGV:54347,54346,65536
PRGV:54350,54346,65536
PRGV:54350,54349,65536
PRGV:54353,54349,65536
PRGV:54353,54352,65536
PRGV:54356,54352,65536
PRGV:54356,54355,65536
PRGV:54359,54355,65536
PRGV:54359,54358,65536
PRGV:54362,54358,65536
PRGV:54362,54362,65536
PRGV:54366,54362,65536
PRGV:54366,54365,65536
PRGV:54369,54365,65536
PRGV:54369,54368,65536
PRGV:54372,54368,65536
PRGV:54372,54371,65536
PRGV:54376,54371,65536
PRGV:54376,54375,65536
PRGV:54379,54375,65536
PRGV:54379,54378,65536
PRGV:54382,54378,65536
PRGV:54382,54381,65536
PRGV:54385,54381,65536
PRGV:54385,54384,65536
PRGV:54388,54384,65536
PRGV:54388,54387,65536
PRGV:54392,54387,65536
PRGV:54392,54391,65536
PRGV:54395,54391,65536
PRGV:54395,54394,65536
PRGV:54398,54394,65536
PRGV:54398,54397,65536
PRGV:54402,54397,65536
PRGV:54402,54401,65536
PRGV:54405,54401,65536
PRGV:54405,54404,65536
PRGV:54408,54404,65536
PRGV:54408,54407,65536
PRGV:54412,54407,65536
PRGV:54412,54411,65536
PRGV:54414,54411,65536
PRGV:54414,54413,65536
PRGV:54418,54413,65536
PRGV:54418,54417,65536
PRGV:54421,54417,65536
PRGV:54421,54420,65536
PRGV:54424,54420,65536
PRGV:54424,54423,65536
PRGV:54427,54423,65536
PRGV:54427,54427,65536
PRGV:54431,54427,65536
PRGV:54431,54430,65536
PRGV:54434,54430,65536
PRGV:54434,54433,65536
PRGV:54437,54433,65536
PRGV:54437,54436,65536
PRGV:54441,54436,65536
PRGV:54441,54440,65536
PRGV:54443,54440,65536
PRGV:54443,54442,65536
PRGV:54447,54442,65536
PRGV:54447,54446,65536
PRGV:54450,54446,65536
PRGV:54450,54449,65536
PRGV:54453,54449,65536
PRGV:54453,54452,65536
PRGV:54457,54452,65536
PRGV:54457,54456,65536
PRGV:54460,54456,65536
PRGV:54460,54459,65536
PRGV:54463,54459,65536
PRGV:54463,54462,65536
PRGV:54467,54462,65536
PRGV:54467,54466,65536
PRGV:54470,54466,65536
PRGV:54470,54469,65536
PRGV:54473,54469,65536
PRGV:54473,54472,65536
PRGV:54476,54472,65536
PRGV:54476,54475,65536
PRGV:54479,54475,65536
PRGV:54479,54478,65536
PRGV:54483,54478,65536
PRGV:54483,54482,65536
PRGV:54486,54482,65536
PRGV:54486,54485,65536
PRGV:54490,54485,65536
PRGV:54490,54489,65536
PRGV:54493,54489,65536
PRGV:54493,54492,65536
PRGV:54496,54492,65536
PRGV:54496,54495,65536
PRGV:54500,54495,65536
PRGV:54500,54499,65536
PRGV:54503,54499,65536
PRGV:54503,54502,65536
PRGV:54505,54502,65536
PRGV:54505,54504,65536
PRGV:54508,54504,65536
PRGV:54508,54507,65536
PRGV:54512,54507,65536
PRGV:54512,54511,65536
PRGV:54515,54511,65536
PRGV:54515,54514,65536
PRGV:54518,54514,65536
PRGV:54518,54517,65536
PRGV:54522,54517,65536
PRGV:54522,54521,65536
PRGV:54526,54521,65536
PRGV:54526,54525,65536
PRGV:54529,54525,65536
PRGV:54529,54528,65536
PRGV:54531,54528,65536
PRGV:54531,54530,65536
PRGV:54534,54530,65536
PRGV:54534,54533,65536
PRGV:54538,54533,65536
PRGV:54538,54537,65536
PRGV:54542,54537,65536
PRGV:54542,54541,65536
PRGV:54545,54541,65536
PRGV:54545,54544,65536
PRGV:54548,54544,65536
PRGV:54548,54547,65536
PRGV:54551,54547,65536
PRGV:54551,54550,65536
PRGV:54555,54550,65536
PRGV:54555,54554,65536
PRGV:54557,54554,65536
PRGV:54557,54557,65536
PRGV:54561,54557,65536
PRGV:54561,54560,65536
PRGV:54564,54560,65536
PRGV:54564,54563,65536
PRGV:54567,54563,65536
PRGV:54567,54566,65536
PRGV:54571,54566,65536
PRGV:54571,54570,65536
PRGV:54574,54570,65536
PRGV:54574,54573,65536
PRGV:54577,54573,65536
PRGV:54577,54576,65536
PRGV:54581,54576,65536
PRGV:54581,54580,65536
PRGV:54584,54580,65536
PRGV:54584,54583,65536
PRGV:54587,54583,65536
PRGV:54587,54586,65536
PRGV:54589,54586,65536
PRGV:54589,54588,65536
PRGV:54593,54588,65536
PRGV:54593,54592,65536
PRGV:54597,54592,65536
PRGV:54597,54596,65536
PRGV:54600,54596,65536
PRGV:54600,54599,65536
PRGV:54603,54599,65536
PRGV:54603,54602,65536
PRGV:54607,54602,65536
PRGV:54607,54606,65536
PRGV:54610,54606,65536
PRGV:54610,54609,65536
PRGV:54613,54609,65536
PRGV:54613,54612,65536
PRGV:54615,54612,65536
PRGV:54615,54614,65536
PRGV:54619,54614,65536
PRGV:54619,54618,65536
PRGV:54622,54618,65536
PRGV:54622,54622,65536
PRGV:54626,54622,65536
PRGV:54626,54625,65536
PRGV:54629,54625,65536
PRGV:54629,54628,65536
PRGV:54632,54628,65536
PRGV:54632,54631,65536
PRGV:54636,54631,65536
PRGV:54636,54635,65536
PRGV:54639,54635,65536
PRGV:54639,54638,65536
PRGV:54642,54638,65536
PRGV:54642,54641,65536
PRGV:54645,54641,65536
PRGV:54645,54644,65536
PRGV:54648,54644,65536
PRGV:54648,54647,65536
PRGV:54651,54647,65536
PRGV:54651,54650,65536
PRGV:54654,54650,65536
PRGV:54654,54653,65536
PRGV:54658,54653,65536
PRGV:54658,54657,65536
PRGV:54661,54657,65536
PRGV:54661,54660,65536
PRGV:54664,54660,65536
PRGV:54664,54663,65536
PRGV:54668,54663,65536
PRGV:54668,54667,65536
PRGV:54670,54667,65536
PRGV:54670,54669,65536
PRGV:54674,54669,65536
PRGV:54674,54673,65536
PRGV:54677,54673,65536
PRGV:54677,54676,65536
PRGV:54680,54676,65536
PRGV:54680,54679,65536
PRGV:54684,54679,65536
PRGV:54684,54683,65536
PRGV:54687,54683,65536
PRGV:54687,54686,65536
PRGV:54690,54686,65536
PRGV:54690,54689,65536
PRGV:54694,54689,65536
PRGV:54694,54693,65536
PRGV:54697,54693,65536
PRGV:54697,54696,65536
PRGV:54700,54696,65536
PRGV:54700,54699,65536
PRGV:54703,54699,65536
PRGV:54703,54702,65536
PRGV:54706,54702,65536
PRGV:54706,54705,65536
PRGV:54710,54705,65536
PRGV:54710,54709,65536
PRGV:54713,54709,65536
PRGV:54713,54712,65536
PRGV:54716,54712,65536
PRGV:54716,54715,65536
PRGV:54719,54715,65536
PRGV:54719,54718,65536
PRGV:54722,54718,65536
PRGV:54722,54721,65536
PRGV:54723,54721,65536
PRGV:54723,54722,65536
PRGV:54725,54722,65536
PRGV:54725,54725,65536
PRGV:54729,54725,65536
PRGV:54729,54728,65536
PRGV:54732,54728,65536
PRGV:54732,54731,65536
PRGV:54735,54731,65536
PRGV:54735,54734,65536
PRGV:54739,54734,65536
PRGV:54739,54738,65536
PRGV:54742,54738,65536
PRGV:54742,54741,65536
PRGV:54745,54741,65536
PRGV:54745,54744,65536
PRGV:54749,54744,65536
PRGV:54749,54748,65536
PRGV:54752,54748,65536
PRGV:54752,54751,65536
PRGV:54755,54751,65536
PRGV:54755,54754,65536
PRGV:54758,54754,65536
PRGV:54758,54757,65536
PRGV:54761,54757,65536
PRGV:54761,54760,65536
PRGV:54764,54760,65536
PRGV:54764,54763,65536
PRGV:54767,54763,65536
PRGV:54767,54766,65536
PRGV:54771,54766,65536
PRGV:54771,54770,65536
PRGV:54774,54770,65536
PRGV:54774,54773,65536
PRGV:54777,54773,65536
PRGV:54777,54776,65536
PRGV:54781,54776,65536
PRGV:54781,54780,65536
PRGV:54784,54780,65536
PRGV:54784,54783,65536
PRGV:54787,54783,65536
PRGV:54787,54786,65536
PRGV:54790,54786,65536
PRGV:54790,54790,65536
PRGV:54793,54790,65536
PRGV:54793,54792,65536
PRGV:54797,54792,65536
PRGV:54797,54796,65536
PRGV:54800,54796,65536
PRGV:54800,54799,65536
PRGV:54803,54799,65536
PRGV:54803,54802,65536
PRGV:54806,54802,65536
PRGV:54806,54805,65536
PRGV:54810,54805,65536
PRGV:54810,54809,65536
PRGV:54813,54809,65536
PRGV:54813,54812,65536
PRGV:54816,54812,65536
PRGV:54816,54815,65536
PRGV:54819,54815,65536
PRGV:54819,54818,65536
PRGV:54822,54818,65536
PRGV:54822,54821,65536
PRGV:54826,54821,65536
PRGV:54826,54825,65536
PRGV:54829,54825,65536
PRGV:54829,54828,65536
PRGV:54832,54828,65536
PRGV:54832,54831,65536
PRGV:54836,54831,65536
PRGV:54836,54835,65536
PRGV:54838,54835,65536
PRGV:54838,54837,65536
PRGV:54842,54837,65536
PRGV:54842,54841,65536
PRGV:54845,54841,65536
PRGV:54845,54844,65536
PRGV:54848,54844,65536
PRGV:54848,54847,65536
PRGV:54852,54847,65536
PRGV:54852,54851,65536
PRGV:54855,54851,65536
PRGV:54855,54854,65536
PRGV:54858,54854,65536
PRGV:54858,54857,65536
PRGV:54862,54857,65536
PRGV:54862,54861,65536
PRGV:54864,54861,65536
PRGV:54864,54863,65536
PRGV:54868,54863,65536
PRGV:54868,54867,65536
PRGV:54870,54867,65536
PRGV:54870,54869,65536
PRGV:54874,54869,65536
PRGV:54874,54873,65536
PRGV:54877,54873,65536
PRGV:54877,54876,65536
PRGV:54880,54876,65536
PRGV:54880,54879,65536
PRGV:54884,54879,65536
PRGV:54884,54883,65536
PRGV:54887,54883,65536
PRGV:54887,54886,65536
PRGV:54890,54886,65536
PRGV:54890,54889,65536
PRGV:54894,54889,65536
PRGV:54894,54893,65536
PRGV:54897,54893,65536
PRGV:54897,54896,65536
PRGV:54900,54896,65536
PRGV:54900,54899,65536
PRGV:54903,54899,65536
PRGV:54903,54902,65536
PRGV:54906,54902,65536
PRGV:54906,54905,65536
PRGV:54909,54905,65536
PRGV:54909,54908,65536
PRGV:54913,54908,65536
PRGV:54913,54912,65536
PRGV:54916,54912,65536
PRGV:54916,54915,65536
PRGV:54919,54915,65536
PRGV:54919,54918,65536
PRGV:54922,54918,65536
PRGV:54922,54921,65536
PRGV:54925,54921,65536
PRGV:54925,54924,65536
PRGV:54928,54924,65536
PRGV:54928,54927,65536
PRGV:54932,54927,65536
PRGV:54932,54931,65536
PRGV:54935,54931,65536
PRGV:54935,54934,65536
PRGV:54938,54934,65536
PRGV:54938,54937,65536
PRGV:54941,54937,65536
PRGV:54941,54940,65536
PRGV:54945,54940,65536
PRGV:54945,54944,65536
PRGV:54948,54944,65536
PRGV:54948,54947,65536
PRGV:54951,54947,65536
PRGV:54951,54950,65536
PRGV:54954,54950,65536
PRGV:54954,54953,65536
PRGV:54957,54953,65536
PRGV:54957,54956,65536
PRGV:54961,54956,65536
PRGV:54961,54960,65536
PRGV:54964,54960,65536
PRGV:54964,54963,65536
PRGV:54967,54963,65536
PRGV:54967,54966,65536
PRGV:54971,54966,65536
PRGV:54971,54970,65536
PRGV:55032,54970,65536
PRGV:55032,55031,65536
PRGV:55035,55031,65536
PRGV:55035,55034,65536
PRGV:55038,55034,65536
PRGV:55038,55037,65536
PRGV:55042,55037,65536
PRGV:55042,55041,65536
PRGV:55045,55041,65536
PRGV:55045,55044,65536
PRGV:55048,55044,65536
PRGV:55048,55047,65536
PRGV:55051,55047,65536
PRGV:55051,55050,65536
PRGV:55054,55050,65536
PRGV:55054,55053,65536
PRGV:55057,55053,65536
PRGV:55057,55056,65536
PRGV:55060,55056,65536
PRGV:55060,55059,65536
PRGV:55064,55059,65536
PRGV:55064,55063,65536
PRGV:55067,55063,65536
PRGV:55067,55066,65536
PRGV:55070,55066,65536
PRGV:55070,55069,65536
PRGV:55074,55069,65536
PRGV:55074,55073,65536
PRGV:55076,55073,65536
PRGV:55076,55075,65536
PRGV:55080,55075,65536
PRGV:55080,55079,65536
PRGV:55083,55079,65536
PRGV:55083,55082,65536
PRGV:55086,55082,65536
PRGV:55086,55085,65536
PRGV:55089,55085,65536
PRGV:55089,55088,65536
PRGV:55092,55088,65536
PRGV:55092,55091,65536
PRGV:55096,55091,65536
PRGV:55096,55095,65536
PRGV:55099,55095,65536
PRGV:55099,55098,65536
PRGV:55102,55098,65536
PRGV:55102,55101,65536
PRGV:55106,55101,65536
PRGV:55106,55105,65536
PRGV:55109,55105,65536
PRGV:55109,55108,65536
PRGV:55112,55108,65536
PRGV:55112,55111,65536
PRGV:55115,55111,65536
PRGV:55115,55114,65536
PRGV:55118,55114,65536
PRGV:55118,55117,65536
PRGV:55122,55117,65536
PRGV:55122,55121,65536
PRGV:55124,55121,65536
PRGV:55124,55123,65536
PRGV:55128,55123,65536
PRGV:55128,55127,65536
PRGV:55131,55127,65536
PRGV:55131,55130,65536
PRGV:55134,55130,65536
PRGV:55134,55133,65536
PRGV:55138,55133,65536
PRGV:55138,55137,65536
PRGV:55141,55137,65536
PRGV:55141,55140,65536
PRGV:55144,55140,65536
PRGV:55144,55143,65536
PRGV:55147,55143,65536
PRGV:55147,55146,65536
PRGV:55150,55146,65536
PRGV:55150,55149,65536
PRGV:55154,55149,65536
PRGV:55154,55153,65536
PRGV:55156,55153,65536
PRGV:55156,55155,65536
PRGV:55160,55155,65536
PRGV:55160,55159,65536
PRGV:55163,55159,65536
PRGV:55163,55162,65536
PRGV:55166,55162,65536
PRGV:55166,55165,65536
PRGV:55169,55165,65536
PRGV:55169,55168,65536
PRGV:55172,55168,65536
PRGV:55172,55171,65536
PRGV:55176,55171,65536
PRGV:55176,55175,65536
PRGV:55179,55175,65536
PRGV:55179,55178,65536
PRGV:55182,55178,65536
PRGV:55182,55181,65536
PRGV:55185,55181,65536
PRGV:55185,55184,65536
PRGV:55188,55184,65536
PRGV:55188,55187,65536
PRGV:55192,55187,65536
PRGV:55192,55191,65536
PRGV:55195,55191,65536
PRGV:55195,55194,65536
PRGV:55198,55194,65536
PRGV:55198,55197,65536
PRGV:55201,55197,65536
PRGV:55201,55200,65536
PRGV:55204,55200,65536
PRGV:55204,55203,65536
PRGV:55207,55203,65536
PRGV:55207,55206,65536
PRGV:55211,55206,65536
PRGV:55211,55210,65536
PRGV:55214,55210,65536
PRGV:55214,55213,65536
PRGV:55217,55213,65536
PRGV:55217,55216,65536
PRGV:55220,55216,65536
PRGV:55220,55219,65536
PRGV:55223,55219,65536
PRGV:55223,55222,65536
PRGV:55227,55222,65536
PRGV:55227,55226,65536
PRGV:55230,55226,65536
PRGV:55230,55229,65536
PRGV:55233,55229,65536
PRGV:55233,55232,65536
PRGV:55236,55232,65536
PRGV:55236,55235,65536
PRGV:55239,55235,65536
PRGV:55239,55238,65536
PRGV:55242,55238,65536
PRGV:55242,55241,65536
PRGV:55245,55241,65536
PRGV:55245,55244,65536
PRGV:55249,55244,65536
PRGV:55249,55248,65536
PRGV:55252,55248,65536
PRGV:55252,55251,65536
PRGV:55255,55251,65536
PRGV:55255,55254,65536
PRGV:55259,55254,65536
PRGV:55259,55258,65536
PRGV:55261,55258,65536
PRGV:55261,55260,65536
PRGV:55265,55260,65536
PRGV:55265,55264,65536
PRGV:55268,55264,65536
PRGV:55268,55267,65536
PRGV:55271,55267,65536
PRGV:55271,55270,65536
PRGV:55274,55270,65536
PRGV:55274,55273,65536
PRGV:55277,55273,65536
PRGV:55277,55276,65536
PRGV:55281,55276,65536
PRGV:55281,55280,65536
PRGV:55284,55280,65536
PRGV:55284,55283,65536
PRGV:55287,55283,65536
PRGV:55287,55286,65536
PRGV:55291,55286,65536
PRGV:55291,55290,65536
PRGV:55294,55290,65536
PRGV:55294,55293,65536
PRGV:55296,55293,65536
PRGV:55296,55295,65536
PRGV:55299,55295,65536
PRGV:55299,55298,65536
PRGV:55303,55298,65536
PRGV:55303,55302,65536
PRGV:55306,55302,65536
PRGV:55306,55305,65536
PRGV:55309,55305,65536
PRGV:55309,55308,65536
PRGV:55313,55308,65536
PRGV:55313,55312,65536
PRGV:55316,55312,65536
PRGV:55316,55315,65536
PRGV:55319,55315,65536
PRGV:55319,55318,65536
PRGV:55323,55318,65536
PRGV:55323,55322,65536
PRGV:55325,55322,65536
PRGV:55325,55324,65536
PRGV:55328,55324,65536
PRGV:55328,55327,65536
PRGV:55331,55327,65536
PRGV:55331,55330,65536
PRGV:55335,55330,65536
PRGV:55335,55334,65536
PRGV:55338,55334,65536
PRGV:55338,55337,65536
PRGV:55341,55337,65536
PRGV:55341,55340,65536
PRGV:55345,55340,65536
PRGV:55345,55344,65536
PRGV:55348,55344,65536
PRGV:55348,55347,65536
PRGV:55350,55347,65536
PRGV:55350,55349,65536
PRGV:55351,55349,65536
PRGV:55351,55350,65536
PRGV:55353,55350,65536
PRGV:55353,55352,65536
PRGV:55357,55352,65536
PRGV:55357,55356,65536
PRGV:55360,55356,65536
PRGV:55360,55359,65536
PRGV:55363,55359,65536
PRGV:55363,55362,65536
PRGV:55367,55362,65536
PRGV:55367,55366,65536
PRGV:55370,55366,65536
PRGV:55370,55369,65536
PRGV:55373,55369,65536
PRGV:55373,55372,65536
PRGV:55377,55372,65536
PRGV:55377,55376,65536
PRGV:55379,55376,65536
PRGV:55379,55378,65536
PRGV:55382,55378,65536
PRGV:55382,55381,65536
PRGV:55385,55381,65536
PRGV:55385,55384,65536
PRGV:55389,55384,65536
PRGV:55389,55388,65536
PRGV:55392,55388,65536
PRGV:55392,55391,65536
PRGV:55395,55391,65536
PRGV:55395,55394,65536
PRGV:55399,55394,65536
PRGV:55399,55398,65536
PRGV:55401,55398,65536
PRGV:55401,55400,65536
PRGV:55405,55400,65536
PRGV:55405,55404,65536
PRGV:55408,55404,65536
PRGV:55408,55407,65536
PRGV:55411,55407,65536
PRGV:55411,55410,65536
PRGV:55414,55410,65536
PRGV:55414,55413,65536
PRGV:55417,55413,65536
PRGV:55417,55416,65536
PRGV:55421,55416,65536
PRGV:55421,55420,65536
PRGV:55424,55420,65536
PRGV:55424,55423,65536
PRGV:55427,55423,65536
PRGV:55427,55426,65536
PRGV:55430,55426,65536
PRGV:55430,55429,65536
PRGV:55433,55429,65536
PRGV:55433,55432,65536
PRGV:55436,55432,65536
PRGV:55436,55435,65536
PRGV:55439,55435,65536
PRGV:55439,55438,65536
PRGV:55443,55438,65536
PRGV:55443,55442,65536
PRGV:55445,55442,65536
PRGV:55445,55444,65536
PRGV:55449,55444,65536
PRGV:55449,55448,65536
PRGV:55452,55448,65536
PRGV:55452,55451,65536
PRGV:55455,55451,65536
PRGV:55455,55454,65536
PRGV:55459,55454,65536
PRGV:55459,55458,65536
PRGV:55462,55458,65536
PRGV:55462,55461,65536
PRGV:55465,55461,65536
PRGV:55465,55464,65536
PRGV:55468,55464,65536
PRGV:55468,55467,65536
PRGV:55471,55467,65536
PRGV:55471,55470,65536
PRGV:55474,55470,65536
PRGV:55474,55473,65536
PRGV:55477,55473,65536
PRGV:55477,55476,65536
PRGV:55481,55476,65536
PRGV:55481,55480,65536
PRGV:55483,55480,65536
PRGV:55483,55482,65536
PRGV:55487,55482,65536
PRGV:55487,55486,65536
PRGV:55490,55486,65536
PRGV:55490,55489,65536
PRGV:55493,55489,65536
PRGV:55493,55492,65536
PRGV:55497,55492,65536
PRGV:55497,55496,65536
PRGV:55499,55496,65536
PRGV:55499,55498,65536
PRGV:55503,55498,65536
PRGV:55503,55502,65536
PRGV:55505,55502,65536
PRGV:55505,55504,65536
PRGV:55509,55504,65536
PRGV:55509,55508,65536
PRGV:55512,55508,65536
PRGV:55512,55511,65536
PRGV:55515,55511,65536
PRGV:55515,55514,65536
PRGV:55519,55514,65536
PRGV:55519,55518,65536
PRGV:55522,55518,65536
PRGV:55522,55521,65536
PRGV:55525,55521,65536
PRGV:55525,55524,65536
PRGV:55528,55524,65536
PRGV:55528,55527,65536
PRGV:55531,55527,65536
PRGV:55531,55530,65536
PRGV:55534,55530,65536
PRGV:55534,55533,65536
PRGV:55537,55533,65536
PRGV:55537,55536,65536
PRGV:55541,55536,65536
PRGV:55541,55540,65536
PRGV:55544,55540,65536
PRGV:55544,55543,65536
PRGV:55547,55543,65536
PRGV:55547,55546,65536
PRGV:55550,55546,65536
PRGV:55550,55549,65536
PRGV:55553,55549,65536
PRGV:55553,55552,65536
PRGV:55556,55552,65536
PRGV:55556,55555,65536
PRGV:55559,55555,65536
PRGV:55559,55558,65536
PRGV:55563,55558,65536
PRGV:55563,55562,65536
PRGV:55566,55562,65536
PRGV:55566,55565,65536
PRGV:55569,55565,65536
PRGV:55569,55568,65536
PRGV:55572,55568,65536
PRGV:55572,55571,65536
PRGV:55575,55571,65536
PRGV:55575,55574,65536
PRGV:55579,55574,65536
PRGV:55579,55578,65536
PRGV:55582,55578,65536
PRGV:55582,55580,65536
PRGV:55585,55580,65536
PRGV:55585,55584,65536
PRGV:55588,55584,65536
PRGV:55588,55587,65536
PRGV:55591,55587,65536
PRGV:55591,55590,65536
PRGV:55594,55590,65536
PRGV:55594,55593,65536
PRGV:55597,55593,65536
PRGV:55597,55596,65536
PRGV:55601,55596,65536
PRGV:55601,55600,65536
PRGV:55604,55600,65536
PRGV:55604,55603,65536
PRGV:55607,55603,65536
PRGV:55607,55606,65536
PRGV:55610,55606,65536
PRGV:55610,55609,65536
PRGV:55613,55609,65536
PRGV:55613,55612,65536
PRGV:55616,55612,65536
PRGV:55616,55615,65536
PRGV:55620,55615,65536
PRGV:55620,55618,65536
PRGV:55623,55618,65536
PRGV:55623,55622,65536
PRGV:55626,55622,65536
PRGV:55626,55625,65536
PRGV:55629,55625,65536
PRGV:55629,55628,65536
PRGV:55632,55628,65536
PRGV:55632,55631,65536
PRGV:55635,55631,65536
PRGV:55635,55634,65536
PRGV:55639,55634,65536
PRGV:55639,55638,65536
PRGV:55642,55638,65536
PRGV:55642,55641,65536
PRGV:55644,55641,65536
PRGV:55644,55643,65536
PRGV:55648,55643,65536
PRGV:55648,55647,65536
PRGV:55651,55647,65536
PRGV:55651,55650,65536
PRGV:55654,55650,65536
PRGV:55654,55653,65536
PRGV:55658,55653,65536
PRGV:55658,55657,65536
PRGV:55661,55657,65536
PRGV:55661,55660,65536
PRGV:55664,55660,65536
PRGV:55664,55663,65536
PRGV:55667,55663,65536
PRGV:55667,55666,65536
PRGV:55670,55666,65536
PRGV:55670,55669,65536
PRGV:55673,55669,65536
PRGV:55673,55672,65536
PRGV:55676,55672,65536
PRGV:55676,55675,65536
PRGV:55679,55675,65536
PRGV:55679,55678,65536
PRGV:55682,55678,65536
PRGV:55682,55681,65536
PRGV:55686,55681,65536
PRGV:55686,55685,65536
PRGV:55689,55685,65536
PRGV:55689,55688,65536
PRGV:55692,55688,65536
PRGV:55692,55691,65536
PRGV:55695,55691,65536
PRGV:55695,55694,65536
PRGV:55698,55694,65536
PRGV:55698,55697,65536
PRGV:55701,55697,65536
PRGV:55701,55700,65536
PRGV:55704,55700,65536
PRGV:55704,55703,65536
PRGV:55708,55703,65536
PRGV:55708,55707,65536
PRGV:55711,55707,65536
PRGV:55711,55710,65536
PRGV:55714,55710,65536
PRGV:55714,55713,65536
PRGV:55718,55713,65536
PRGV:55718,55717,65536
PRGV:55720,55717,65536
PRGV:55720,55719,65536
PRGV:55723,55719,65536
PRGV:55723,55722,65536
PRGV:55726,55722,65536
PRGV:55726,55725,65536
PRGV:55730,55725,65536
PRGV:55730,55729,65536
PRGV:55733,55729,65536
PRGV:55733,55732,65536
PRGV:55736,55732,65536
PRGV:55736,55735,65536
PRGV:55739,55735,65536
PRGV:55739,55738,65536
PRGV:55742,55738,65536
PRGV:55742,55741,65536
PRGV:55746,55741,65536
PRGV:55746,55745,65536
PRGV:55748,55745,65536
PRGV:55748,55747,65536
PRGV:55751,55747,65536
PRGV:55751,55750,65536
PRGV:55754,55750,65536
PRGV:55754,55753,65536
PRGV:55758,55753,65536
PRGV:55758,55757,65536
PRGV:55761,55757,65536
PRGV:55761,55760,65536
PRGV:55764,55760,65536
PRGV:55764,55763,65536
PRGV:55768,55763,65536
PRGV:55768,55767,65536
PRGV:55770,55767,65536
PRGV:55770,55769,65536
PRGV:55774,55769,65536
PRGV:55774,55773,65536
PRGV:55777,55773,65536
PRGV:55777,55775,65536
PRGV:55780,55775,65536
PRGV:55780,55779,65536
PRGV:55783,55779,65536
PRGV:55783,55782,65536
PRGV:55786,55782,65536
PRGV:55786,55785,65536
PRGV:55789,55785,65536
PRGV:55789,55788,65536
PRGV:55792,55788,65536
PRGV:55792,55791,65536
PRGV:55796,55791,65536
PRGV:55796,55795,65536
PRGV:55799,55795,65536
PRGV:55799,55798,65536
PRGV:55802,55798,65536
PRGV:55802,55801,65536
PRGV:55805,55801,65536
PRGV:55805,55804,65536
PRGV:55808,55804,65536
PRGV:55808,55807,65536
PRGV:55811,55807,65536
PRGV:55811,55810,65536
PRGV:55812,55810,65536
PRGV:55812,55811,65536
PRGV:55814,55811,65536
PRGV:55814,55813,65536
PRGV:55817,55813,65536
PRGV:55817,55816,65536
PRGV:55821,55816,65536
PRGV:55821,55820,65536
PRGV:55824,55820,65536
PRGV:55824,55823,65536
PRGV:55827,55823,65536
PRGV:55827,55826,65536
PRGV:55830,55826,65536
PRGV:55830,55829,65536
PRGV:55833,55829,65536
PRGV:55833,55832,65536
PRGV:55837,55832,65536
PRGV:55837,55836,65536
PRGV:55840,55836,65536
PRGV:55840,55839,65536
PRGV:55843,55839,65536
PRGV:55843,55842,65536
PRGV:55845,55842,65536
PRGV:55845,55844,65536
PRGV:55849,55844,65536
PRGV:55849,55848,65536
PRGV:55852,55848,65536
PRGV:55852,55851,65536
PRGV:55855,55851,65536
PRGV:55855,55854,65536
PRGV:55859,55854,65536
PRGV:55859,55858,65536
PRGV:55861,55858,65536
PRGV:55861,55860,65536
PRGV:55865,55860,65536
PRGV:55865,55864,65536
PRGV:55868,55864,65536
PRGV:55868,55867,65536
PRGV:55871,55867,65536
PRGV:55871,55870,65536
PRGV:55875,55870,65536
PRGV:55875,55874,65536
PRGV:55877,55874,65536
PRGV:55877,55876,65536
PRGV:55880,55876,65536
PRGV:55880,55879,65536
PRGV:55883,55879,65536
PRGV:55883,55882,65536
PRGV:55886,55882,65536
PRGV:55886,55885,65536
PRGV:55889,55885,65536
PRGV:55889,55888,65536
PRGV:55893,55888,65536
PRGV:55893,55892,65536
PRGV:55896,55892,65536
PRGV:55896,55895,65536
PRGV:55899,55895,65536
PRGV:55899,55898,65536
PRGV:55903,55898,65536
PRGV:55903,55902,65536
PRGV:55905,55902,65536
PRGV:55905,55904,65536
PRGV:55908,55904,65536
PRGV:55908,55907,65536
PRGV:55909,55907,65536
PRGV:55909,55908,65536
PRGV:55911,55908,65536
PRGV:55911,55910,65536
PRGV:55915,55910,65536
PRGV:55915,55914,65536
PRGV:55918,55914,65536
PRGV:55918,55916,65536
PRGV:55921,55916,65536
PRGV:55921,55920,65536
PRGV:55924,55920,65536
PRGV:55924,55923,65536
PRGV:55927,55923,65536
PRGV:55927,55926,65536
PRGV:55931,55926,65536
PRGV:55931,55930,65536
PRGV:55933,55930,65536
PRGV:55933,55932,65536
PRGV:55936,55932,65536
PRGV:55936,55935,65536
PRGV:55940,55935,65536
PRGV:55940,55939,65536
PRGV:55943,55939,65536
PRGV:55943,55942,65536
PRGV:55946,55942,65536
PRGV:55946,55945,65536
PRGV:55949,55945,65536
PRGV:55949,55948,65536
PRGV:55952,55948,65536
PRGV:55952,55951,65536
PRGV:55956,55951,65536
PRGV:55956,55954,65536
PRGV:55959,55954,65536
PRGV:55959,55958,65536
PRGV:55962,55958,65536
PRGV:55962,55961,65536
PRGV:55964,55961,65536
PRGV:55964,55963,65536
PRGV:55968,55963,65536
PRGV:55968,55967,65536
PRGV:55971,55967,65536
PRGV:55971,55970,65536
PRGV:55974,55970,65536
PRGV:55974,55973,65536
PRGV:55977,55973,65536
PRGV:55977,55976,65536
PRGV:55980,55976,65536
PRGV:55980,55979,65536
PRGV:55984,55979,65536
PRGV:55984,55983,65536
PRGV:55987,55983,65536
PRGV:55987,55986,65536
PRGV:55990,55986,65536
PRGV:55990,55989,65536
PRGV:55993,55989,65536
PRGV:55993,55992,65536
PRGV:55996,55992,65536
PRGV:55996,55995,65536
PRGV:55999,55995,65536
PRGV:55999,55998,65536
PRGV:56002,55998,65536
PRGV:56002,56001,65536
PRGV:56005,56001,65536
PRGV:56005,56004,65536
PRGV:56008,56004,65536
PRGV:56008,56007,65536
PRGV:56012,56007,65536
PRGV:56012,56011,65536
PRGV:56014,56011,65536
PRGV:56014,56013,65536
PRGV:56018,56013,65536
PRGV:56018,56017,65536
PRGV:56021,56017,65536
PRGV:56021,56020,65536
PRGV:56024,56020,65536
PRGV:56024,56023,65536
PRGV:56027,56023,65536
PRGV:56027,56026,65536
PRGV:56030,56026,65536
PRGV:56030,56029,65536
PRGV:56034,56029,65536
PRGV:56034,56033,65536
PRGV:56036,56033,65536
PRGV:56036,56035,65536
PRGV:56039,56035,65536
PRGV:56039,56038,65536
PRGV:56043,56038,65536
PRGV:56043,56042,65536
PRGV:56046,56042,65536
PRGV:56046,56045,65536
PRGV:56049,56045,65536
PRGV:56049,56048,65536
PRGV:56052,56048,65536
PRGV:56052,56051,65536
PRGV:56055,56051,65536
PRGV:56055,56054,65536
PRGV:56059,56054,65536
PRGV:56059,56057,65536
PRGV:56061,56057,65536
PRGV:56061,56060,65536
PRGV:56065,56060,65536
PRGV:56065,56064,65536
PRGV:56067,56064,65536
PRGV:56067,56066,65536
PRGV:56071,56066,65536
PRGV:56071,56070,65536
PRGV:56074,56070,65536
PRGV:56074,56073,65536
PRGV:56077,56073,65536
PRGV:56077,56076,65536
PRGV:56081,56076,65536
PRGV:56081,56080,65536
PRGV:56083,56080,65536
PRGV:56083,56082,65536
PRGV:56087,56082,65536
PRGV:56087,56086,65536
PRGV:56090,56086,65536
PRGV:56090,56089,65536
PRGV:56092,56089,65536
PRGV:56092,56091,65536
PRGV:56095,56091,65536
PRGV:56095,56094,65536
PRGV:56099,56094,65536
PRGV:56099,56098,65536
PRGV:56102,56098,65536
PRGV:56102,56101,65536
PRGV:56105,56101,65536
PRGV:56105,56104,65536
PRGV:56108,56104,65536
PRGV:56108,56107,65536
PRGV:56111,56107,65536
PRGV:56111,56110,65536
PRGV:56115,56110,65536
PRGV:56115,56114,65536
PRGV:56117,56114,65536
PRGV:56117,56116,65536
PRGV:56121,56116,65536
PRGV:56121,56120,65536
PRGV:56124,56120,65536
PRGV:56124,56122,65536
PRGV:56127,56122,65536
PRGV:56127,56126,65536
PRGV:56130,56126,65536
PRGV:56130,56129,65536
PRGV:56133,56129,65536
PRGV:56133,56132,65536
PRGV:56136,56132,65536
PRGV:56136,56135,65536
PRGV:56140,56135,65536
PRGV:56140,56138,65536
PRGV:56143,56138,65536
PRGV:56143,56142,65536
PRGV:56146,56142,65536
PRGV:56146,56145,65536
PRGV:56148,56145,65536
PRGV:56148,56147,65536
PRGV:56152,56147,65536
PRGV:56152,56151,65536
PRGV:56155,56151,65536
PRGV:56155,56154,65536
PRGV:56158,56154,65536
PRGV:56158,56157,65536
PRGV:56161,56157,65536
PRGV:56161,56160,65536
PRGV:56164,56160,65536
PRGV:56164,56163,65536
PRGV:56168,56163,65536
PRGV:56168,56167,65536
PRGV:56171,56167,65536
PRGV:56171,56170,65536
PRGV:56173,56170,65536
PRGV:56173,56172,65536
PRGV:56176,56172,65536
PRGV:56176,56175,65536
PRGV:56180,56175,65536
PRGV:56180,56179,65536
PRGV:56182,56179,65536
PRGV:56182,56181,65536
PRGV:56186,56181,65536
PRGV:56186,56185,65536
PRGV:56189,56185,65536
PRGV:56189,56188,65536
PRGV:56192,56188,65536
PRGV:56192,56191,65536
PRGV:56195,56191,65536
PRGV:56195,56194,65536
PRGV:56198,56194,65536
PRGV:56198,56197,65536
PRGV:56202,56197,65536
PRGV:56202,56201,65536
PRGV:56205,56201,65536
PRGV:56205,56204,65536
PRGV:56207,56204,65536
PRGV:56207,56206,65536
PRGV:56211,56206,65536
PRGV:56211,56210,65536
PRGV:56214,56210,65536
PRGV:56214,56213,65536
PRGV:56217,56213,65536
PRGV:56217,56216,65536
PRGV:56220,56216,65536
PRGV:56220,56219,65536
PRGV:56223,56219,65536
PRGV:56223,56222,65536
PRGV:56226,56222,65536
PRGV:56226,56225,65536
PRGV:56227,56225,65536
PRGV:56229,56225,65536
PRGV:56229,56228,65536
PRGV:56232,56228,65536
PRGV:56232,56231,65536
PRGV:56235,56231,65536
PRGV:56235,56234,65536
PRGV:56239,56234,65536
PRGV:56239,56238,65536
PRGV:56242,56238,65536
PRGV:56242,56241,65536
PRGV:56245,56241,65536
PRGV:56245,56244,65536
PRGV:56248,56244,65536
PRGV:56248,56247,65536
PRGV:56251,56247,65536
PRGV:56251,56250,65536
PRGV:56255,56250,65536
PRGV:56255,56254,65536
PRGV:56257,56254,65536
PRGV:56257,56256,65536
PRGV:56260,56256,65536
PRGV:56260,56259,65536
PRGV:56263,56259,65536
PRGV:56263,56262,65536
PRGV:56266,56262,65536
PRGV:56266,56265,65536
PRGV:56270,56265,65536
PRGV:56270,56268,65536
PRGV:56273,56268,65536
PRGV:56273,56272,65536
PRGV:56276,56272,65536
PRGV:56276,56275,65536
PRGV:56279,56275,65536
PRGV:56279,56278,65536
PRGV:56282,56278,65536
PRGV:56282,56281,65536
PRGV:56285,56281,65536
PRGV:56285,56284,65536
PRGV:56288,56284,65536
PRGV:56288,56287,65536
PRGV:56292,56287,65536
PRGV:56292,56290,65536
PRGV:56294,56290,65536
PRGV:56294,56293,65536
PRGV:56298,56293,65536
PRGV:56298,56297,65536
PRGV:56301,56297,65536
PRGV:56301,56300,65536
PRGV:56304,56300,65536
PRGV:56304,56303,65536
PRGV:56307,56303,65536
PRGV:56307,56306,65536
PRGV:56310,56306,65536
PRGV:56310,56309,65536
PRGV:56313,56309,65536
PRGV:56313,56312,65536
PRGV:56316,56312,65536
PRGV:56316,56315,65536
PRGV:56319,56315,65536
PRGV:56319,56318,65536
PRGV:56322,56318,65536
PRGV:56322,56321,65536
PRGV:56326,56321,65536
PRGV:56326,56325,65536
PRGV:56328,56325,65536
PRGV:56328,56327,65536
PRGV:56332,56327,65536
PRGV:56332,56331,65536
PRGV:56335,56331,65536
PRGV:56335,56334,65536
PRGV:56338,56334,65536
PRGV:56338,56337,65536
PRGV:56341,56337,65536
PRGV:56341,56340,65536
PRGV:56344,56340,65536
PRGV:56344,56343,65536
PRGV:56347,56343,65536
PRGV:56347,56346,65536
PRGV:56350,56346,65536
PRGV:56350,56349,65536
PRGV:56353,56349,65536
PRGV:56353,56352,65536
PRGV:56357,56352,65536
PRGV:56357,56355,65536
PRGV:56360,56355,65536
PRGV:56360,56359,65536
PRGV:56363,56359,65536
PRGV:56363,56362,65536
PRGV:56366,56362,65536
PRGV:56366,56365,65536
PRGV:56369,56365,65536
PRGV:56369,56368,65536
PRGV:56373,56368,65536
PRGV:56373,56371,65536
PRGV:56375,56371,65536
PRGV:56375,56374,65536
PRGV:56378,56374,65536
PRGV:56378,56377,65536
PRGV:56381,56377,65536
PRGV:56381,56380,65536
PRGV:56384,56380,65536
PRGV:56384,56383,65536
PRGV:56387,56383,65536
PRGV:56387,56386,65536
PRGV:56391,56386,65536
PRGV:56391,56390,65536
PRGV:56394,56390,65536
PRGV:56394,56393,65536
PRGV:56397,56393,65536
PRGV:56397,56396,65536
PRGV:56400,56396,65536
PRGV:56400,56399,65536
PRGV:56403,56399,65536
PRGV:56403,56402,65536
PRGV:56406,56402,65536
PRGV:56406,56405,65536
PRGV:56409,56405,65536
PRGV:56409,56408,65536
PRGV:56412,56408,65536
PRGV:56412,56411,65536
PRGV:56415,56411,65536
PRGV:56415,56414,65536
PRGV:56418,56414,65536
PRGV:56418,56417,65536
PRGV:56422,56417,65536
PRGV:56422,56420,65536
PRGV:56425,56420,65536
PRGV:56425,56424,65536
PRGV:56428,56424,65536
PRGV:56428,56427,65536
PRGV:56431,56427,65536
PRGV:56431,56430,65536
PRGV:56434,56430,65536
PRGV:56434,56433,65536
PRGV:56436,56433,65536
PRGV:56436,56435,65536
PRGV:56440,56435,65536
PRGV:56440,56439,65536
PRGV:56443,56439,65536
PRGV:56443,56442,65536
PRGV:56446,56442,65536
PRGV:56446,56445,65536
PRGV:56449,56445,65536
PRGV:56449,56448,65536
PRGV:56452,56448,65536
PRGV:56452,56451,65536
PRGV:56456,56451,65536
PRGV:56456,56455,65536
PRGV:56458,56455,65536
PRGV:56458,56457,65536
PRGV:56461,56457,65536
PRGV:56461,56460,65536
PRGV:56465,56460,65536
PRGV:56465,56463,65536
PRGV:56467,56463,65536
PRGV:56467,56466,65536
PRGV:56471,56466,65536
PRGV:56471,56470,65536
PRGV:56474,56470,65536
PRGV:56474,56473,65536
PRGV:56477,56473,65536
PRGV:56477,56476,65536
PRGV:56480,56476,65536
PRGV:56480,56479,65536
PRGV:56483,56479,65536
PRGV:56483,56482,65536
PRGV:56486,56482,65536
PRGV:56486,56485,65536
PRGV:56489,56485,65536
PRGV:56489,56488,65536
PRGV:56492,56488,65536
PRGV:56492,56491,65536
PRGV:56495,56491,65536
PRGV:56495,56494,65536
PRGV:56498,56494,65536
PRGV:56498,56497,65536
PRGV:56501,56497,65536
PRGV:56501,56500,65536
PRGV:56505,56500,65536
PRGV:56505,56504,65536
PRGV:56507,56504,65536
PRGV:56507,56506,65536
PRGV:56511,56506,65536
PRGV:56511,56510,65536
PRGV:56514,56510,65536
PRGV:56514,56513,65536
PRGV:56517,56513,65536
PRGV:56517,56516,65536
PRGV:56520,56516,65536
PRGV:56520,56519,65536
PRGV:56523,56519,65536
PRGV:56523,56522,65536
PRGV:56526,56522,65536
PRGV:56526,56525,65536
PRGV:56529,56525,65536
PRGV:56529,56528,65536
PRGV:56532,56528,65536
PRGV:56532,56531,65536
PRGV:56535,56531,65536
PRGV:56535,56534,65536
PRGV:56538,56534,65536
PRGV:56538,56537,65536
PRGV:56542,56537,65536
PRGV:56542,56541,65536
PRGV:56544,56541,65536
PRGV:56544,56543,65536
PRGV:56548,56543,65536
PRGV:56548,56547,65536
PRGV:56551,56547,65536
PRGV:56551,56550,65536
PRGV:56553,56550,65536
PRGV:56553,56552,65536
PRGV:56556,56552,65536
PRGV:56556,56555,65536
PRGV:56560,56555,65536
PRGV:56560,56559,65536
PRGV:56563,56559,65536
PRGV:56563,56562,65536
PRGV:56566,56562,65536
PRGV:56566,56565,65536
PRGV:56569,56565,65536
PRGV:56569,56568,65536
PRGV:56572,56568,65536
PRGV:56572,56571,65536
PRGV:56575,56571,65536
PRGV:56575,56574,65536
PRGV:56578,56574,65536
PRGV:56578,56577,65536
PRGV:56581,56577,65536
PRGV:56581,56580,65536
PRGV:56585,56580,65536
PRGV:56585,56584,65536
PRGV:56587,56584,65536
PRGV:56587,56586,65536
PRGV:56591,56586,65536
PRGV:56591,56590,65536
PRGV:56594,56590,65536
PRGV:56594,56593,65536
PRGV:56597,56593,65536
PRGV:56597,56596,65536
PRGV:56600,56596,65536
PRGV:56600,56599,65536
PRGV:56603,56599,65536
PRGV:56603,56602,65536
PRGV:56606,56602,65536
PRGV:56606,56604,65536
PRGV:56609,56604,65536
PRGV:56609,56608,65536
PRGV:56612,56608,65536
PRGV:56612,56611,65536
PRGV:56615,56611,65536
PRGV:56615,56614,65536
PRGV:56618,56614,65536
PRGV:56618,56617,65536
PRGV:56621,56617,65536
PRGV:56621,56620,65536
PRGV:56624,56620,65536
PRGV:56624,56623,65536
PRGV:56628,56623,65536
PRGV:56628,56626,65536
PRGV:56631,56626,65536
PRGV:56631,56630,65536
PRGV:56634,56630,65536
PRGV:56634,56633,65536
PRGV:56637,56633,65536
PRGV:56637,56636,65536
PRGV:56640,56636,65536
PRGV:56640,56639,65536
PRGV:56643,56639,65536
PRGV:56643,56642,65536
PRGV:56646,56642,65536
PRGV:56646,56645,65536
PRGV:56649,56645,65536
PRGV:56649,56648,65536
PRGV:56652,56648,65536
PRGV:56652,56651,65536
PRGV:56655,56651,65536
PRGV:56655,56654,65536
PRGV:56658,56654,65536
PRGV:56658,56657,65536
PRGV:56661,56657,65536
PRGV:56661,56660,65536
PRGV:56664,56660,65536
PRGV:56664,56663,65536
PRGV:56668,56663,65536
PRGV:56668,56667,65536
PRGV:56671,56667,65536
PRGV:56671,56669,65536
PRGV:56673,56669,65536
PRGV:56673,56672,65536
PRGV:56677,56672,65536
PRGV:56677,56676,65536
PRGV:56679,56676,65536
PRGV:56679,56678,65536
PRGV:56683,56678,65536
PRGV:56683,56682,65536
PRGV:56686,56682,65536
PRGV:56686,56685,65536
PRGV:56689,56685,65536
PRGV:56689,56688,65536
PRGV:57439,56688,65536
PRGV:57439,57438,65536
PRGV:57442,57438,65536
PRGV:57442,57441,65536
PRGV:57445,57441,65536
PRGV:57445,57444,65536
PRGV:57448,57444,65536
PRGV:57448,57447,65536
PRGV:57451,57447,65536
PRGV:57451,57450,65536
PRGV:57454,57450,65536
PRGV:57454,57453,65536
PRGV:57457,57453,65536
PRGV:57457,57456,65536
PRGV:57460,57456,65536
PRGV:57460,57459,65536
PRGV:57463,57459,65536
PRGV:57463,57462,65536
PRGV:57466,57462,65536
PRGV:57466,57465,65536
PRGV:57469,57465,65536
PRGV:57469,57468,65536
PRGV:57473,57468,65536
PRGV:57473,57471,65536
PRGV:57475,57471,65536
PRGV:57475,57474,65536
PRGV:57478,57474,65536
PRGV:57478,57477,65536
PRGV:57481,57477,65536
PRGV:57481,57480,65536
PRGV:57484,57480,65536
PRGV:57484,57483,65536
PRGV:57487,57483,65536
PRGV:57487,57486,65536
PRGV:57490,57486,65536
PRGV:57490,57489,65536
PRGV:57493,57489,65536
PRGV:57493,57492,65536
PRGV:57496,57492,65536
PRGV:57496,57495,65536
PRGV:57499,57495,65536
PRGV:57499,57498,65536
PRGV:57502,57498,65536
PRGV:57502,57501,65536
PRGV:57504,57501,65536
PRGV:57504,57503,65536
PRGV:57508,57503,65536
PRGV:57508,57507,65536
PRGV:57511,57507,65536
PRGV:57511,57509,65536
PRGV:57514,57509,65536
PRGV:57514,57513,65536
PRGV:57517,57513,65536
PRGV:57517,57516,65536
PRGV:57520,57516,65536
PRGV:57520,57519,65536
PRGV:57523,57519,65536
PRGV:57523,57522,65536
PRGV:57526,57522,65536
PRGV:57526,57525,65536
PRGV:57529,57525,65536
PRGV:57529,57528,65536
PRGV:57532,57528,65536
PRGV:57532,57531,65536
PRGV:57535,57531,65536
PRGV:57535,57534,65536
PRGV:57538,57534,65536
PRGV:57538,57536,65536
PRGV:57541,57536,65536
PRGV:57541,57540,65536
PRGV:57544,57540,65536
PRGV:57544,57543,65536
PRGV:57547,57543,65536
PRGV:57547,57546,65536
PRGV:57550,57546,65536
PRGV:57550,57549,65536
PRGV:57553,57549,65536
PRGV:57553,57552,65536
PRGV:57556,57552,65536
PRGV:57556,57555,65536
PRGV:57559,57555,65536
PRGV:57559,57558,65536
PRGV:57562,57558,65536
PRGV:57562,57561,65536
PRGV:57565,57561,65536
PRGV:57565,57564,65536
PRGV:57568,57564,65536
PRGV:57568,57567,65536
PRGV:57571,57567,65536
PRGV:57571,57570,65536
PRGV:57574,57570,65536
PRGV:57574,57573,65536
PRGV:57577,57573,65536
PRGV:57577,57576,65536
PRGV:57580,57576,65536
PRGV:57580,57579,65536
PRGV:57583,57579,65536
PRGV:57583,57582,65536
PRGV:57585,57582,65536
PRGV:57585,57584,65536
PRGV:57589,57584,65536
PRGV:57589,57588,65536
PRGV:57592,57588,65536
PRGV:57592,57590,65536
PRGV:57595,57590,65536
PRGV:57595,57594,65536
PRGV:57598,57594,65536
PRGV:57598,57596,65536
PRGV:57601,57596,65536
PRGV:57601,57600,65536
PRGV:57604,57600,65536
PRGV:57604,57603,65536
PRGV:57607,57603,65536
PRGV:57607,57606,65536
PRGV:57610,57606,65536
PRGV:57610,57609,65536
PRGV:57612,57609,65536
PRGV:57612,57611,65536
PRGV:57615,57611,65536
PRGV:57615,57614,65536
PRGV:57619,57614,65536
PRGV:57619,57617,65536
PRGV:57621,57617,65536
PRGV:57621,57620,65536
PRGV:57625,57620,65536
PRGV:57625,57623,65536
PRGV:57627,57623,65536
PRGV:57627,57626,65536
PRGV:57631,57626,65536
PRGV:57631,57630,65536
PRGV:57633,57630,65536
PRGV:57633,57632,65536
PRGV:57637,57632,65536
PRGV:57637,57636,65536
PRGV:57639,57636,65536
PRGV:57639,57638,65536
PRGV:57642,57638,65536
PRGV:57642,57641,65536
PRGV:57645,57641,65536
PRGV:57645,57644,65536
PRGV:57648,57644,65536
PRGV:57648,57647,65536
PRGV:57651,57647,65536
PRGV:57651,57650,65536
PRGV:57654,57650,65536
PRGV:57654,57653,65536
PRGV:57657,57653,65536
PRGV:57657,57656,65536
PRGV:57660,57656,65536
PRGV:57660,57659,65536
PRGV:57663,57659,65536
PRGV:57663,57662,65536
PRGV:57666,57662,65536
PRGV:57666,57665,65536
PRGV:57669,57665,65536
PRGV:57669,57668,65536
PRGV:57672,57668,65536
PRGV:57672,57671,65536
PRGV:57675,57671,65536
PRGV:57675,57674,65536
PRGV:57678,57674,65536
PRGV:57678,57677,65536
PRGV:57681,57677,65536
PRGV:57681,57680,65536
PRGV:57684,57680,65536
PRGV:57684,57683,65536
PRGV:57687,57683,65536
PRGV:57687,57686,65536
PRGV:57690,57686,65536
PRGV:57690,57689,65536
PRGV:57693,57689,65536
PRGV:57693,57692,65536
PRGV:57696,57692,65536
PRGV:57696,57695,65536
PRGV:57699,57695,65536
PRGV:57699,57698,65536
PRGV:57702,57698,65536
PRGV:57702,57701,65536
PRGV:57705,57701,65536
PRGV:57705,57704,65536
PRGV:57708,57704,65536
PRGV:57708,57707,65536
PRGV:57711,57707,65536
PRGV:57711,57710,65536
PRGV:57714,57710,65536
PRGV:57714,57713,65536
PRGV:57717,57713,65536
PRGV:57717,57715,65536
PRGV:57720,57715,65536
PRGV:57720,57719,65536
PRGV:57723,57719,65536
PRGV:57723,57722,65536
PRGV:57725,57722,65536
PRGV:57725,57724,65536
PRGV:57729,57724,65536
PRGV:57729,57728,65536
PRGV:57731,57728,65536
PRGV:57731,57730,65536
PRGV:57735,57730,65536
PRGV:57735,57734,65536
PRGV:57737,57734,65536
PRGV:57737,57736,65536
PRGV:57741,57736,65536
PRGV:57741,57740,65536
PRGV:57744,57740,65536
PRGV:57744,57742,65536
PRGV:57746,57742,65536
PRGV:57746,57745,65536
PRGV:57749,57745,65536
PRGV:57749,57748,65536
PRGV:57752,57748,65536
PRGV:57752,57751,65536
PRGV:57755,57751,65536
PRGV:57755,57754,65536
PRGV:57758,57754,65536
PRGV:57758,57757,65536
PRGV:57761,57757,65536
PRGV:57761,57760,65536
PRGV:57764,57760,65536
PRGV:57764,57763,65536
PRGV:57767,57763,65536
PRGV:57767,57766,65536
PRGV:57771,57766,65536
PRGV:57771,57769,65536
PRGV:57773,57769,65536
PRGV:57773,57772,65536
PRGV:57777,57772,65536
PRGV:57777,57775,65536
PRGV:57779,57775,65536
PRGV:57779,57778,65536
PRGV:57782,57778,65536
PRGV:57782,57780,65536
PRGV:57785,57780,65536
PRGV:57785,57784,65536
PRGV:57788,57784,65536
PRGV:57788,57787,65536
PRGV:57791,57787,65536
PRGV:57791,57790,65536
PRGV:57794,57790,65536
PRGV:57794,57793,65536
PRGV:57797,57793,65536
PRGV:57797,57796,65536
PRGV:57800,57796,65536
PRGV:57800,57799,65536
PRGV:57803,57799,65536
PRGV:57803,57802,65536
PRGV:57806,57802,65536
PRGV:57806,57805,65536
PRGV:57809,57805,65536
PRGV:57809,57807,65536
PRGV:57811,57807,65536
PRGV:57811,57810,65536
PRGV:57815,57810,65536
PRGV:57815,57814,65536
PRGV:57817,57814,65536
PRGV:57817,57816,65536
PRGV:57821,57816,65536
PRGV:57821,57820,65536
PRGV:57823,57820,65536
PRGV:57823,57822,65536
PRGV:57827,57822,65536
PRGV:57827,57826,65536
PRGV:57829,57826,65536
PRGV:57829,57828,65536
PRGV:57832,57828,65536
PRGV:57832,57831,65536
PRGV:57835,57831,65536
PRGV:57835,57834,65536
PRGV:57838,57834,65536
PRGV:57838,57837,65536
PRGV:57841,57837,65536
PRGV:57841,57840,65536
PRGV:57844,57840,65536
PRGV:57844,57843,65536
PRGV:57847,57843,65536
PRGV:57847,57846,65536
PRGV:57850,57846,65536
PRGV:57850,57849,65536
PRGV:57853,57849,65536
PRGV:57853,57852,65536
PRGV:57856,57852,65536
PRGV:57856,57855,65536
PRGV:57859,57855,65536
PRGV:57859,57858,65536
PRGV:57862,57858,65536
PRGV:57862,57861,65536
PRGV:57865,57861,65536
PRGV:57865,57864,65536
PRGV:57868,57864,65536
PRGV:57868,57867,65536
PRGV:57871,57867,65536
PRGV:57871,57870,65536
PRGV:57874,57870,65536
PRGV:57874,57873,65536
PRGV:57877,57873,65536
PRGV:57877,57876,65536
PRGV:57880,57876,65536
PRGV:57880,57878,65536
PRGV:57883,57878,65536
PRGV:57883,57882,65536
PRGV:57886,57882,65536
PRGV:57886,57885,65536
PRGV:57888,57885,65536
PRGV:57888,57887,65536
PRGV:57892,57887,65536
PRGV:57892,57891,65536
PRGV:57894,57891,65536
PRGV:57894,57893,65536
PRGV:57898,57893,65536
PRGV:57898,57897,65536
PRGV:57901,57897,65536
PRGV:57901,57899,65536
PRGV:57904,57899,65536
PRGV:57904,57903,65536
PRGV:57906,57903,65536
PRGV:57906,57905,65536
PRGV:57909,57905,65536
PRGV:57909,57908,65536
PRGV:57912,57908,65536
PRGV:57912,57911,65536
PRGV:57915,57911,65536
PRGV:57915,57914,65536
PRGV:57918,57914,65536
PRGV:57918,57917,65536
PRGV:57921,57917,65536
PRGV:57921,57920,65536
PRGV:57924,57920,65536
PRGV:57924,57923,65536
PRGV:57927,57923,65536
PRGV:57927,57926,65536
PRGV:57930,57926,65536
PRGV:57930,57929,65536
PRGV:57933,57929,65536
PRGV:57933,57932,65536
PRGV:57936,57932,65536
PRGV:57936,57935,65536
PRGV:57939,57935,65536
PRGV:57939,57937,65536
PRGV:57942,57937,65536
PRGV:57942,57941,65536
PRGV:57945,57941,65536
PRGV:57945,57943,65536
PRGV:57948,57943,65536
PRGV:57948,57947,65536
PRGV:57951,57947,65536
PRGV:57951,57950,65536
PRGV:57954,57950,65536
PRGV:57954,57953,65536
PRGV:57957,57953,65536
PRGV:57957,57956,65536
PRGV:57959,57956,65536
PRGV:57959,57958,65536
PRGV:57962,57958,65536
PRGV:57962,57961,65536
PRGV:57965,57961,65536
PRGV:57965,57964,65536
PRGV:58743,57964,65536
PRGV:58743,58741,65536
PRGV:58746,58741,65536
PRGV:58746,58745,65536
PRGV:58748,58745,65536
PRGV:58748,58747,65536
PRGV:58751,58747,65536
PRGV:58751,58750,65536
PRGV:58754,58750,65536
PRGV:58754,58753,65536
PRGV:58757,58753,65536
PRGV:58757,58756,65536
PRGV:58760,58756,65536
PRGV:58760,58758,65536
PRGV:58763,58758,65536
PRGV:58763,58762,65536
PRGV:58766,58762,65536
PRGV:58766,58764,65536
PRGV:58768,58764,65536
PRGV:58768,58767,65536
PRGV:58772,58767,65536
PRGV:58772,58771,65536
PRGV:58774,58771,65536
PRGV:58774,58773,65536
PRGV:58777,58773,65536
PRGV:58777,58776,65536
PRGV:58780,58776,65536
PRGV:58780,58779,65536
PRGV:58783,58779,65536
PRGV:58783,58782,65536
PRGV:58785,58782,65536
PRGV:58785,58784,65536
PRGV:58788,58784,65536
PRGV:58788,58787,65536
PRGV:58792,58787,65536
PRGV:58792,58790,65536
PRGV:58794,58790,65536
PRGV:58794,58793,65536
PRGV:58797,58793,65536
PRGV:58797,58796,65536
PRGV:58800,58796,65536
PRGV:58800,58799,65536
PRGV:58803,58799,65536
PRGV:58803,58801,65536
PRGV:58805,58801,65536
PRGV:58805,58804,65536
PRGV:58809,58804,65536
PRGV:58809,58807,65536
PRGV:58811,58807,65536
PRGV:58811,58810,65536
PRGV:58814,58810,65536
PRGV:58814,58813,65536
PRGV:58817,58813,65536
PRGV:58817,58816,65536
PRGV:58820,58816,65536
PRGV:58820,58819,65536
PRGV:58823,58819,65536
PRGV:58823,58822,65536
PRGV:58826,58822,65536
PRGV:58826,58825,65536
PRGV:58828,58825,65536
PRGV:58828,58827,65536
PRGV:58831,58827,65536
PRGV:58831,58830,65536
PRGV:58834,58830,65536
PRGV:58834,58833,65536
PRGV:58837,58833,65536
PRGV:58837,58836,65536
PRGV:58840,58836,65536
PRGV:58840,58839,65536
PRGV:58843,58839,65536
PRGV:58843,58842,65536
PRGV:58846,58842,65536
PRGV:58846,58845,65536
PRGV:58849,58845,65536
PRGV:58849,58848,65536
PRGV:58852,58848,65536
PRGV:58852,58851,65536
PRGV:58854,58851,65536
PRGV:58854,58853,65536
PRGV:58857,58853,65536
PRGV:58857,58856,65536
PRGV:58860,58856,65536
PRGV:58860,58859,65536
PRGV:58863,58859,65536
PRGV:58863,58862,65536
PRGV:58866,58862,65536
PRGV:58866,58865,65536
PRGV:58869,58865,65536
PRGV:58869,58868,65536
PRGV:58872,58868,65536
PRGV:58872,58871,65536
PRGV:58875,58871,65536
PRGV:58875,58874,65536
PRGV:58878,58874,65536
PRGV:58878,58877,65536
PRGV:58880,58877,65536
PRGV:58880,58879,65536
PRGV:58883,58879,65536
PRGV:58883,58882,65536
PRGV:58886,58882,65536
PRGV:58886,58885,65536
PRGV:58889,58885,65536
PRGV:58889,58888,65536
PRGV:58892,58888,65536
PRGV:58892,58891,65536
PRGV:58895,58891,65536
PRGV:58895,58893,65536
PRGV:58898,58893,65536
PRGV:58898,58897,65536
PRGV:58901,58897,65536
PRGV:58901,58899,65536
PRGV:58903,58899,65536
PRGV:58903,58902,65536
PRGV:58906,58902,65536
PRGV:58906,58905,65536
PRGV:58909,58905,65536
PRGV:58909,58908,65536
PRGV:58912,58908,65536
PRGV:58912,58910,65536
PRGV:58915,58910,65536
PRGV:58915,58914,65536
PRGV:58918,58914,65536
PRGV:58918,58917,65536
PRGV:58920,58917,65536
PRGV:58920,58919,65536
PRGV:58924,58919,65536
PRGV:58924,58923,65536
PRGV:58926,58923,65536
PRGV:58926,58925,65536
PRGV:58929,58925,65536
PRGV:58929,58928,65536
PRGV:58932,58928,65536
PRGV:58932,58931,65536
PRGV:58935,58931,65536
PRGV:58935,58934,65536
PRGV:58938,58934,65536
PRGV:58938,58937,65536
PRGV:58941,58937,65536
PRGV:58941,58940,65536
PRGV:58944,58940,65536
PRGV:58944,58942,65536
PRGV:58946,58942,65536
PRGV:58946,58945,65536
PRGV:58949,58945,65536
PRGV:58949,58948,65536
PRGV:58952,58948,65536
PRGV:58952,58951,65536
PRGV:58955,58951,65536
PRGV:58955,58953,65536
PRGV:58957,58953,65536
PRGV:58957,58956,65536
PRGV:58961,58956,65536
PRGV:58961,58959,65536
PRGV:58963,58959,65536
PRGV:58963,58962,65536
PRGV:58966,58962,65536
PRGV:58966,58965,65536
PRGV:58969,58965,65536
PRGV:58969,58968,65536
PRGV:58972,58968,65536
PRGV:58972,58971,65536
PRGV:58975,58971,65536
PRGV:58975,58974,65536
PRGV:58978,58974,65536
PRGV:58978,58977,65536
PRGV:58981,58977,65536
PRGV:58981,58980,65536
PRGV:58983,58980,65536
PRGV:58983,58982,65536
PRGV:58986,58982,65536
PRGV:58986,58985,65536
PRGV:58989,58985,65536
PRGV:58989,58988,65536
PRGV:58992,58988,65536
PRGV:58992,58991,65536
PRGV:58995,58991,65536
PRGV:58995,58994,65536
PRGV:58998,58994,65536
PRGV:58998,58996,65536
PRGV:59001,58996,65536
PRGV:59001,59000,65536
PRGV:59003,59000,65536
PRGV:59003,59002,65536
PRGV:59006,59002,65536
PRGV:59006,59005,65536
PRGV:59009,59005,65536
PRGV:59009,59008,65536
PRGV:59012,59008,65536
PRGV:59012,59011,65536
PRGV:59015,59011,65536
PRGV:59015,59013,65536
PRGV:59018,59013,65536
PRGV:59018,59017,65536
PRGV:59021,59017,65536
PRGV:59021,59020,65536
PRGV:59023,59020,65536
PRGV:59023,59022,65536
PRGV:59026,59022,65536
PRGV:59026,59024,65536
PRGV:59029,59024,65536
PRGV:59029,59028,65536
PRGV:59032,59028,65536
PRGV:59032,59031,65536
PRGV:59034,59031,65536
PRGV:59034,59033,65536
PRGV:59038,59033,65536
PRGV:59038,59037,65536
PRGV:59041,59037,65536
PRGV:59041,59039,65536
PRGV:59043,59039,65536
PRGV:59043,59042,65536
PRGV:59047,59042,65536
PRGV:59047,59045,65536
PRGV:59049,59045,65536
PRGV:59049,59048,65536
PRGV:59052,59048,65536
PRGV:59052,59050,65536
PRGV:59055,59050,65536
PRGV:59055,59054,65536
PRGV:59058,59054,65536
PRGV:59058,59056,65536
PRGV:59060,59056,65536
PRGV:59060,59059,65536
PRGV:59063,59059,65536
PRGV:59063,59062,65536
PRGV:59066,59062,65536
PRGV:59066,59065,65536
PRGV:59069,59065,65536
PRGV:59069,59068,65536
PRGV:59072,59068,65536
PRGV:59072,59071,65536
PRGV:59074,59071,65536
PRGV:59074,59073,65536
PRGV:59077,59073,65536
PRGV:59077,59076,65536
PRGV:59080,59076,65536
PRGV:59080,59079,65536
PRGV:59083,59079,65536
PRGV:59083,59082,65536
PRGV:59086,59082,65536
PRGV:59086,59085,65536
PRGV:59089,59085,65536
PRGV:59089,59088,65536
PRGV:59091,59088,65536
PRGV:59091,59090,65536
PRGV:59094,59090,65536
PRGV:59094,59093,65536
PRGV:59097,59093,65536
PRGV:59097,59096,65536
PRGV:59100,59096,65536
PRGV:59100,59099,65536
PRGV:59103,59099,65536
PRGV:59103,59102,65536
PRGV:59106,59102,65536
PRGV:59106,59105,65536
PRGV:59109,59105,65536
PRGV:59109,59108,65536
PRGV:59112,59108,65536
PRGV:59112,59110,65536
PRGV:59114,59110,65536
PRGV:59114,59113,65536
PRGV:59118,59113,65536
PRGV:59118,59116,65536
PRGV:59120,59116,65536
PRGV:59120,59119,65536
PRGV:59123,59119,65536
PRGV:59123,59121,65536
PRGV:59125,59121,65536
PRGV:59125,59124,65536
PRGV:59129,59124,65536
PRGV:59129,59127,65536
PRGV:59131,59127,65536
PRGV:59131,59130,65536
PRGV:59134,59130,65536
PRGV:59134,59133,65536
PRGV:59137,59133,65536
PRGV:59137,59136,65536
PRGV:59140,59136,65536
PRGV:59140,59139,65536
PRGV:59143,59139,65536
PRGV:59143,59142,65536
PRGV:59146,59142,65536
PRGV:59146,59145,65536
PRGV:59149,59145,65536
PRGV:59149,59148,65536
PRGV:59151,59148,65536
PRGV:59151,59150,65536
PRGV:59154,59150,65536
PRGV:59154,59153,65536
PRGV:59157,59153,65536
PRGV:59157,59156,65536
PRGV:59160,59156,65536
PRGV:59160,59159,65536
PRGV:59163,59159,65536
PRGV:59163,59162,65536
PRGV:59166,59162,65536
PRGV:59166,59164,65536
PRGV:59168,59164,65536
PRGV:59168,59167,65536
PRGV:59172,59167,65536
PRGV:59172,59170,65536
PRGV:59174,59170,65536
PRGV:59174,59173,65536
PRGV:59177,59173,65536
PRGV:59177,59175,65536
PRGV:59179,59175,65536
PRGV:59179,59178,65536
PRGV:59183,59178,65536
PRGV:59183,59181,65536
PRGV:59185,59181,65536
PRGV:59185,59184,65536
PRGV:59188,59184,65536
PRGV:59188,59187,65536
PRGV:59191,59187,65536
PRGV:59191,59190,65536
PRGV:59194,59190,65536
PRGV:59194,59193,65536
PRGV:59197,59193,65536
PRGV:59197,59196,65536
PRGV:59200,59196,65536
PRGV:59200,59199,65536
PRGV:59202,59199,65536
PRGV:59202,59201,65536
PRGV:59205,59201,65536
PRGV:59205,59204,65536
PRGV:59208,59204,65536
PRGV:59208,59207,65536
PRGV:59211,59207,65536
PRGV:59211,59210,65536
PRGV:59214,59210,65536
PRGV:59214,59213,65536
PRGV:59217,59213,65536
PRGV:59217,59216,65536
PRGV:59220,59216,65536
PRGV:59220,59218,65536
PRGV:59222,59218,65536
PRGV:59222,59221,65536
PRGV:59225,59221,65536
PRGV:59225,59224,65536
PRGV:59228,59224,65536
PRGV:59228,59227,65536
PRGV:59231,59227,65536
PRGV:59231,59230,65536
PRGV:59234,59230,65536
PRGV:59234,59233,65536
PRGV:59236,59233,65536
PRGV:59236,59235,65536
PRGV:59239,59235,65536
PRGV:59239,59238,65536
PRGV:59242,59238,65536
PRGV:59242,59241,65536
PRGV:59245,59241,65536
PRGV:59245,59244,65536
PRGV:59248,59244,65536
PRGV:59248,59246,65536
PRGV:59431,59246,65536
PRGV:59431,59430,65536
PRGV:59434,59430,65536
PRGV:59434,59433,65536
PRGV:59437,59433,65536
PRGV:59437,59435,65536
PRGV:59439,59435,65536
PRGV:59439,59438,65536
PRGV:59442,59438,65536
PRGV:59442,59441,65536
PRGV:59445,59441,65536
PRGV:59445,59444,65536
PRGV:59448,59444,65536
PRGV:59448,59447,65536
PRGV:59450,59447,65536
PRGV:59450,59449,65536
PRGV:59454,59449,65536
PRGV:59454,59452,65536
PRGV:59456,59452,65536
PRGV:59456,59455,65536
PRGV:59459,59455,65536
PRGV:59459,59458,65536
PRGV:59462,59458,65536
PRGV:59462,59461,65536
PRGV:59465,59461,65536
PRGV:59465,59463,65536
PRGV:59468,59463,65536
PRGV:59468,59467,65536
PRGV:59471,59467,65536
PRGV:59471,59470,65536
PRGV:59473,59470,65536
PRGV:59473,59472,65536
PRGV:59476,59472,65536
PRGV:59476,59475,65536
PRGV:59478,59475,65536
PRGV:59478,59477,65536
PRGV:59482,59477,65536
PRGV:59482,59481,65536
PRGV:59484,59481,65536
PRGV:59484,59483,65536
PRGV:59487,59483,65536
PRGV:59487,59486,65536
PRGV:59490,59486,65536
PRGV:59490,59489,65536
PRGV:59493,59489,65536
PRGV:59493,59492,65536
PRGV:59496,59492,65536
PRGV:59496,59495,65536
PRGV:59498,59495,65536
PRGV:59498,59497,65536
PRGV:59501,59497,65536
PRGV:59501,59500,65536
PRGV:59504,59500,65536
PRGV:59504,59503,65536
PRGV:59507,59503,65536
PRGV:59507,59506,65536
PRGV:59510,59506,65536
PRGV:59510,59509,65536
PRGV:59513,59509,65536
PRGV:59513,59511,65536
PRGV:59515,59511,65536
PRGV:59515,59514,65536
PRGV:59519,59514,65536
PRGV:59519,59517,65536
PRGV:59521,59517,65536
PRGV:59521,59520,65536
PRGV:59524,59520,65536
PRGV:59524,59522,65536
PRGV:59526,59522,65536
PRGV:59526,59525,65536
PRGV:59529,59525,65536
PRGV:59529,59528,65536
PRGV:59532,59528,65536
PRGV:59532,59531,65536
PRGV:59535,59531,65536
PRGV:59535,59534,65536
PRGV:59538,59534,65536
PRGV:59538,59537,65536
PRGV:59541,59537,65536
PRGV:59541,59539,65536
PRGV:59543,59539,65536
PRGV:59543,59542,65536
PRGV:59546,59542,65536
PRGV:59546,59545,65536
PRGV:59549,59545,65536
PRGV:59549,59548,65536
PRGV:59552,59548,65536
PRGV:59552,59551,65536
PRGV:59554,59551,65536
PRGV:59554,59553,65536
PRGV:59557,59553,65536
PRGV:59557,59556,65536
PRGV:59560,59556,65536
PRGV:59560,59559,65536
PRGV:59563,59559,65536
PRGV:59563,59562,65536
PRGV:59566,59562,65536
PRGV:59566,59565,65536
PRGV:59569,59565,65536
PRGV:59569,59568,65536
PRGV:59572,59568,65536
PRGV:59572,59570,65536
PRGV:59574,59570,65536
PRGV:59574,59573,65536
PRGV:59576,59573,65536
PRGV:59576,59575,65536
PRGV:59580,59575,65536
PRGV:59580,59579,65536
PRGV:59583,59579,65536
PRGV:59583,59581,65536
PRGV:59585,59581,65536
PRGV:59585,59584,65536
PRGV:59588,59584,65536
PRGV:59588,59587,65536
PRGV:59591,59587,65536
PRGV:59591,59590,65536
PRGV:59594,59590,65536
PRGV:59594,59593,65536
PRGV:59597,59593,65536
PRGV:59597,59596,65536
PRGV:59600,59596,65536
PRGV:59600,59598,65536
PRGV:59602,59598,65536
PRGV:59602,59601,65536
PRGV:59605,59601,65536
PRGV:59605,59603,65536
PRGV:59607,59603,65536
PRGV:59607,59606,65536
PRGV:59611,59606,65536
PRGV:59611,59609,65536
PRGV:59613,59609,65536
PRGV:59613,59612,65536
PRGV:59616,59612,65536
PRGV:59616,59615,65536
PRGV:59619,59615,65536
PRGV:59619,59618,65536
PRGV:59622,59618,65536
PRGV:59622,59620,65536
PRGV:59624,59620,65536
PRGV:59624,59623,65536
PRGV:59628,59623,65536
PRGV:59628,59627,65536
PRGV:59630,59627,65536
PRGV:59630,59629,65536
PRGV:59633,59629,65536
PRGV:59633,59632,65536
PRGV:59635,59632,65536
PRGV:59635,59634,65536
PRGV:59638,59634,65536
PRGV:59638,59637,65536
PRGV:59641,59637,65536
PRGV:59641,59640,65536
PRGV:59644,59640,65536
PRGV:59644,59643,65536
PRGV:59647,59643,65536
PRGV:59647,59646,65536
PRGV:59650,59646,65536
PRGV:59650,59649,65536
PRGV:59652,59649,65536
PRGV:59652,59651,65536
PRGV:59655,59651,65536
PRGV:59655,59654,65536
PRGV:59658,59654,65536
PRGV:59658,59657,65536
PRGV:59661,59657,65536
PRGV:59661,59660,65536
PRGV:59664,59660,65536
PRGV:59664,59662,65536
PRGV:59664,59663,65536
PRGV:59666,59663,65536
PRGV:59666,59665,65536
PRGV:59669,59665,65536
PRGV:59669,59668,65536
PRGV:59672,59668,65536
PRGV:59672,59671,65536
PRGV:59675,59671,65536
PRGV:59675,59674,65536
PRGV:59678,59674,65536
PRGV:59678,59677,65536
PRGV:59681,59677,65536
PRGV:59681,59679,65536
PRGV:59683,59679,65536
PRGV:59683,59682,65536
PRGV:59686,59682,65536
PRGV:59686,59684,65536
PRGV:59689,59684,65536
PRGV:59689,59688,65536
PRGV:59692,59688,65536
PRGV:59692,59690,65536
PRGV:59694,59690,65536
PRGV:59694,59693,65536
PRGV:59697,59693,65536
PRGV:59697,59696,65536
PRGV:59700,59696,65536
PRGV:59700,59699,65536
PRGV:59703,59699,65536
PRGV:59703,59701,65536
PRGV:59705,59701,65536
PRGV:59705,59704,65536
PRGV:59709,59704,65536
PRGV:59709,59707,65536
PRGV:59711,59707,65536
PRGV:59711,59710,65536
PRGV:59714,59710,65536
PRGV:59714,59713,65536
PRGV:59716,59713,65536
PRGV:59716,59715,65536
PRGV:59719,59715,65536
PRGV:59719,59718,65536
PRGV:59722,59718,65536
PRGV:59722,59721,65536
PRGV:59725,59721,65536
PRGV:59725,59724,65536
PRGV:59728,59724,65536
PRGV:59728,59727,65536
PRGV:59731,59727,65536
PRGV:59731,59730,65536
PRGV:59733,59730,65536
PRGV:59733,59732,65536
PRGV:59736,59732,65536
PRGV:59736,59735,65536
PRGV:59740,59735,65536
PRGV:59740,59738,65536
PRGV:59742,59738,65536
PRGV:59742,59741,65536
PRGV:59744,59741,65536
PRGV:59744,59743,65536
PRGV:59747,59743,65536
PRGV:59747,59745,65536
PRGV:59750,59745,65536
PRGV:59750,59749,65536
PRGV:59753,59749,65536
PRGV:59753,59752,65536
PRGV:59755,59752,65536
PRGV:59755,59754,65536
PRGV:59759,59754,65536
PRGV:59759,59758,65536
PRGV:59762,59758,65536
PRGV:59762,59760,65536
PRGV:59764,59760,65536
PRGV:59764,59763,65536
PRGV:59767,59763,65536
PRGV:59767,59766,65536
PRGV:59769,59766,65536
PRGV:59769,59768,65536
PRGV:59772,59768,65536
PRGV:59772,59771,65536
PRGV:59775,59771,65536
PRGV:59775,59774,65536
PRGV:59778,59774,65536
PRGV:59778,59777,65536
PRGV:59781,59777,65536
PRGV:59781,59780,65536
PRGV:59784,59780,65536
PRGV:59784,59782,65536
PRGV:59786,59782,65536
PRGV:59786,59785,65536
PRGV:59789,59785,65536
PRGV:59789,59788,65536
PRGV:59792,59788,65536
PRGV:59792,59791,65536
PRGV:59795,59791,65536
PRGV:59795,59793,65536
PRGV:59797,59793,65536
PRGV:59797,59796,65536
PRGV:59801,59796,65536
PRGV:59801,59799,65536
PRGV:59803,59799,65536
PRGV:59803,59802,65536
PRGV:59806,59802,65536
PRGV:59806,59804,65536
PRGV:59808,59804,65536
PRGV:59808,59807,65536
PRGV:59811,59807,65536
PRGV:59811,59810,65536
PRGV:59814,59810,65536
PRGV:59814,59813,65536
PRGV:59817,59813,65536
PRGV:59817,59815,65536
PRGV:59820,59815,65536
PRGV:59820,59819,65536
PRGV:59823,59819,65536
PRGV:59823,59822,65536
PRGV:59825,59822,65536
PRGV:59825,59824,65536
PRGV:59828,59824,65536
PRGV:59828,59827,65536
PRGV:59831,59827,65536
PRGV:59831,59830,65536
PRGV:59833,59830,65536
PRGV:59833,59832,65536
PRGV:59836,59832,65536
PRGV:59836,59835,65536
PRGV:59839,59835,65536
PRGV:59839,59838,65536
PRGV:59842,59838,65536
PRGV:59842,59841,65536
PRGV:59845,59841,65536
PRGV:59845,59844,65536
PRGV:59847,59844,65536
PRGV:59847,59846,65536
PRGV:59850,59846,65536
PRGV:59850,59849,65536
PRGV:59853,59849,65536
PRGV:59853,59852,65536
PRGV:59856,59852,65536
PRGV:59856,59855,65536
PRGV:59859,59855,65536
PRGV:59859,59857,65536
PRGV:59861,59857,65536
PRGV:59861,59860,65536
PRGV:59864,59860,65536
PRGV:59864,59863,65536
PRGV:59867,59863,65536
PRGV:59867,59866,65536
PRGV:59870,59866,65536
PRGV:59870,59868,65536
PRGV:59872,59868,65536
PRGV:59872,59871,65536
PRGV:59876,59871,65536
PRGV:59876,59874,65536
PRGV:59878,59874,65536
PRGV:59878,59877,65536
PRGV:59881,59877,65536
PRGV:59881,59880,65536
PRGV:59884,59880,65536
PRGV:59884,59883,65536
PRGV:59886,59883,65536
PRGV:59886,59885,65536
PRGV:59889,59885,65536
PRGV:59889,59888,65536
PRGV:59892,59888,65536
PRGV:59892,59890,65536
PRGV:59894,59890,65536
PRGV:59894,59893,65536
PRGV:59897,59893,65536
PRGV:59897,59896,65536
PRGV:59900,59896,65536
PRGV:59900,59899,65536
PRGV:59903,59899,65536
PRGV:59903,59902,65536
PRGV:59906,59902,65536
PRGV:59906,59905,65536
PRGV:59909,59905,65536
PRGV:59909,59907,65536
PRGV:59911,59907,65536
PRGV:59911,59910,65536
PRGV:59914,59910,65536
PRGV:59914,59912,65536
PRGV:59916,59912,65536
PRGV:59916,59915,65536
PRGV:59920,59915,65536
PRGV:59920,59918,65536
PRGV:59922,59918,65536
PRGV:59922,59921,65536
PRGV:59925,59921,65536
PRGV:59925,59924,65536
PRGV:59966,59924,65536
PRGV:59966,59965,65536
PRGV:59969,59965,65536
PRGV:59969,59968,65536
PRGV:59972,59968,65536
PRGV:59972,59971,65536
PRGV:59975,59971,65536
PRGV:59975,59974,65536
PRGV:59977,59974,65536
PRGV:59977,59976,65536
PRGV:59980,59976,65536
PRGV:59980,59979,65536
PRGV:59983,59979,65536
PRGV:59983,59982,65536
PRGV:59986,59982,65536
PRGV:59986,59985,65536
PRGV:59988,59985,65536
PRGV:59988,59987,65536
PRGV:59991,59987,65536
PRGV:59991,59990,65536
PRGV:59993,59990,65536
PRGV:59993,59992,65536
PRGV:59997,59992,65536
PRGV:59997,59996,65536
PRGV:60000,59996,65536
PRGV:60000,59998,65536
PRGV:60003,59998,65536
PRGV:60003,60002,65536
PRGV:60005,60002,65536
PRGV:60005,60004,65536
PRGV:60008,60004,65536
PRGV:60008,60007,65536
PRGV:60010,60007,65536
PRGV:60010,60009,65536
PRGV:60013,60009,65536
PRGV:60013,60012,65536
PRGV:60016,60012,65536
PRGV:60016,60015,65536
PRGV:60019,60015,65536
PRGV:60019,60018,65536
PRGV:60022,60018,65536
PRGV:60022,60020,65536
PRGV:60024,60020,65536
PRGV:60024,60023,65536
PRGV:60027,60023,65536
PRGV:60027,60026,65536
PRGV:60030,60026,65536
PRGV:60030,60029,65536
PRGV:60033,60029,65536
PRGV:60033,60031,65536
PRGV:60035,60031,65536
PRGV:60035,60034,65536
PRGV:60038,60034,65536
PRGV:60038,60037,65536
PRGV:60041,60037,65536
PRGV:60041,60040,65536
PRGV:60044,60040,65536
PRGV:60044,60042,65536
PRGV:60046,60042,65536
PRGV:60046,60045,65536
PRGV:60049,60045,65536
PRGV:60049,60048,65536
PRGV:60052,60048,65536
PRGV:60052,60051,65536
PRGV:60055,60051,65536
PRGV:60055,60053,65536
PRGV:60057,60053,65536
PRGV:60057,60056,65536
PRGV:60060,60056,65536
PRGV:60060,60059,65536
PRGV:60063,60059,65536
PRGV:60063,60062,65536
PRGV:60066,60062,65536
PRGV:60066,60064,65536
PRGV:60068,60064,65536
PRGV:60068,60067,65536
PRGV:60071,60067,65536
PRGV:60071,60070,65536
PRGV:60074,60070,65536
PRGV:60074,60073,65536
PRGV:60077,60073,65536
PRGV:60077,60075,65536
PRGV:60079,60075,65536
PRGV:60079,60078,65536
PRGV:60083,60078,65536
PRGV:60083,60081,65536
PRGV:60085,60081,65536
PRGV:60085,60084,65536
PRGV:60088,60084,65536
PRGV:60088,60087,65536
PRGV:60091,60087,65536
PRGV:60091,60090,65536
PRGV:60093,60090,65536
PRGV:60093,60092,65536
PRGV:60096,60092,65536
PRGV:60096,60095,65536
PRGV:60099,60095,65536
PRGV:60099,60097,65536
PRGV:60101,60097,65536
PRGV:60101,60100,65536
PRGV:60104,60100,65536
PRGV:60104,60103,65536
PRGV:60107,60103,65536
PRGV:60107,60106,65536
PRGV:60110,60106,65536
PRGV:60110,60108,65536
PRGV:60112,60108,65536
PRGV:60112,60111,65536
PRGV:60115,60111,65536
PRGV:60115,60114,65536
PRGV:60118,60114,65536
PRGV:60118,60117,65536
PRGV:60121,60117,65536
PRGV:60121,60120,65536
PRGV:60123,60120,65536
PRGV:60123,60122,65536
PRGV:60126,60122,65536
PRGV:60126,60125,65536
PRGV:60130,60125,65536
PRGV:60130,60128,65536
PRGV:60132,60128,65536
PRGV:60132,60131,65536
PRGV:60134,60131,65536
PRGV:60134,60133,65536
PRGV:60137,60133,65536
PRGV:60137,60136,65536
PRGV:60140,60136,65536
PRGV:60140,60139,65536
PRGV:60143,60139,65536
PRGV:60143,60142,65536
PRGV:60145,60142,65536
PRGV:60145,60144,65536
PRGV:60148,60144,65536
PRGV:60148,60147,65536
PRGV:60151,60147,65536
PRGV:60151,60150,65536
PRGV:60154,60150,65536
PRGV:60154,60153,65536
PRGV:60157,60153,65536
PRGV:60157,60155,65536
PRGV:60159,60155,65536
PRGV:60159,60158,65536
PRGV:60162,60158,65536
PRGV:60162,60161,65536
PRGV:60165,60161,65536
PRGV:60165,60164,65536
PRGV:60168,60164,65536
PRGV:60168,60166,65536
PRGV:60170,60166,65536
PRGV:60170,60169,65536
PRGV:60173,60169,65536
PRGV:60173,60172,65536
PRGV:60176,60172,65536
PRGV:60176,60175,65536
PRGV:60179,60175,65536
PRGV:60179,60177,65536
PRGV:60181,60177,65536
PRGV:60181,60180,65536
PRGV:60184,60180,65536
PRGV:60184,60183,65536
PRGV:60186,60183,65536
PRGV:60186,60185,65536
PRGV:60189,60185,65536
PRGV:60189,60188,65536
PRGV:60192,60188,65536
PRGV:60192,60191,65536
PRGV:60195,60191,65536
PRGV:60195,60193,65536
PRGV:60198,60193,65536
PRGV:60198,60197,65536
PRGV:60201,60197,65536
PRGV:60201,60199,65536
PRGV:60203,60199,65536
PRGV:60203,60202,65536
PRGV:60206,60202,65536
PRGV:60206,60205,65536
PRGV:60209,60205,65536
PRGV:60209,60208,65536
PRGV:60212,60208,65536
PRGV:60212,60210,65536
PRGV:60214,60210,65536
PRGV:60214,60213,65536
PRGV:60217,60213,65536
PRGV:60217,60215,65536
PRGV:60219,60215,65536
PRGV:60219,60218,65536
PRGV:60222,60218,65536
PRGV:60222,60221,65536
PRGV:60225,60221,65536
PRGV:60225,60224,65536
PRGV:60228,60224,65536
PRGV:60228,60226,65536
PRGV:60230,60226,65536
PRGV:60230,60229,65536
PRGV:60233,60229,65536
PRGV:60233,60232,65536
PRGV:60236,60232,65536
PRGV:60236,60235,65536
PRGV:60239,60235,65536
PRGV:60239,60238,65536
PRGV:60242,60238,65536
PRGV:60242,60241,65536
PRGV:60244,60241,65536
PRGV:60244,60243,65536
PRGV:60247,60243,65536
PRGV:60247,60246,65536
PRGV:60250,60246,65536
PRGV:60250,60248,65536
PRGV:60252,60248,65536
PRGV:60252,60251,65536
PRGV:60255,60251,65536
PRGV:60255,60254,65536
PRGV:60258,60254,65536
PRGV:60258,60257,65536
PRGV:60261,60257,65536
PRGV:60261,60259,65536
PRGV:60263,60259,65536
PRGV:60263,60262,65536
PRGV:60266,60262,65536
PRGV:60266,60265,65536
PRGV:60269,60265,65536
PRGV:60269,60268,65536
PRGV:60272,60268,65536
PRGV:60272,60270,65536
PRGV:60274,60270,65536
PRGV:60274,60273,65536
PRGV:60277,60273,65536
PRGV:60277,60276,65536
PRGV:60280,60276,65536
PRGV:60280,60279,65536
PRGV:60283,60279,65536
PRGV:60283,60281,65536
PRGV:60285,60281,65536
PRGV:60285,60284,65536
PRGV:60288,60284,65536
PRGV:60288,60287,65536
PRGV:60291,60287,65536
PRGV:60291,60290,65536
PRGV:60294,60290,65536
PRGV:60294,60292,65536
PRGV:60296,60292,65536
PRGV:60296,60295,65536
PRGV:60299,60295,65536
PRGV:60299,60297,65536
PRGV:60301,60297,65536
PRGV:60301,60300,65536
PRGV:60305,60300,65536
PRGV:60305,60303,65536
PRGV:60307,60303,65536
PRGV:60307,60306,65536
PRGV:60310,60306,65536
PRGV:60310,60309,65536
PRGV:60313,60309,65536
PRGV:60313,60312,65536
PRGV:60316,60312,65536
PRGV:60316,60314,65536
PRGV:60318,60314,65536
PRGV:60318,60317,65536
PRGV:60321,60317,65536
PRGV:60321,60319,65536
PRGV:60323,60319,65536
PRGV:60323,60322,65536
PRGV:60326,60322,65536
PRGV:60326,60325,65536
PRGV:60329,60325,65536
PRGV:60329,60328,65536
PRGV:60332,60328,65536
PRGV:60332,60330,65536
PRGV:60335,60330,65536
PRGV:60335,60334,65536
PRGV:60337,60334,65536
PRGV:60337,60336,65536
PRGV:60340,60336,65536
PRGV:60340,60339,65536
PRGV:60343,60339,65536
PRGV:60343,60341,65536
PRGV:60345,60341,65536
PRGV:60345,60344,65536
PRGV:60348,60344,65536
PRGV:60348,60347,65536
PRGV:60351,60347,65536
PRGV:60351,60350,65536
PRGV:60353,60350,65536
PRGV:60353,60352,65536
PRGV:60356,60352,65536
PRGV:60356,60355,65536
PRGV:60359,60355,65536
PRGV:60359,60357,65536
PRGV:60361,60357,65536
PRGV:60361,60360,65536
PRGV:60364,60360,65536
PRGV:60364,60363,65536
PRGV:60367,60363,65536
PRGV:60367,60366,65536
PRGV:60370,60366,65536
PRGV:60370,60368,65536
PRGV:60373,60368,65536
PRGV:60373,60372,65536
PRGV:60376,60372,65536
PRGV:60376,60375,65536
PRGV:60378,60375,65536
PRGV:60378,60377,65536
PRGV:60381,60377,65536
PRGV:60381,60380,65536
PRGV:60383,60380,65536
PRGV:60383,60382,65536
PRGV:60386,60382,65536
PRGV:60386,60385,65536
PRGV:60389,60385,65536
PRGV:60389,60388,65536
PRGV:60392,60388,65536
PRGV:60392,60391,65536
PRGV:60394,60391,65536
PRGV:60394,60393,65536
PRGV:60397,60393,65536
PRGV:60397,60396,65536
PRGV:60400,60396,65536
PRGV:60400,60399,65536
PRGV:60403,60399,65536
PRGV:60403,60402,65536
PRGV:60405,60402,65536
PRGV:60405,60404,65536
PRGV:60408,60404,65536
PRGV:60408,60406,65536
PRGV:60410,60406,65536
PRGV:60410,60409,65536
PRGV:60413,60409,65536
PRGV:60413,60412,65536
PRGV:60416,60412,65536
PRGV:60416,60415,65536
PRGV:60419,60415,65536
PRGV:60419,60417,65536
PRGV:60421,60417,65536
PRGV:60421,60420,65536
PRGV:60424,60420,65536
PRGV:60424,60423,65536
PRGV:60428,60423,65536
PRGV:60428,60426,65536
PRGV:60430,60426,65536
PRGV:60430,60429,65536
PRGV:60432,60429,65536
PRGV:60432,60431,65536
PRGV:60435,60431,65536
PRGV:60435,60434,65536
PRGV:60438,60434,65536
PRGV:60438,60437,65536
PRGV:60441,60437,65536
PRGV:60441,60440,65536
PRGV:60443,60440,65536
PRGV:60443,60442,65536
PRGV:60446,60442,65536
PRGV:60446,60445,65536
PRGV:60449,60445,65536
PRGV:60449,60448,65536
PRGV:60452,60448,65536
PRGV:60452,60451,65536
PRGV:60925,60451,65536
PRGV:60925,60924,65536
PRGV:60928,60924,65536
PRGV:60928,60927,65536
PRGV:60931,60927,65536
PRGV:60931,60930,65536
PRGV:60934,60930,65536
PRGV:60934,60933,65536
PRGV:60936,60933,65536
PRGV:60936,60935,65536
PRGV:60939,60935,65536
PRGV:60939,60938,65536
PRGV:60942,60938,65536
PRGV:60942,60941,65536
PRGV:60944,60941,65536
PRGV:60944,60943,65536
PRGV:60945,60943,65536
PRGV:60945,60944,65536
PRGV:60947,60944,65536
PRGV:60947,60946,65536
PRGV:60950,60946,65536
PRGV:60950,60948,65536
PRGV:60952,60948,65536
PRGV:60952,60951,65536
PRGV:60955,60951,65536
PRGV:60955,60954,65536
PRGV:60958,60954,65536
PRGV:60958,60957,65536
PRGV:60961,60957,65536
PRGV:60961,60959,65536
PRGV:60963,60959,65536
PRGV:60963,60962,65536
PRGV:60966,60962,65536
PRGV:60966,60964,65536
PRGV:60968,60964,65536
PRGV:60968,60967,65536
PRGV:60971,60967,65536
PRGV:60971,60969,65536
PRGV:60973,60969,65536
PRGV:60973,60972,65536
PRGV:60976,60972,65536
PRGV:60976,60975,65536
PRGV:60979,60975,65536
PRGV:60979,60978,65536
PRGV:60982,60978,65536
PRGV:60982,60980,65536
PRGV:60984,60980,65536
PRGV:60984,60983,65536
PRGV:60987,60983,65536
PRGV:60987,60986,65536
PRGV:60990,60986,65536
PRGV:60990,60989,65536
PRGV:60993,60989,65536
PRGV:60993,60991,65536
PRGV:60995,60991,65536
PRGV:60995,60994,65536
PRGV:60998,60994,65536
PRGV:60998,60996,65536
PRGV:61000,60996,65536
PRGV:61000,60999,65536
PRGV:61003,60999,65536
PRGV:61003,61001,65536
PRGV:61005,61001,65536
PRGV:61005,61004,65536
PRGV:61008,61004,65536
PRGV:61008,61007,65536
PRGV:61011,61007,65536
PRGV:61011,61010,65536
PRGV:61014,61010,65536
PRGV:61014,61012,65536
PRGV:61016,61012,65536
PRGV:61016,61015,65536
PRGV:61019,61015,65536
PRGV:61019,61018,65536
PRGV:61022,61018,65536
PRGV:61022,61021,65536
PRGV:61025,61021,65536
PRGV:61025,61023,65536
PRGV:61027,61023,65536
PRGV:61027,61026,65536
PRGV:61030,61026,65536
PRGV:61030,61028,65536
PRGV:61032,61028,65536
PRGV:61032,61031,65536
PRGV:61035,61031,65536
PRGV:61035,61033,65536
PRGV:61037,61033,65536
PRGV:61037,61036,65536
PRGV:61040,61036,65536
PRGV:61040,61039,65536
PRGV:61043,61039,65536
PRGV:61043,61042,65536
PRGV:61046,61042,65536
PRGV:61046,61044,65536
PRGV:61048,61044,65536
PRGV:61048,61047,65536
PRGV:61051,61047,65536
PRGV:61051,61050,65536
PRGV:61053,61050,65536
PRGV:61053,61052,65536
PRGV:61056,61052,65536
PRGV:61056,61055,65536
PRGV:61059,61055,65536
PRGV:61059,61058,65536
PRGV:61062,61058,65536
PRGV:61062,61060,65536
PRGV:61064,61060,65536
PRGV:61064,61063,65536
PRGV:61067,61063,65536
PRGV:61067,61066,65536
PRGV:61069,61066,65536
PRGV:61069,61068,65536
PRGV:61072,61068,65536
PRGV:61072,61071,65536
PRGV:61075,61071,65536
PRGV:61075,61074,65536
PRGV:61077,61074,65536
PRGV:61077,61076,65536
PRGV:61080,61076,65536
PRGV:61080,61078,65536
PRGV:61082,61078,65536
PRGV:61082,61081,65536
PRGV:61085,61081,65536
PRGV:61085,61084,65536
PRGV:61088,61084,65536
PRGV:61088,61087,65536
PRGV:61091,61087,65536
PRGV:61091,61089,65536
PRGV:61093,61089,65536
PRGV:61093,61092,65536
PRGV:61096,61092,65536
PRGV:61096,61094,65536
PRGV:61098,61094,65536
PRGV:61098,61097,65536
PRGV:61101,61097,65536
PRGV:61101,61100,65536
PRGV:61104,61100,65536
PRGV:61104,61103,65536
PRGV:61107,61103,65536
PRGV:61107,61105,65536
PRGV:61109,61105,65536
PRGV:61109,61108,65536
PRGV:61112,61108,65536
PRGV:61112,61110,65536
PRGV:61114,61110,65536
PRGV:61114,61113,65536
PRGV:61117,61113,65536
PRGV:61117,61116,65536
PRGV:61120,61116,65536
PRGV:61120,61119,65536
PRGV:61122,61119,65536
PRGV:61122,61121,65536
PRGV:61125,61121,65536
PRGV:61125,61124,65536
PRGV:61128,61124,65536
PRGV:61128,61126,65536
PRGV:61130,61126,65536
PRGV:61130,61129,65536
PRGV:61133,61129,65536
PRGV:61133,61132,65536
PRGV:61136,61132,65536
PRGV:61136,61135,65536
PRGV:61138,61135,65536
PRGV:61138,61137,65536
PRGV:61141,61137,65536
PRGV:61141,61140,65536
PRGV:61144,61140,65536
PRGV:61144,61142,65536
PRGV:61146,61142,65536
PRGV:61146,61145,65536
PRGV:61149,61145,65536
PRGV:61149,61148,65536
PRGV:61152,61148,65536
PRGV:61152,61151,65536
PRGV:61155,61151,65536
PRGV:61155,61153,65536
PRGV:61157,61153,65536
PRGV:61157,61156,65536
PRGV:61160,61156,65536
PRGV:61160,61158,65536
PRGV:61162,61158,65536
PRGV:61162,61161,65536
PRGV:61165,61161,65536
PRGV:61165,61163,65536
PRGV:61167,61163,65536
PRGV:61167,61166,65536
PRGV:61170,61166,65536
PRGV:61170,61169,65536
PRGV:61173,61169,65536
PRGV:61173,61172,65536
PRGV:61176,61172,65536
PRGV:61176,61174,65536
PRGV:61178,61174,65536
PRGV:61178,61177,65536
PRGV:61181,61177,65536
PRGV:61181,61180,65536
PRGV:61184,61180,65536
PRGV:61184,61182,65536
PRGV:61186,61182,65536
PRGV:61186,61185,65536
PRGV:61189,61185,65536
PRGV:61189,61187,65536
PRGV:61191,61187,65536
PRGV:61191,61190,65536
PRGV:61194,61190,65536
PRGV:61194,61193,65536
PRGV:61197,61193,65536
PRGV:61197,61196,65536
PRGV:61199,61196,65536
PRGV:61199,61198,65536
PRGV:61202,61198,65536
PRGV:61202,61200,65536
PRGV:61204,61200,65536
PRGV:61204,61203,65536
PRGV:61207,61203,65536
PRGV:61207,61206,65536
PRGV:61209,61206,65536
PRGV:61209,61208,65536
PRGV:61212,61208,65536
PRGV:61212,61211,65536
PRGV:61215,61211,65536
PRGV:61215,61214,65536
PRGV:61218,61214,65536
PRGV:61218,61216,65536
PRGV:61220,61216,65536
PRGV:61220,61219,65536
PRGV:61223,61219,65536
PRGV:61223,61221,65536
PRGV:61225,61221,65536
PRGV:61225,61224,65536
PRGV:61228,61224,65536
PRGV:61228,61227,65536
PRGV:61231,61227,65536
PRGV:61231,61230,65536
PRGV:61234,61230,65536
PRGV:61234,61232,65536
PRGV:61236,61232,65536
PRGV:61236,61235,65536
PRGV:61239,61235,65536
PRGV:61239,61238,65536
PRGV:61242,61238,65536
PRGV:61242,61241,65536
PRGV:61244,61241,65536
PRGV:61244,61243,65536
PRGV:61246,61243,65536
PRGV:61246,61245,65536
PRGV:61249,61245,65536
PRGV:61249,61248,65536
PRGV:61252,61248,65536
PRGV:61252,61251,65536
PRGV:61255,61251,65536
PRGV:61255,61253,65536
PRGV:61257,61253,65536
PRGV:61257,61256,65536
PRGV:61260,61256,65536
PRGV:61260,61259,65536
PRGV:61262,61259,65536
PRGV:61262,61261,65536
PRGV:61265,61261,65536
PRGV:61265,61264,65536
PRGV:61268,61264,65536
PRGV:61268,61267,65536
PRGV:61271,61267,65536
PRGV:61271,61269,65536
PRGV:61273,61269,65536
PRGV:61273,61272,65536
PRGV:61276,61272,65536
PRGV:61276,61274,65536
PRGV:61278,61274,65536
PRGV:61278,61277,65536
PRGV:61281,61277,65536
PRGV:61281,61280,65536
PRGV:61284,61280,65536
PRGV:61284,61283,65536
PRGV:61287,61283,65536
PRGV:61287,61285,65536
PRGV:61289,61285,65536
PRGV:61289,61288,65536
PRGV:61292,61288,65536
PRGV:61292,61290,65536
PRGV:61294,61290,65536
PRGV:61294,61293,65536
PRGV:61297,61293,65536
PRGV:61297,61296,65536
PRGV:61299,61296,65536
PRGV:61299,61298,65536
PRGV:61302,61298,65536
PRGV:61302,61301,65536
PRGV:61305,61301,65536
PRGV:61305,61303,65536
PRGV:61307,61303,65536
PRGV:61307,61306,65536
PRGV:61310,61306,65536
PRGV:61310,61309,65536
PRGV:61313,61309,65536
PRGV:61313,61312,65536
PRGV:61315,61312,65536
PRGV:61315,61314,65536
PRGV:61318,61314,65536
PRGV:61318,61317,65536
PRGV:61321,61317,65536
PRGV:61321,61319,65536
PRGV:61323,61319,65536
PRGV:61323,61322,65536
PRGV:61326,61322,65536
PRGV:61326,61324,65536
PRGV:61328,61324,65536
PRGV:61328,61327,65536
PRGV:61331,61327,65536
PRGV:61331,61330,65536
PRGV:61334,61330,65536
PRGV:61334,61333,65536
PRGV:61337,61333,65536
PRGV:61337,61335,65536
PRGV:61339,61335,65536
PRGV:61339,61338,65536
PRGV:61342,61338,65536
PRGV:61342,61340,65536
PRGV:61344,61340,65536
PRGV:61344,61343,65536
PRGV:61347,61343,65536
PRGV:61347,61346,65536
PRGV:61349,61346,65536
PRGV:61349,61348,65536
PRGV:61352,61348,65536
PRGV:61352,61351,65536
PRGV:61355,61351,65536
PRGV:61355,61354,65536
PRGV:61357,61354,65536
PRGV:61357,61356,65536
PRGV:61360,61356,65536
PRGV:61360,61359,65536
PRGV:61363,61359,65536
PRGV:61363,61361,65536
PRGV:61365,61361,65536
PRGV:61365,61364,65536
PRGV:61368,61364,65536
PRGV:61368,61367,65536
PRGV:61371,61367,65536
PRGV:61371,61370,65536
PRGV:61373,61370,65536
PRGV:61373,61372,65536
PRGV:61376,61372,65536
PRGV:61376,61375,65536
PRGV:61378,61375,65536
PRGV:61378,61377,65536
PRGV:61379,61377,65536
PRGV:61381,61377,65536
PRGV:61381,61379,65536
PRGV:61384,61379,65536
PRGV:61384,61382,65536
PRGV:61386,61382,65536
PRGV:61386,61385,65536
PRGV:61389,61385,65536
PRGV:61389,61388,65536
PRGV:61800,61388,65536
PRGV:61800,61798,65536
PRGV:61802,61798,65536
PRGV:61802,61801,65536
PRGV:61805,61801,65536
PRGV:61805,61803,65536
PRGV:61807,61803,65536
PRGV:61807,61806,65536
PRGV:61810,61806,65536
PRGV:61810,61809,65536
PRGV:61812,61809,65536
PRGV:61812,61811,65536
PRGV:61815,61811,65536
PRGV:61815,61813,65536
PRGV:61817,61813,65536
PRGV:61817,61816,65536
PRGV:61820,61816,65536
PRGV:61820,61819,65536
PRGV:61823,61819,65536
PRGV:61823,61822,65536
PRGV:61825,61822,65536
PRGV:61825,61824,65536
PRGV:61828,61824,65536
PRGV:61828,61826,65536
PRGV:61831,61826,65536
PRGV:61831,61829,65536
PRGV:61833,61829,65536
PRGV:61833,61832,65536
PRGV:61835,61832,65536
PRGV:61835,61834,65536
PRGV:61838,61834,65536
PRGV:61838,61837,65536
PRGV:61841,61837,65536
PRGV:61841,61840,65536
PRGV:61843,61840,65536
PRGV:61843,61842,65536
PRGV:61845,61842,65536
PRGV:61845,61844,65536
PRGV:61848,61844,65536
PRGV:61848,61847,65536
PRGV:61851,61847,65536
PRGV:61851,61850,65536
PRGV:61853,61850,65536
PRGV:61853,61852,65536
PRGV:61856,61852,65536
PRGV:61856,61855,65536
PRGV:61858,61855,65536
PRGV:61858,61857,65536
PRGV:61861,61857,65536
PRGV:61861,61860,65536
PRGV:61864,61860,65536
PRGV:61864,61863,65536
PRGV:61867,61863,65536
PRGV:61867,61865,65536
PRGV:61869,61865,65536
PRGV:61869,61868,65536
PRGV:61872,61868,65536
PRGV:61872,61870,65536
PRGV:61874,61870,65536
PRGV:61874,61873,65536
PRGV:61877,61873,65536
PRGV:61877,61876,65536
PRGV:61879,61876,65536
PRGV:61879,61878,65536
PRGV:61881,61878,65536
PRGV:61881,61880,65536
PRGV:61884,61880,65536
PRGV:61884,61883,65536
PRGV:61887,61883,65536
PRGV:61887,61886,65536
PRGV:61890,61886,65536
PRGV:61890,61888,65536
PRGV:61892,61888,65536
PRGV:61892,61891,65536
PRGV:61895,61891,65536
PRGV:61895,61893,65536
PRGV:61897,61893,65536
PRGV:61897,61896,65536
PRGV:61900,61896,65536
PRGV:61900,61898,65536
PRGV:61902,61898,65536
PRGV:61902,61901,65536
PRGV:61905,61901,65536
PRGV:61905,61904,65536
PRGV:61907,61904,65536
PRGV:61907,61906,65536
PRGV:61910,61906,65536
PRGV:61910,61909,65536
PRGV:61913,61909,65536
PRGV:61913,61912,65536
PRGV:61916,61912,65536
PRGV:61916,61914,65536
PRGV:61918,61914,65536
PRGV:61918,61917,65536
PRGV:61921,61917,65536
PRGV:61921,61919,65536
PRGV:61923,61919,65536
PRGV:61923,61922,65536
PRGV:61926,61922,65536
PRGV:61926,61924,65536
PRGV:61928,61924,65536
PRGV:61928,61926,65536
PRGV:61930,61926,65536
PRGV:61930,61929,65536
PRGV:61933,61929,65536
PRGV:61933,61932,65536
PRGV:61936,61932,65536
PRGV:61936,61935,65536
PRGV:61938,61935,65536
PRGV:61938,61937,65536
PRGV:61941,61937,65536
PRGV:61941,61940,65536
PRGV:61944,61940,65536
PRGV:61944,61942,65536
PRGV:61946,61942,65536
PRGV:61946,61945,65536
PRGV:61949,61945,65536
PRGV:61949,61947,65536
PRGV:61951,61947,65536
PRGV:61951,61950,65536
PRGV:61954,61950,65536
PRGV:61954,61952,65536
PRGV:61956,61952,65536
PRGV:61956,61955,65536
PRGV:61959,61955,65536
PRGV:61959,61958,65536
PRGV:61962,61958,65536
PRGV:61962,61961,65536
PRGV:61964,61961,65536
PRGV:61964,61963,65536
PRGV:61967,61963,65536
PRGV:61967,61966,65536
PRGV:61969,61966,65536
PRGV:61969,61968,65536
PRGV:61972,61968,65536
PRGV:61972,61971,65536
PRGV:61974,61971,65536
PRGV:61974,61973,65536
PRGV:61977,61973,65536
PRGV:61977,61975,65536
PRGV:61980,61975,65536
PRGV:61980,61978,65536
PRGV:61982,61978,65536
PRGV:61982,61981,65536
PRGV:61984,61981,65536
PRGV:61984,61983,65536
PRGV:61985,61983,65536
PRGV:61985,61984,65536
PRGV:61987,61984,65536
PRGV:61987,61985,65536
PRGV:61989,61985,65536
PRGV:61989,61988,65536
PRGV:61992,61988,65536
PRGV:61992,61991,65536
PRGV:61995,61991,65536
PRGV:61995,61994,65536
PRGV:61997,61994,65536
PRGV:61997,61996,65536
PRGV:62000,61996,65536
PRGV:62000,61999,65536
PRGV:62003,61999,65536
PRGV:62003,62001,65536
PRGV:62005,62001,65536
PRGV:62005,62004,65536
PRGV:62008,62004,65536
PRGV:62008,62006,65536
PRGV:62010,62006,65536
PRGV:62010,62009,65536
PRGV:62013,62009,65536
PRGV:62013,62011,65536
PRGV:62015,62011,65536
PRGV:62015,62014,65536
PRGV:62018,62014,65536
PRGV:62018,62016,65536
PRGV:62020,62016,65536
PRGV:62020,62019,65536
PRGV:62023,62019,65536
PRGV:62023,62022,65536
PRGV:62026,62022,65536
PRGV:62026,62025,65536
PRGV:62028,62025,65536
PRGV:62028,62027,65536
PRGV:62031,62027,65536
PRGV:62031,62029,65536
PRGV:62033,62029,65536
PRGV:62033,62032,65536
PRGV:62036,62032,65536
PRGV:62036,62034,65536
PRGV:62038,62034,65536
PRGV:62038,62037,65536
PRGV:62041,62037,65536
PRGV:62041,62039,65536
PRGV:62043,62039,65536
PRGV:62043,62042,65536
PRGV:62046,62042,65536
PRGV:62046,62045,65536
PRGV:62049,62045,65536
PRGV:62049,62048,65536
PRGV:62051,62048,65536
PRGV:62051,62050,65536
PRGV:62054,62050,65536
PRGV:62054,62053,65536
PRGV:62057,62053,65536
PRGV:62057,62055,65536
PRGV:62058,62055,65536
PRGV:62058,62057,65536
PRGV:62061,62057,65536
PRGV:62061,62060,65536
PRGV:62064,62060,65536
PRGV:62064,62063,65536
PRGV:62067,62063,65536
PRGV:62067,62065,65536
PRGV:62069,62065,65536
PRGV:62069,62067,65536
PRGV:62072,62067,65536
PRGV:62072,62070,65536
PRGV:62074,62070,65536
PRGV:62074,62073,65536
PRGV:62077,62073,65536
PRGV:62077,62076,65536
PRGV:62079,62076,65536
PRGV:62079,62078,65536
PRGV:62082,62078,65536
PRGV:62082,62081,65536
PRGV:62085,62081,65536
PRGV:62085,62083,65536
PRGV:62086,62083,65536
PRGV:62086,62085,65536
PRGV:62089,62085,65536
PRGV:62089,62088,65536
PRGV:62092,62088,65536
PRGV:62092,62091,65536
PRGV:62095,62091,65536
PRGV:62095,62093,65536
PRGV:62097,62093,65536
PRGV:62097,62096,65536
PRGV:62100,62096,65536
PRGV:62100,62098,65536
PRGV:62102,62098,65536
PRGV:62102,62101,65536
PRGV:62105,62101,65536
PRGV:62105,62104,65536
PRGV:62107,62104,65536
PRGV:62107,62106,65536
PRGV:62110,62106,65536
PRGV:62110,62108,65536
PRGV:62112,62108,65536
PRGV:62112,62111,65536
PRGV:62114,62111,65536
PRGV:62114,62113,65536
PRGV:62117,62113,65536
PRGV:62117,62116,65536
PRGV:62120,62116,65536
PRGV:62120,62119,65536
PRGV:62123,62119,65536
PRGV:62123,62121,65536
PRGV:62125,62121,65536
PRGV:62125,62124,65536
PRGV:62128,62124,65536
PRGV:62128,62126,65536
PRGV:62130,62126,65536
PRGV:62130,62129,65536
PRGV:62133,62129,65536
PRGV:62133,62131,65536
PRGV:62135,62131,65536
PRGV:62135,62134,65536
PRGV:62138,62134,65536
PRGV:62138,62136,65536
PRGV:62140,62136,65536
PRGV:62140,62139,65536
PRGV:62143,62139,65536
PRGV:62143,62141,65536
PRGV:62145,62141,65536
PRGV:62145,62144,65536
PRGV:62148,62144,65536
PRGV:62148,62147,65536
PRGV:62151,62147,65536
PRGV:62151,62150,65536
PRGV:62153,62150,65536
PRGV:62153,62152,65536
PRGV:62156,62152,65536
PRGV:62156,62154,65536
PRGV:62159,62154,65536
PRGV:62159,62157,65536
PRGV:62161,62157,65536
PRGV:62161,62159,65536
PRGV:62163,62159,65536
PRGV:62163,62162,65536
PRGV:62166,62162,65536
PRGV:62166,62164,65536
PRGV:62168,62164,65536
PRGV:62168,62167,65536
PRGV:62171,62167,65536
PRGV:62171,62169,65536
PRGV:62173,62169,65536
PRGV:62173,62172,65536
PRGV:62176,62172,65536
PRGV:62176,62175,65536
PRGV:62178,62175,65536
PRGV:62178,62177,65536
PRGV:62181,62177,65536
PRGV:62181,62180,65536
PRGV:62184,62180,65536
PRGV:62184,62183,65536
PRGV:62186,62183,65536
PRGV:62186,62185,65536
PRGV:62189,62185,65536
PRGV:62189,62188,65536
PRGV:62192,62188,65536
PRGV:62192,62190,65536
PRGV:62194,62190,65536
PRGV:62194,62193,65536
PRGV:62196,62193,65536
PRGV:62196,62195,65536
PRGV:62199,62195,65536
PRGV:62199,62197,65536
PRGV:62202,62197,65536
PRGV:62202,62200,65536
PRGV:62204,62200,65536
PRGV:62204,62202,65536
PRGV:62206,62202,65536
PRGV:62206,62205,65536
PRGV:62209,62205,65536
PRGV:62209,62208,65536
PRGV:62212,62208,65536
PRGV:62212,62211,65536
PRGV:62214,62211,65536
PRGV:62214,62213,65536
PRGV:62216,62213,65536
PRGV:62216,62215,65536
PRGV:62219,62215,65536
PRGV:62219,62218,65536
PRGV:62221,62218,65536
PRGV:62221,62220,65536
PRGV:62224,62220,65536
PRGV:62224,62223,65536
PRGV:62227,62223,65536
PRGV:62227,62226,65536
PRGV:62229,62226,65536
PRGV:62229,62228,65536
PRGV:62232,62228,65536
PRGV:62232,62231,65536
PRGV:62235,62231,65536
PRGV:62235,62233,65536
PRGV:62237,62233,65536
PRGV:62237,62235,65536
PRGV:62240,62235,65536
PRGV:62240,62238,65536
PRGV:62242,62238,65536
PRGV:62242,62241,65536
PRGV:62244,62241,65536
PRGV:62244,62243,65536
PRGV:62247,62243,65536
PRGV:62247,62246,65536
PRGV:62249,62246,65536
PRGV:62249,62248,65536
PRGV:62443,62248,65536
PRGV:62443,62442,65536
PRGV:62446,62442,65536
PRGV:62446,62445,65536
PRGV:62448,62445,65536
PRGV:62448,62447,65536
PRGV:62450,62447,65536
PRGV:62450,62449,65536
PRGV:62453,62449,65536
PRGV:62453,62452,65536
PRGV:62456,62452,65536
PRGV:62456,62455,65536
PRGV:62458,62455,65536
PRGV:62458,62457,65536
PRGV:62461,62457,65536
PRGV:62461,62460,65536
PRGV:62464,62460,65536
PRGV:62464,62462,65536
PRGV:62466,62462,65536
PRGV:62466,62465,65536
PRGV:62469,62465,65536
PRGV:62469,62467,65536
PRGV:62470,62467,65536
PRGV:62470,62469,65536
PRGV:62474,62469,65536
PRGV:62474,62472,65536
PRGV:62476,62472,65536
PRGV:62476,62475,65536
PRGV:62479,62475,65536
PRGV:62479,62477,65536
PRGV:62481,62477,65536
PRGV:62481,62479,65536
PRGV:62484,62479,65536
PRGV:62484,62482,65536
PRGV:62486,62482,65536
PRGV:62486,62485,65536
PRGV:62488,62485,65536
PRGV:62488,62487,65536
PRGV:62491,62487,65536
PRGV:62491,62490,65536
PRGV:62493,62490,65536
PRGV:62493,62492,65536
PRGV:62496,62492,65536
PRGV:62496,62494,65536
PRGV:62498,62494,65536
PRGV:62498,62497,65536
PRGV:62501,62497,65536
PRGV:62501,62500,65536
PRGV:62503,62500,65536
PRGV:62503,62502,65536
PRGV:62506,62502,65536
PRGV:62506,62505,65536
PRGV:62509,62505,65536
PRGV:62509,62508,65536
PRGV:62511,62508,65536
PRGV:62511,62510,65536
PRGV:62514,62510,65536
PRGV:62514,62513,65536
PRGV:62516,62513,65536
PRGV:62516,62515,65536
PRGV:62518,62515,65536
PRGV:62518,62517,65536
PRGV:62521,62517,65536
PRGV:62521,62520,65536
PRGV:62524,62520,65536
PRGV:62524,62522,65536
PRGV:62526,62522,65536
PRGV:62526,62525,65536
PRGV:62529,62525,65536
PRGV:62529,62527,65536
PRGV:62531,62527,65536
PRGV:62531,62530,65536
PRGV:62534,62530,65536
PRGV:62534,62532,65536
PRGV:62536,62532,65536
PRGV:62536,62535,65536
PRGV:62539,62535,65536
PRGV:62539,62537,65536
PRGV:62541,62537,65536
PRGV:62541,62540,65536
PRGV:62544,62540,65536
PRGV:62544,62543,65536
PRGV:62546,62543,65536
PRGV:62546,62545,65536
PRGV:62549,62545,65536
PRGV:62549,62548,65536
PRGV:62551,62548,65536
PRGV:62551,62549,65536
PRGV:62551,62550,65536
PRGV:62553,62550,65536
PRGV:62553,62552,65536
PRGV:62556,62552,65536
PRGV:62556,62555,65536
PRGV:62558,62555,65536
PRGV:62558,62557,65536
PRGV:62561,62557,65536
PRGV:62561,62560,65536
PRGV:62563,62560,65536
PRGV:62563,62562,65536
PRGV:62566,62562,65536
PRGV:62566,62565,65536
PRGV:62569,62565,65536
PRGV:62569,62568,65536
PRGV:62571,62568,65536
PRGV:62571,62570,65536
PRGV:62574,62570,65536
PRGV:62574,62573,65536
PRGV:62577,62573,65536
PRGV:62577,62575,65536
PRGV:62579,62575,65536
PRGV:62579,62578,65536
PRGV:62582,62578,65536
PRGV:62582,62580,65536
PRGV:62583,62580,65536
PRGV:62583,62582,65536
PRGV:62586,62582,65536
PRGV:62586,62585,65536
PRGV:62589,62585,65536
PRGV:62589,62587,65536
PRGV:62591,62587,65536
PRGV:62591,62590,65536
PRGV:62594,62590,65536
PRGV:62594,62592,65536
PRGV:62596,62592,65536
PRGV:62596,62595,65536
PRGV:62599,62595,65536
PRGV:62599,62597,65536
PRGV:62601,62597,65536
PRGV:62601,62600,65536
PRGV:62604,62600,65536
PRGV:62604,62602,65536
PRGV:62606,62602,65536
PRGV:62606,62605,65536
PRGV:62609,62605,65536
PRGV:62609,62608,65536
PRGV:62611,62608,65536
PRGV:62611,62610,65536
PRGV:62614,62610,65536
PRGV:62614,62612,65536
PRGV:62616,62612,65536
PRGV:62616,62615,65536
PRGV:62618,62615,65536
PRGV:62618,62617,65536
PRGV:62621,62617,65536
PRGV:62621,62620,65536
PRGV:62623,62620,65536
PRGV:62623,62622,65536
PRGV:62626,62622,65536
PRGV:62626,62625,65536
PRGV:62629,62625,65536
PRGV:62629,62628,65536
PRGV:62631,62628,65536
PRGV:62631,62630,65536
PRGV:62634,62630,65536
PRGV:62634,62633,65536
PRGV:62636,62633,65536
PRGV:62636,62635,65536
PRGV:62638,62635,65536
PRGV:62638,62637,65536
PRGV:62641,62637,65536
PRGV:62641,62640,65536
PRGV:62643,62640,65536
PRGV:62643,62642,65536
PRGV:62646,62642,65536
PRGV:62646,62645,65536
PRGV:62649,62645,65536
PRGV:62649,62647,65536
PRGV:62651,62647,65536
PRGV:62651,62650,65536
PRGV:62654,62650,65536
PRGV:62654,62652,65536
PRGV:62656,62652,65536
PRGV:62656,62655,65536
PRGV:62659,62655,65536
PRGV:62659,62657,65536
PRGV:62661,62657,65536
PRGV:62661,62660,65536
PRGV:62664,62660,65536
PRGV:62664,62662,65536
PRGV:62666,62662,65536
PRGV:62666,62665,65536
PRGV:62669,62665,65536
PRGV:62669,62667,65536
PRGV:62671,62667,65536
PRGV:62671,62670,65536
PRGV:62674,62670,65536
PRGV:62674,62672,65536
PRGV:62676,62672,65536
PRGV:62676,62674,65536
PRGV:62679,62674,65536
PRGV:62679,62677,65536
PRGV:62681,62677,65536
PRGV:62681,62680,65536
PRGV:62683,62680,65536
PRGV:62683,62682,65536
PRGV:62686,62682,65536
PRGV:62686,62685,65536
PRGV:62688,62685,65536
PRGV:62688,62687,65536
PRGV:62691,62687,65536
PRGV:62691,62689,65536
PRGV:62693,62689,65536
PRGV:62693,62692,65536
PRGV:62696,62692,65536
PRGV:62696,62694,65536
PRGV:62698,62694,65536
PRGV:62698,62697,65536
PRGV:62701,62697,65536
PRGV:62701,62700,65536
PRGV:62703,62700,65536
PRGV:62703,62702,65536
PRGV:62706,62702,65536
PRGV:62706,62705,65536
PRGV:62708,62705,65536
PRGV:62708,62707,65536
PRGV:62711,62707,65536
PRGV:62711,62710,65536
PRGV:62713,62710,65536
PRGV:62713,62712,65536
PRGV:62715,62712,65536
PRGV:62715,62714,65536
PRGV:62718,62714,65536
PRGV:62718,62717,65536
PRGV:62721,62717,65536
PRGV:62721,62720,65536
PRGV:62723,62720,65536
PRGV:62723,62722,65536
PRGV:62726,62722,65536
PRGV:62726,62725,65536
PRGV:62729,62725,65536
PRGV:62729,62727,65536
PRGV:62731,62727,65536
PRGV:62731,62730,65536
PRGV:62733,62730,65536
PRGV:62733,62732,65536
PRGV:62735,62732,65536
PRGV:62735,62734,65536
PRGV:62738,62734,65536
PRGV:62738,62737,65536
PRGV:62740,62737,65536
PRGV:62740,62739,65536
PRGV:62743,62739,65536
PRGV:62743,62742,65536
PRGV:62746,62742,65536
PRGV:62746,62744,65536
PRGV:62748,62744,65536
PRGV:62748,62747,65536
PRGV:62751,62747,65536
PRGV:62751,62749,65536
PRGV:62753,62749,65536
PRGV:62753,62752,65536
PRGV:62756,62752,65536
PRGV:62756,62754,65536
PRGV:62758,62754,65536
PRGV:62758,62757,65536
PRGV:62760,62757,65536
PRGV:62760,62759,65536
PRGV:62763,62759,65536
PRGV:62763,62761,65536
PRGV:62766,62761,65536
PRGV:62766,62764,65536
PRGV:62768,62764,65536
PRGV:62768,62766,65536
PRGV:62771,62766,65536
PRGV:62771,62769,65536
PRGV:62773,62769,65536
PRGV:62773,62771,65536
PRGV:62775,62771,65536
PRGV:62775,62774,65536
PRGV:62778,62774,65536
PRGV:62778,62777,65536
PRGV:62780,62777,65536
PRGV:62780,62779,65536
PRGV:62783,62779,65536
PRGV:62783,62781,65536
PRGV:62785,62781,65536
PRGV:62785,62784,65536
PRGV:62788,62784,65536
PRGV:62788,62786,65536
PRGV:62790,62786,65536
PRGV:62790,62789,65536
PRGV:62793,62789,65536
PRGV:62793,62791,65536
PRGV:62795,62791,65536
PRGV:62795,62794,65536
PRGV:62798,62794,65536
PRGV:62798,62796,65536
PRGV:62800,62796,65536
PRGV:62800,62799,65536
PRGV:62802,62799,65536
PRGV:62802,62801,65536
PRGV:62805,62801,65536
PRGV:62805,62803,65536
PRGV:62807,62803,65536
PRGV:62807,62806,65536
PRGV:62810,62806,65536
PRGV:62810,62809,65536
PRGV:62812,62809,65536
PRGV:62812,62811,65536
PRGV:62815,62811,65536
PRGV:62815,62814,65536
PRGV:62817,62814,65536
PRGV:62817,62816,65536
PRGV:62820,62816,65536
PRGV:62820,62819,65536
PRGV:62822,62819,65536
PRGV:62822,62821,65536
PRGV:62825,62821,65536
PRGV:62825,62823,65536
PRGV:62827,62823,65536
PRGV:62827,62826,65536
PRGV:62830,62826,65536
PRGV:62830,62829,65536
PRGV:62832,62829,65536
PRGV:62832,62831,65536
PRGV:62835,62831,65536
PRGV:62835,62834,65536
PRGV:62837,62834,65536
PRGV:62837,62836,65536
PRGV:62840,62836,65536
PRGV:62840,62839,65536
PRGV:62843,62839,65536
PRGV:62843,62841,65536
PRGV:62844,62841,65536
PRGV:62844,62843,65536
PRGV:62847,62843,65536
PRGV:62847,62846,65536
PRGV:62849,62846,65536
PRGV:62849,62848,65536
PRGV:62852,62848,65536
PRGV:62852,62851,65536
PRGV:62854,62851,65536
PRGV:62854,62853,65536
PRGV:62857,62853,65536
PRGV:62857,62856,65536
PRGV:62860,62856,65536
PRGV:62860,62858,65536
PRGV:62862,62858,65536
PRGV:62862,62861,65536
PRGV:62865,62861,65536
PRGV:62865,62863,65536
PRGV:62867,62863,65536
PRGV:62867,62866,65536
PRGV:62869,62866,65536
PRGV:62869,62868,65536
PRGV:62872,62868,65536
PRGV:62872,62871,65536
PRGV:62874,62871,65536
PRGV:62874,62873,65536
PRGV:62877,62873,65536
PRGV:62877,62876,65536
PRGV:62880,62876,65536
PRGV:62880,62878,65536
PRGV:62882,62878,65536
PRGV:62882,62880,65536
PRGV:62884,62880,65536
PRGV:62884,62883,65536
PRGV:63508,62883,65536
PRGV:63508,63507,65536
PRGV:63511,63507,65536
PRGV:63511,63510,65536
PRGV:63513,63510,65536
PRGV:63513,63512,65536
PRGV:63516,63512,65536
PRGV:63516,63514,65536
PRGV:63517,63514,65536
PRGV:63517,63516,65536
PRGV:63520,63516,65536
PRGV:63520,63519,65536
PRGV:63522,63519,65536
PRGV:63522,63521,65536
PRGV:63525,63521,65536
PRGV:63525,63524,65536
PRGV:63527,63524,65536
PRGV:63527,63526,65536
PRGV:63530,63526,65536
PRGV:63530,63529,65536
PRGV:63532,63529,65536
PRGV:63532,63531,65536
PRGV:63535,63531,65536
PRGV:63535,63533,65536
PRGV:63537,63533,65536
PRGV:63537,63536,65536
PRGV:63539,63536,65536
PRGV:63539,63538,65536
PRGV:63542,63538,65536
PRGV:63542,63540,65536
PRGV:63544,63540,65536
PRGV:63544,63543,65536
PRGV:63547,63543,65536
PRGV:63547,63545,65536
PRGV:63549,63545,65536
PRGV:63549,63548,65536
PRGV:63552,63548,65536
PRGV:63552,63550,65536
PRGV:63554,63550,65536
PRGV:63554,63552,65536
PRGV:63557,63552,65536
PRGV:63557,63555,65536
PRGV:63559,63555,65536
PRGV:63559,63557,65536
PRGV:63561,63557,65536
PRGV:63561,63560,65536
PRGV:63563,63560,65536
PRGV:63563,63562,65536
PRGV:63566,63562,65536
PRGV:63566,63565,65536
PRGV:63568,63565,65536
PRGV:63568,63567,65536
PRGV:63570,63567,65536
PRGV:63570,63569,65536
PRGV:63573,63569,65536
PRGV:63573,63572,65536
PRGV:63575,63572,65536
PRGV:63575,63574,65536
PRGV:63578,63574,65536
PRGV:63578,63577,65536
PRGV:63580,63577,65536
PRGV:63580,63579,65536
PRGV:63583,63579,65536
PRGV:63583,63582,65536
PRGV:63585,63582,65536
PRGV:63585,63583,65536
PRGV:63587,63583,65536
PRGV:63587,63586,65536
PRGV:63590,63586,65536
PRGV:63590,63588,65536
PRGV:63592,63588,65536
PRGV:63592,63590,65536
PRGV:63595,63590,65536
PRGV:63595,63593,65536
PRGV:63597,63593,65536
PRGV:63597,63595,65536
PRGV:63600,63595,65536
PRGV:63600,63598,65536
PRGV:63602,63598,65536
PRGV:63602,63600,65536
PRGV:63604,63600,65536
PRGV:63604,63603,65536
PRGV:63607,63603,65536
PRGV:63607,63605,65536
PRGV:63609,63605,65536
PRGV:63609,63608,65536
PRGV:63611,63608,65536
PRGV:63611,63610,65536
PRGV:63613,63610,65536
PRGV:63613,63612,65536
PRGV:63616,63612,65536
PRGV:63616,63615,65536
PRGV:63618,63615,65536
PRGV:63618,63617,65536
PRGV:63621,63617,65536
PRGV:63621,63620,65536
PRGV:63623,63620,65536
PRGV:63623,63622,65536
PRGV:63625,63622,65536
PRGV:63625,63624,65536
PRGV:63628,63624,65536
PRGV:63628,63627,65536
PRGV:63630,63627,65536
PRGV:63630,63629,65536
PRGV:63633,63629,65536
PRGV:63633,63631,65536
PRGV:63635,63631,65536
PRGV:63635,63633,65536
PRGV:63638,63633,65536
PRGV:63638,63636,65536
PRGV:63640,63636,65536
PRGV:63640,63638,65536
PRGV:63643,63638,65536
PRGV:63643,63641,65536
PRGV:63645,63641,65536
PRGV:63645,63643,65536
PRGV:63647,63643,65536
PRGV:63647,63646,65536
PRGV:63650,63646,65536
PRGV:63650,63648,65536
PRGV:63652,63648,65536
PRGV:63652,63651,65536
PRGV:63654,63651,65536
PRGV:63654,63653,65536
PRGV:63656,63653,65536
PRGV:63656,63655,65536
PRGV:63659,63655,65536
PRGV:63659,63658,65536
PRGV:63661,63658,65536
PRGV:63661,63660,65536
PRGV:63664,63660,65536
PRGV:63664,63663,65536
PRGV:63666,63663,65536
PRGV:63666,63665,65536
PRGV:63669,63665,65536
PRGV:63669,63668,65536
PRGV:63671,63668,65536
PRGV:63671,63669,65536
PRGV:63673,63669,65536
PRGV:63673,63672,65536
PRGV:63676,63672,65536
PRGV:63676,63674,65536
PRGV:63678,63674,65536
PRGV:63678,63676,65536
PRGV:63681,63676,65536
PRGV:63681,63679,65536
PRGV:63683,63679,65536
PRGV:63683,63681,65536
PRGV:63685,63681,65536
PRGV:63685,63684,65536
PRGV:63688,63684,65536
PRGV:63688,63686,65536
PRGV:63690,63686,65536
PRGV:63690,63689,65536
PRGV:63692,63689,65536
PRGV:63692,63691,65536
PRGV:63694,63691,65536
PRGV:63694,63693,65536
PRGV:63697,63693,65536
PRGV:63697,63696,65536
PRGV:63699,63696,65536
PRGV:63699,63698,65536
PRGV:63702,63698,65536
PRGV:63702,63701,65536
PRGV:63704,63701,65536
PRGV:63704,63703,65536
PRGV:63706,63703,65536
PRGV:63706,63705,65536
PRGV:63709,63705,65536
PRGV:63709,63708,65536
PRGV:63711,63708,65536
PRGV:63711,63710,65536
PRGV:63714,63710,65536
PRGV:63714,63713,65536
PRGV:63716,63713,65536
PRGV:63716,63715,65536
PRGV:63719,63715,65536
PRGV:63719,63717,65536
PRGV:63721,63717,65536
PRGV:63721,63719,65536
PRGV:63723,63719,65536
PRGV:63723,63722,65536
PRGV:63726,63722,65536
PRGV:63726,63724,65536
PRGV:63728,63724,65536
PRGV:63728,63727,65536
PRGV:63730,63727,65536
PRGV:63730,63729,65536
PRGV:63733,63729,65536
PRGV:63733,63731,65536
PRGV:63735,63731,65536
PRGV:63735,63734,65536
PRGV:63738,63734,65536
PRGV:63738,63736,65536
PRGV:63740,63736,65536
PRGV:63740,63739,65536
PRGV:63742,63739,65536
PRGV:63742,63741,65536
PRGV:63745,63741,65536
PRGV:63745,63744,65536
PRGV:63747,63744,65536
PRGV:63747,63745,65536
PRGV:63749,63745,65536
PRGV:63749,63748,65536
PRGV:63752,63748,65536
PRGV:63752,63750,65536
PRGV:63754,63750,65536
PRGV:63754,63752,65536
PRGV:63757,63752,65536
PRGV:63757,63755,65536
PRGV:63759,63755,65536
PRGV:63759,63757,65536
PRGV:63761,63757,65536
PRGV:63761,63760,65536
PRGV:63764,63760,65536
PRGV:63764,63762,65536
PRGV:63766,63762,65536
PRGV:63766,63765,65536
PRGV:63769,63765,65536
PRGV:63769,63767,65536
PRGV:63770,63767,65536
PRGV:63770,63769,65536
PRGV:63773,63769,65536
PRGV:63773,63772,65536
PRGV:63775,63772,65536
PRGV:63775,63774,65536
PRGV:63778,63774,65536
PRGV:63778,63777,65536
PRGV:63780,63777,65536
PRGV:63780,63779,65536
PRGV:63782,63779,65536
PRGV:63782,63781,65536
PRGV:63785,63781,65536
PRGV:63785,63784,65536
PRGV:63787,63784,65536
PRGV:63787,63786,65536
PRGV:63790,63786,65536
PRGV:63790,63788,65536
PRGV:63792,63788,65536
PRGV:63792,63791,65536
PRGV:63794,63791,65536
PRGV:63794,63793,65536
PRGV:63797,63793,65536
PRGV:63797,63795,65536
PRGV:63799,63795,65536
PRGV:63799,63798,65536
PRGV:63802,63798,65536
PRGV:63802,63800,65536
PRGV:63804,63800,65536
PRGV:63804,63803,65536
PRGV:63806,63803,65536
PRGV:63806,63805,65536
PRGV:63809,63805,65536
PRGV:63809,63807,65536
PRGV:63811,63807,65536
PRGV:63811,63810,65536
PRGV:63814,63810,65536
PRGV:63814,63812,65536
PRGV:63816,63812,65536
PRGV:63816,63815,65536
PRGV:63818,63815,65536
PRGV:63818,63816,65536
PRGV:63820,63816,65536
PRGV:63820,63819,65536
PRGV:63823,63819,65536
PRGV:63823,63821,65536
PRGV:63825,63821,65536
PRGV:63825,63824,65536
PRGV:63828,63824,65536
PRGV:63828,63826,65536
PRGV:63830,63826,65536
PRGV:63830,63829,65536
PRGV:63833,63829,65536
PRGV:63833,63831,65536
PRGV:63835,63831,65536
PRGV:63835,63833,65536
PRGV:63837,63833,65536
PRGV:63837,63836,65536
PRGV:63839,63836,65536
PRGV:63839,63838,65536
PRGV:63842,63838,65536
PRGV:63842,63841,65536
PRGV:63844,63841,65536
PRGV:63844,63843,65536
PRGV:63846,63843,65536
PRGV:63846,63845,65536
PRGV:63849,63845,65536
PRGV:63849,63848,65536
PRGV:63851,63848,65536
PRGV:63851,63850,65536
PRGV:63854,63850,65536
PRGV:63854,63853,65536
PRGV:63856,63853,65536
PRGV:63856,63854,65536
PRGV:63858,63854,65536
PRGV:63858,63857,65536
PRGV:63861,63857,65536
PRGV:63861,63859,65536
PRGV:63863,63859,65536
PRGV:63863,63861,65536
PRGV:63866,63861,65536
PRGV:63866,63864,65536
PRGV:63868,63864,65536
PRGV:63868,63866,65536
PRGV:63870,63866,65536
PRGV:63870,63869,65536
PRGV:63871,63869,65536
PRGV:63872,63869,65536
PRGV:63872,63871,65536
PRGV:63874,63871,65536
PRGV:63874,63873,65536
PRGV:63877,63873,65536
PRGV:63877,63876,65536
PRGV:63879,63876,65536
PRGV:63879,63878,65536
PRGV:63882,63878,65536
PRGV:63882,63881,65536
PRGV:63884,63881,65536
PRGV:63884,63883,65536
PRGV:63887,63883,65536
PRGV:63887,63885,65536
PRGV:63889,63885,65536
PRGV:63889,63888,65536
PRGV:63891,63888,65536
PRGV:63891,63890,65536
PRGV:63894,63890,65536
PRGV:63894,63892,65536
PRGV:63896,63892,65536
PRGV:63896,63895,65536
PRGV:63898,63895,65536
PRGV:63898,63897,65536
PRGV:63901,63897,65536
PRGV:63901,63899,65536
PRGV:63903,63899,65536
PRGV:63903,63902,65536
PRGV:63905,63902,65536
PRGV:63905,63904,65536
PRGV:63908,63904,65536
PRGV:63908,63907,65536
PRGV:63910,63907,65536
PRGV:63910,63909,65536
PRGV:63912,63909,65536
PRGV:63912,63911,65536
PRGV:63915,63911,65536
PRGV:63915,63914,65536
PRGV:63917,63914,65536
PRGV:63917,63916,65536
PRGV:63920,63916,65536
PRGV:63920,63918,65536
PRGV:63922,63918,65536
PRGV:63922,63920,65536
PRGV:63924,63920,65536
PRGV:63924,63923,65536
PRGV:63927,63923,65536
PRGV:63927,63925,65536
PRGV:64269,63925,65536
PRGV:64269,64267,65536
PRGV:64271,64267,65536
PRGV:64271,64270,65536
PRGV:64274,64270,65536
PRGV:64274,64272,65536
PRGV:64276,64272,65536
PRGV:64276,64275,65536
PRGV:64278,64275,65536
PRGV:64278,64276,65536
PRGV:64280,64276,65536
PRGV:64280,64279,65536
PRGV:64283,64279,65536
PRGV:64283,64281,65536
PRGV:64285,64281,65536
PRGV:64285,64283,65536
PRGV:64287,64283,65536
PRGV:64287,64286,65536
PRGV:64290,64286,65536
PRGV:64290,64288,65536
PRGV:64292,64288,65536
PRGV:64292,64291,65536
PRGV:64294,64291,65536
PRGV:64294,64293,65536
PRGV:64296,64293,65536
PRGV:64296,64295,65536
PRGV:64299,64295,65536
PRGV:64299,64297,65536
PRGV:64301,64297,65536
PRGV:64301,64299,65536
PRGV:64304,64299,65536
PRGV:64304,64302,65536
PRGV:64306,64302,65536
PRGV:64306,64304,65536
PRGV:64308,64304,65536
PRGV:64308,64307,65536
PRGV:64311,64307,65536
PRGV:64311,64309,65536
PRGV:64313,64309,65536
PRGV:64313,64311,65536
PRGV:64315,64311,65536
PRGV:64315,64314,65536
PRGV:64317,64314,65536
PRGV:64317,64316,65536
PRGV:64320,64316,65536
PRGV:64320,64319,65536
PRGV:64322,64319,65536
PRGV:64322,64320,65536
PRGV:64324,64320,65536
PRGV:64324,64323,65536
PRGV:64327,64323,65536
PRGV:64327,64325,65536
PRGV:64329,64325,65536
PRGV:64329,64327,65536
PRGV:64331,64327,65536
PRGV:64331,64330,65536
PRGV:64333,64330,65536
PRGV:64333,64332,65536
PRGV:64336,64332,65536
PRGV:64336,64335,65536
PRGV:64338,64335,65536
PRGV:64338,64337,65536
PRGV:64340,64337,65536
PRGV:64340,64339,65536
PRGV:64343,64339,65536
PRGV:64343,64341,65536
PRGV:64345,64341,65536
PRGV:64345,64344,65536
PRGV:64348,64344,65536
PRGV:64348,64346,65536
PRGV:64349,64346,65536
PRGV:64349,64348,65536
PRGV:64352,64348,65536
PRGV:64352,64351,65536
PRGV:64354,64351,65536
PRGV:64354,64353,65536
PRGV:64356,64353,65536
PRGV:64356,64355,65536
PRGV:64359,64355,65536
PRGV:64359,64357,65536
PRGV:64361,64357,65536
PRGV:64361,64360,65536
PRGV:64364,64360,65536
PRGV:64364,64362,65536
PRGV:64366,64362,65536
PRGV:64366,64364,65536
PRGV:64368,64364,65536
PRGV:64368,64367,65536
PRGV:64371,64367,65536
PRGV:64371,64369,65536
PRGV:64373,64369,65536
PRGV:64373,64372,65536
PRGV:64375,64372,65536
PRGV:64375,64374,65536
PRGV:64377,64374,65536
PRGV:64377,64375,65536
PRGV:64380,64375,65536
PRGV:64380,64378,65536
PRGV:64382,64378,65536
PRGV:64382,64380,65536
PRGV:64384,64380,65536
PRGV:64384,64383,65536
PRGV:64387,64383,65536
PRGV:64387,64385,65536
PRGV:64389,64385,65536
PRGV:64389,64388,65536
PRGV:64391,64388,65536
PRGV:64391,64390,65536
PRGV:64393,64390,65536
PRGV:64393,64392,65536
PRGV:64396,64392,65536
PRGV:64396,64395,65536
PRGV:64398,64395,65536
PRGV:64398,64397,65536
PRGV:64400,64397,65536
PRGV:64400,64399,65536
PRGV:64402,64399,65536
PRGV:64402,64401,65536
PRGV:64405,64401,65536
PRGV:64405,64403,65536
PRGV:64407,64403,65536
PRGV:64407,64406,65536
PRGV:64409,64406,65536
PRGV:64409,64408,65536
PRGV:64412,64408,65536
PRGV:64412,64411,65536
PRGV:64414,64411,65536
PRGV:64414,64413,65536
PRGV:64416,64413,65536
PRGV:64416,64415,65536
PRGV:64419,64415,65536
PRGV:64419,64417,65536
PRGV:64421,64417,65536
PRGV:64421,64420,65536
PRGV:64423,64420,65536
PRGV:64423,64422,65536
PRGV:64425,64422,65536
PRGV:64425,64424,65536
PRGV:64428,64424,65536
PRGV:64428,64427,65536
PRGV:64430,64427,65536
PRGV:64430,64429,65536
PRGV:64432,64429,65536
PRGV:64432,64431,65536
PRGV:64435,64431,65536
PRGV:64435,64433,65536
PRGV:64437,64433,65536
PRGV:64437,64436,65536
PRGV:64440,64436,65536
PRGV:64440,64438,65536
PRGV:64442,64438,65536
PRGV:64442,64440,65536
PRGV:64444,64440,65536
PRGV:64444,64443,65536
PRGV:64446,64443,65536
PRGV:64446,64445,65536
PRGV:64448,64445,65536
PRGV:64448,64447,65536
PRGV:64451,64447,65536
PRGV:64451,64449,65536
PRGV:64453,64449,65536
PRGV:64453,64451,65536
PRGV:64456,64451,65536
PRGV:64456,64454,65536
PRGV:64458,64454,65536
PRGV:64458,64456,65536
PRGV:64460,64456,65536
PRGV:64460,64459,65536
PRGV:64462,64459,65536
PRGV:64462,64461,65536
PRGV:64465,64461,65536
PRGV:64465,64464,65536
PRGV:64467,64464,65536
PRGV:64467,64466,65536
PRGV:64469,64466,65536
PRGV:64469,64468,65536
PRGV:64471,64468,65536
PRGV:64471,64470,65536
PRGV:64474,64470,65536
PRGV:64474,64472,65536
PRGV:64476,64472,65536
PRGV:64476,64475,65536
PRGV:64478,64475,65536
PRGV:64478,64477,65536
PRGV:64480,64477,65536
PRGV:64480,64479,65536
PRGV:64483,64479,65536
PRGV:64483,64482,65536
PRGV:64485,64482,65536
PRGV:64485,64484,65536
PRGV:64487,64484,65536
PRGV:64487,64486,65536
PRGV:64490,64486,65536
PRGV:64490,64488,65536
PRGV:64492,64488,65536
PRGV:64492,64491,65536
PRGV:64495,64491,65536
PRGV:64495,64493,65536
PRGV:64496,64493,65536
PRGV:64496,64495,65536
PRGV:64499,64495,65536
PRGV:64499,64498,65536
PRGV:64501,64498,65536
PRGV:64501,64500,65536
PRGV:64503,64500,65536
PRGV:64503,64502,65536
PRGV:64506,64502,65536
PRGV:64506,64504,65536
PRGV:64508,64504,65536
PRGV:64508,64507,65536
PRGV:64511,64507,65536
PRGV:64511,64509,65536
PRGV:64513,64509,65536
PRGV:64513,64511,65536
PRGV:64515,64511,65536
PRGV:64515,64514,65536
PRGV:64517,64514,65536
PRGV:64517,64516,65536
PRGV:64519,64516,65536
PRGV:64519,64518,65536
PRGV:64522,64518,65536
PRGV:64522,64520,65536
PRGV:64524,64520,65536
PRGV:64524,64523,65536
PRGV:64527,64523,65536
PRGV:64527,64525,65536
PRGV:64528,64525,65536
PRGV:64528,64527,65536
PRGV:64531,64527,65536
PRGV:64531,64530,65536
PRGV:64533,64530,65536
PRGV:64533,64532,65536
PRGV:64535,64532,65536
PRGV:64535,64534,65536
PRGV:64538,64534,65536
PRGV:64538,64537,65536
PRGV:64540,64537,65536
PRGV:64540,64539,65536
PRGV:64543,64539,65536
PRGV:64543,64541,65536
PRGV:64545,64541,65536
PRGV:64545,64543,65536
PRGV:64547,64543,65536
PRGV:64547,64546,65536
PRGV:64549,64546,65536
PRGV:64549,64548,65536
PRGV:64551,64548,65536
PRGV:64551,64550,65536
PRGV:64554,64550,65536
PRGV:64554,64552,65536
PRGV:64556,64552,65536
PRGV:64556,64554,65536
PRGV:64559,64554,65536
PRGV:64559,64557,65536
PRGV:64561,64557,65536
PRGV:64561,64559,65536
PRGV:64563,64559,65536
PRGV:64563,64562,65536
PRGV:64566,64562,65536
PRGV:64566,64564,65536
PRGV:64567,64564,65536
PRGV:64567,64566,65536
PRGV:64570,64566,65536
PRGV:64570,64568,65536
PRGV:64572,64568,65536
PRGV:64572,64571,65536
PRGV:64575,64571,65536
PRGV:64575,64573,65536
PRGV:64577,64573,65536
PRGV:64577,64575,65536
PRGV:64579,64575,65536
PRGV:64579,64578,65536
PRGV:64582,64578,65536
PRGV:64582,64580,65536
PRGV:64584,64580,65536
PRGV:64584,64582,65536
PRGV:64586,64582,65536
PRGV:64586,64584,65536
PRGV:64588,64584,65536
PRGV:64588,64586,65536
PRGV:64590,64586,65536
PRGV:64590,64589,65536
PRGV:64593,64589,65536
PRGV:64593,64591,65536
PRGV:64595,64591,65536
PRGV:64595,64594,65536
PRGV:64597,64594,65536
PRGV:64597,64596,65536
PRGV:64600,64596,65536
PRGV:64600,64598,65536
PRGV:64602,64598,65536
PRGV:64602,64601,65536
PRGV:64604,64601,65536
PRGV:64604,64603,65536
PRGV:64606,64603,65536
PRGV:64606,64605,65536
PRGV:64609,64605,65536
PRGV:64609,64607,65536
PRGV:64611,64607,65536
PRGV:64611,64609,65536
PRGV:64613,64609,65536
PRGV:64613,64612,65536
PRGV:64615,64612,65536
PRGV:64615,64614,65536
PRGV:64618,64614,65536
PRGV:64618,64617,65536
PRGV:64620,64617,65536
PRGV:64620,64619,65536
PRGV:64622,64619,65536
PRGV:64622,64621,65536
PRGV:64625,64621,65536
PRGV:64625,64623,65536
PRGV:64626,64623,65536
PRGV:64626,64625,65536
PRGV:64629,64625,65536
PRGV:64629,64628,65536
PRGV:64631,64628,65536
PRGV:64631,64630,65536
PRGV:64633,64630,65536
PRGV:64633,64632,65536
PRGV:64636,64632,65536
PRGV:64636,64634,65536
PRGV:64638,64634,65536
PRGV:64638,64637,65536
PRGV:64641,64637,65536
PRGV:64641,64639,65536
PRGV:64643,64639,65536
PRGV:64643,64641,65536
PRGV:64645,64641,65536
PRGV:64645,64644,65536
PRGV:64647,64644,65536
PRGV:64647,64646,65536
PRGV:64649,64646,65536
PRGV:64649,64648,65536
PRGV:64652,64648,65536
PRGV:64652,64650,65536
PRGV:64654,64650,65536
PRGV:64654,64652,65536
PRGV:64656,64652,65536
PRGV:64656,64655,65536
PRGV:64658,64655,65536
PRGV:64658,64657,65536
PRGV:64661,64657,65536
PRGV:64661,64660,65536
PRGV:64663,64660,65536
PRGV:64663,64662,65536
PRGV:64665,64662,65536
PRGV:64665,64664,65536
PRGV:64668,64664,65536
PRGV:64668,64666,65536
PRGV:64670,64666,65536
PRGV:64670,64668,65536
PRGV:64672,64668,65536
PRGV:64672,64671,65536
PRGV:64675,64671,65536
PRGV:64675,64673,65536
PRGV:65158,64673,65536
PRGV:65158,65156,65536
PRGV:65160,65156,65536
PRGV:65160,65159,65536
PRGV:65162,65159,65536
PRGV:65162,65161,65536
PRGV:65164,65161,65536
PRGV:65164,65163,65536
PRGV:65167,65163,65536
PRGV:65167,65165,65536
PRGV:65169,65165,65536
PRGV:65169,65167,65536
PRGV:65172,65167,65536
PRGV:65172,65170,65536
PRGV:65174,65170,65536
PRGV:65174,65172,65536
PRGV:65176,65172,65536
PRGV:65176,65175,65536
PRGV:65178,65175,65536
PRGV:65178,65176,65536
PRGV:65180,65176,65536
PRGV:65180,65178,65536
PRGV:65182,65178,65536
PRGV:65182,65181,65536
PRGV:65184,65181,65536
PRGV:65184,65183,65536
PRGV:65187,65183,65536
PRGV:65187,65185,65536
PRGV:65189,65185,65536
PRGV:65189,65187,65536
PRGV:65191,65187,65536
PRGV:65191,65190,65536
PRGV:65194,65190,65536
PRGV:65194,65192,65536
PRGV:65196,65192,65536
PRGV:65196,65194,65536
PRGV:65198,65194,65536
PRGV:65198,65197,65536
PRGV:65200,65197,65536
PRGV:65200,65199,65536
PRGV:65202,65199,65536
PRGV:65202,65201,65536
PRGV:65204,65201,65536
PRGV:65204,65203,65536
PRGV:65206,65203,65536
PRGV:65206,65205,65536
PRGV:65209,65205,65536
PRGV:65209,65207,65536
PRGV:65211,65207,65536
PRGV:65211,65209,65536
PRGV:65213,65209,65536
PRGV:65213,65212,65536
PRGV:65215,65212,65536
PRGV:65215,65214,65536
PRGV:65218,65214,65536
PRGV:65218,65216,65536
PRGV:65220,65216,65536
PRGV:65220,65219,65536
PRGV:65222,65219,65536
PRGV:65222,65221,65536
PRGV:65224,65221,65536
PRGV:65224,65223,65536
PRGV:65225,65223,65536
PRGV:65226,65223,65536
PRGV:65226,65225,65536
PRGV:65228,65225,65536
PRGV:65228,65227,65536
PRGV:65231,65227,65536
PRGV:65231,65229,65536
PRGV:65233,65229,65536
PRGV:65233,65231,65536
PRGV:65235,65231,65536
PRGV:65235,65234,65536
PRGV:65237,65234,65536
PRGV:65237,65236,65536
PRGV:65239,65236,65536
PRGV:65239,65238,65536
PRGV:65242,65238,65536
PRGV:65242,65241,65536
PRGV:65244,65241,65536
PRGV:65244,65243,65536
PRGV:65246,65243,65536
PRGV:65246,65245,65536
PRGV:65248,65245,65536
PRGV:65248,65247,65536
PRGV:65250,65247,65536
PRGV:65250,65249,65536
PRGV:65253,65249,65536
PRGV:65253,65251,65536
PRGV:65255,65251,65536
PRGV:65255,65253,65536
PRGV:65257,65253,65536
PRGV:65257,65256,65536
PRGV:65259,65256,65536
PRGV:65259,65258,65536
PRGV:65261,65258,65536
PRGV:65261,65260,65536
PRGV:65264,65260,65536
PRGV:65264,65263,65536
PRGV:65266,65263,65536
PRGV:65266,65265,65536
PRGV:65269,65265,65536
PRGV:65269,65267,65536
PRGV:65270,65267,65536
PRGV:65270,65269,65536
PRGV:65272,65269,65536
PRGV:65272,65271,65536
PRGV:65275,65271,65536
PRGV:65275,65273,65536
PRGV:65277,65273,65536
PRGV:65277,65275,65536
PRGV:65279,65275,65536
PRGV:65279,65278,65536
PRGV:65281,65278,65536
PRGV:65281,65280,65536
PRGV:65283,65280,65536
PRGV:65283,65282,65536
PRGV:65286,65282,65536
